# File last opened on Wed May  1 16:16:08 2024
# We are writing, in that order, G-matrix location, A-matrix location, G connectance, G nestedness, A connectance, A nestedness, A-mode, alpha0 value, total number of simulations, proportion of feasible, stable, unstable, marginal and dominant eigenvalue
# File last opened on Wed May  1 16:16:08 2024
# We are writing, in that order, G-matrix location, A-matrix location, G connectance, G nestedness, A connectance, A nestedness, A-mode, alpha0 value, total number of simulations, proportion of feasible, stable, unstable, marginal and dominant eigenvalue
matrices/Nr25_Nc25/consumption/RandTrix_Nr25_Nc25_Nest0.15_Conn0.08.txt matrices/Nr25_Nc25/syntrophy/optimized_gamma0=0.5/seed_0 0.0816 0.15 0.0560000000000001 0.303030303030303 user_input 0.014 100000 0 0 0 0 -nan
matrices/Nr25_Nc25/consumption/RandTrix_Nr25_Nc25_Nest0.15_Conn0.12.txt matrices/Nr25_Nc25/syntrophy/optimized_gamma0=0.5/seed_0 0.12 0.151419558359621 0.1264 0.19935691318328 user_input 0.014 100000 0 0 0 0 -nan
matrices/Nr25_Nc25/consumption/RandTrix_Nr25_Nc25_Nest0.15_Conn0.1808.txt matrices/Nr25_Nc25/syntrophy/optimized_gamma0=0.5/seed_0 0.1808 0.158059467918623 0.1888 0.1872 user_input 0.014 100000 0 0 0 0 -nan
matrices/Nr25_Nc25/consumption/RandTrix_Nr25_Nc25_Nest0.1_Conn0.0816.txt matrices/Nr25_Nc25/syntrophy/optimized_gamma0=0.5/seed_0 0.0816 0.1 0.0655999999999999 0.139442231075697 user_input 0.014 100000 0 0 0 0 -nan
matrices/Nr25_Nc25/consumption/RandTrix_Nr25_Nc25_Nest0.15_Conn0.08.txt matrices/Nr25_Nc25/syntrophy/optimized_gamma0=0.5/seed_0 0.0816 0.15 0 -nan user_input 0 100000 0.31797 0.31797 0 0 -4.50924302320161e-05
matrices/Nr25_Nc25/consumption/RandTrix_Nr25_Nc25_Nest0.1_Conn0.1296.txt matrices/Nr25_Nc25/syntrophy/optimized_gamma0=0.5/seed_0 0.1296 0.10479375696767 0.1296 0.119709794437727 user_input 0.014 100000 0 0 0 0 -nan
matrices/Nr25_Nc25/consumption/RandTrix_Nr25_Nc25_Nest0.25_Conn0.0832.txt matrices/Nr25_Nc25/syntrophy/optimized_gamma0=0.5/seed_0 0.0832 0.25 0.0816 0.383763837638376 user_input 0.014 100000 0 0 0 0 -nan
matrices/Nr25_Nc25/consumption/RandTrix_Nr25_Nc25_Nest0.25_Conn0.1392.txt matrices/Nr25_Nc25/syntrophy/optimized_gamma0=0.5/seed_0 0.1392 0.25 0.1552 0.234857849196539 user_input 0.014 100000 0 0 0 0 -nan
matrices/Nr25_Nc25/consumption/RandTrix_Nr25_Nc25_Nest0.25_Conn0.184.txt matrices/Nr25_Nc25/syntrophy/optimized_gamma0=0.5/seed_0 0.184 0.245901639344262 0.1968 0.263901147396293 user_input 0.014 100000 0 0 0 0 -nan
matrices/Nr25_Nc25/consumption/RandTrix_Nr25_Nc25_Nest0.25_Conn0.2336.txt matrices/Nr25_Nc25/syntrophy/optimized_gamma0=0.5/seed_0 0.2336 0.252631578947368 0.2448 0.301823092505064 user_input 0.014 100000 0 0 0 0 -nan
matrices/Nr25_Nc25/consumption/RandTrix_Nr25_Nc25_Nest0.2_Conn0.0896.txt matrices/Nr25_Nc25/syntrophy/optimized_gamma0=0.5/seed_0 0.0896 0.2 0.0832000000000001 0.185567010309278 user_input 0.014 100000 0 0 0 0 -nan
matrices/Nr25_Nc25/consumption/RandTrix_Nr25_Nc25_Nest0.2_Conn0.1328.txt matrices/Nr25_Nc25/syntrophy/optimized_gamma0=0.5/seed_0 0.1328 0.2 0.1488 0.244695898161245 user_input 0.014 100000 0 0 0 0 -nan
matrices/Nr25_Nc25/consumption/RandTrix_Nr25_Nc25_Nest0.2_Conn0.168.txt matrices/Nr25_Nc25/syntrophy/optimized_gamma0=0.5/seed_0 0.168 0.202270381836945 0.1808 0.241276171485543 user_input 0.014 100000 0 0 0 0 -nan
matrices/Nr25_Nc25/consumption/RandTrix_Nr25_Nc25_Nest0.15_Conn0.12.txt matrices/Nr25_Nc25/syntrophy/optimized_gamma0=0.5/seed_0 0.12 0.151419558359621 0 -nan user_input 0 100000 0.45055 0.45055 0 0 -1.27136313597274e-05
matrices/Nr25_Nc25/consumption/RandTrix_Nr25_Nc25_Nest0.35_Conn0.08.txt matrices/Nr25_Nc25/syntrophy/optimized_gamma0=0.5/seed_0 0.08 0.35 0.0703999999999999 0.419463087248322 user_input 0.014 100000 0 0 0 0 -nan
matrices/Nr25_Nc25/consumption/RandTrix_Nr25_Nc25_Nest0.35_Conn0.1328.txt matrices/Nr25_Nc25/syntrophy/optimized_gamma0=0.5/seed_0 0.1328 0.35 0.1536 0.325373134328358 user_input 0.014 100000 0 0 0 0 -nan
matrices/Nr25_Nc25/consumption/RandTrix_Nr25_Nc25_Nest0.35_Conn0.1712.txt matrices/Nr25_Nc25/syntrophy/optimized_gamma0=0.5/seed_0 0.1712 0.35 0.1968 0.290721649484536 user_input 0.014 100000 0 0 0 0 -nan
matrices/Nr25_Nc25/consumption/RandTrix_Nr25_Nc25_Nest0.35_Conn0.2208.txt matrices/Nr25_Nc25/syntrophy/optimized_gamma0=0.5/seed_0 0.2208 0.347043701799486 0.256 0.345964912280702 user_input 0.014 100000 0 0 0 0 -nan
matrices/Nr25_Nc25/consumption/RandTrix_Nr25_Nc25_Nest0.35_Conn0.272.txt matrices/Nr25_Nc25/syntrophy/optimized_gamma0=0.5/seed_0 0.272 0.346769413159455 0.232 0.271092669432919 user_input 0.014 100000 0 0 0 0 -nan
matrices/Nr25_Nc25/consumption/RandTrix_Nr25_Nc25_Nest0.35_Conn0.3216.txt matrices/Nr25_Nc25/syntrophy/optimized_gamma0=0.5/seed_0 0.3216 0.354089219330855 0.288 0.338630136986301 user_input 0.014 100000 0 0 0 0 -nan
matrices/Nr25_Nc25/consumption/RandTrix_Nr25_Nc25_Nest0.3_Conn0.0816.txt matrices/Nr25_Nc25/syntrophy/optimized_gamma0=0.5/seed_0 0.0816 0.297435897435897 0.0752 0.28 user_input 0.014 100000 0 0 0 0 -nan
matrices/Nr25_Nc25/consumption/RandTrix_Nr25_Nc25_Nest0.3_Conn0.128.txt matrices/Nr25_Nc25/syntrophy/optimized_gamma0=0.5/seed_0 0.128 0.3 0.1408 0.320534223706177 user_input 0.014 100000 0 0 0 0 -nan
matrices/Nr25_Nc25/consumption/RandTrix_Nr25_Nc25_Nest0.15_Conn0.1808.txt matrices/Nr25_Nc25/syntrophy/optimized_gamma0=0.5/seed_0 0.1808 0.158059467918623 0 -nan user_input 0 100000 0.46354 0.46354 0 0 -6.84671422942947e-05
matrices/Nr25_Nc25/consumption/RandTrix_Nr25_Nc25_Nest0.3_Conn0.1776.txt matrices/Nr25_Nc25/syntrophy/optimized_gamma0=0.5/seed_0 0.1776 0.3 0.2064 0.317325800376648 user_input 0.014 100000 0 0 0 0 -nan
matrices/Nr25_Nc25/consumption/RandTrix_Nr25_Nc25_Nest0.3_Conn0.2272.txt matrices/Nr25_Nc25/syntrophy/optimized_gamma0=0.5/seed_0 0.2272 0.297439759036145 0.2336 0.289970930232559 user_input 0.014 100000 0 0 0 0 -nan
matrices/Nr25_Nc25/consumption/RandTrix_Nr25_Nc25_Nest0.3_Conn0.2816.txt matrices/Nr25_Nc25/syntrophy/optimized_gamma0=0.5/seed_0 0.2816 0.302762430939227 0.2608 0.294220665499124 user_input 0.014 100000 0 0 0 0 -nan
matrices/Nr25_Nc25/consumption/RandTrix_Nr25_Nc25_Nest0.45_Conn0.0816.txt matrices/Nr25_Nc25/syntrophy/optimized_gamma0=0.5/seed_0 0.0816 0.452 0.0736000000000001 0.671974522292994 user_input 0.014 100000 0 0 0 0 -nan
matrices/Nr25_Nc25/consumption/RandTrix_Nr25_Nc25_Nest0.45_Conn0.1232.txt matrices/Nr25_Nc25/syntrophy/optimized_gamma0=0.5/seed_0 0.1232 0.45 0.1168 0.276785714285714 user_input 0.014 100000 0 0 0 0 -nan
matrices/Nr25_Nc25/consumption/RandTrix_Nr25_Nc25_Nest0.45_Conn0.1856.txt matrices/Nr25_Nc25/syntrophy/optimized_gamma0=0.5/seed_0 0.1856 0.449874686716792 0.224 0.360103626943005 user_input 0.014 100000 0 0 0 0 -nan
matrices/Nr25_Nc25/consumption/RandTrix_Nr25_Nc25_Nest0.45_Conn0.216.txt matrices/Nr25_Nc25/syntrophy/optimized_gamma0=0.5/seed_0 0.216 0.45 0.2224 0.357805907172996 user_input 0.014 100000 0 0 0 0 -nan
matrices/Nr25_Nc25/consumption/RandTrix_Nr25_Nc25_Nest0.1_Conn0.0816.txt matrices/Nr25_Nc25/syntrophy/optimized_gamma0=0.5/seed_0 0.0816 0.1 0 -nan user_input 0 100000 0.45444 0.45444 0 0 -0.000184983923616181
matrices/Nr25_Nc25/consumption/RandTrix_Nr25_Nc25_Nest0.45_Conn0.2672.txt matrices/Nr25_Nc25/syntrophy/optimized_gamma0=0.5/seed_0 0.2672 0.446518305814788 0.2688 0.370873786407767 user_input 0.014 100000 0 0 0 0 -nan
matrices/Nr25_Nc25/consumption/RandTrix_Nr25_Nc25_Nest0.45_Conn0.3168.txt matrices/Nr25_Nc25/syntrophy/optimized_gamma0=0.5/seed_0 0.3168 0.445459430413756 0.2864 0.376518218623482 user_input 0.014 100000 0 0 0 0 -nan
matrices/Nr25_Nc25/consumption/RandTrix_Nr25_Nc25_Nest0.45_Conn0.384.txt matrices/Nr25_Nc25/syntrophy/optimized_gamma0=0.5/seed_0 0.384 0.452352708580467 0.2912 0.342019543973942 user_input 0.014 100000 0 0 0 0 -nan
matrices/Nr25_Nc25/consumption/RandTrix_Nr25_Nc25_Nest0.45_Conn0.424.txt matrices/Nr25_Nc25/syntrophy/optimized_gamma0=0.5/seed_0 0.424 0.454737583656217 0.3344 0.362800875273523 user_input 0.014 100000 0 0 0 0 -nan
matrices/Nr25_Nc25/consumption/RandTrix_Nr25_Nc25_Nest0.4_Conn0.0784.txt matrices/Nr25_Nc25/syntrophy/optimized_gamma0=0.5/seed_0 0.0784 0.4 0.0592 0.588516746411483 user_input 0.014 100000 0 0 0 0 -nan
matrices/Nr25_Nc25/consumption/RandTrix_Nr25_Nc25_Nest0.4_Conn0.1232.txt matrices/Nr25_Nc25/syntrophy/optimized_gamma0=0.5/seed_0 0.1232 0.399558498896247 0.1648 0.453168044077135 user_input 0.014 100000 0 0 0 0 -nan
matrices/Nr25_Nc25/consumption/RandTrix_Nr25_Nc25_Nest0.4_Conn0.2032.txt matrices/Nr25_Nc25/syntrophy/optimized_gamma0=0.5/seed_0 0.2032 0.4 0.2048 0.333976833976834 user_input 0.014 100000 0 0 0 0 -nan
matrices/Nr25_Nc25/consumption/RandTrix_Nr25_Nc25_Nest0.4_Conn0.2288.txt matrices/Nr25_Nc25/syntrophy/optimized_gamma0=0.5/seed_0 0.2288 0.4 0.2352 0.332275971451229 user_input 0.014 100000 0 0 0 0 -nan
matrices/Nr25_Nc25/consumption/RandTrix_Nr25_Nc25_Nest0.4_Conn0.272.txt matrices/Nr25_Nc25/syntrophy/optimized_gamma0=0.5/seed_0 0.272 0.397260273972603 0.2912 0.38560561732007 user_input 0.014 100000 0 0 0 0 -nan
matrices/Nr25_Nc25/consumption/RandTrix_Nr25_Nc25_Nest0.1_Conn0.1296.txt matrices/Nr25_Nc25/syntrophy/optimized_gamma0=0.5/seed_0 0.1296 0.10479375696767 0 -nan user_input 0 100000 0.54488 0.54485 0 3e-05 -1.1478345364579e-05
matrices/Nr25_Nc25/consumption/RandTrix_Nr25_Nc25_Nest0.4_Conn0.3312.txt matrices/Nr25_Nc25/syntrophy/optimized_gamma0=0.5/seed_0 0.3312 0.396235521235521 0.2976 0.340682414698163 user_input 0.014 100000 0 0 0 0 -nan
matrices/Nr25_Nc25/consumption/RandTrix_Nr25_Nc25_Nest0.4_Conn0.3712.txt matrices/Nr25_Nc25/syntrophy/optimized_gamma0=0.5/seed_0 0.3712 0.40494527766518 0.3264 0.356422018348623 user_input 0.014 100000 0 0 0 0 -nan
matrices/Nr25_Nc25/consumption/RandTrix_Nr25_Nc25_Nest0.55_Conn0.0992.txt matrices/Nr25_Nc25/syntrophy/optimized_gamma0=0.5/seed_0 0.0992 0.548109965635739 0.0879999999999999 0.50997150997151 user_input 0.014 100000 0 0 0 0 -nan
matrices/Nr25_Nc25/consumption/RandTrix_Nr25_Nc25_Nest0.55_Conn0.1248.txt matrices/Nr25_Nc25/syntrophy/optimized_gamma0=0.5/seed_0 0.1248 0.55 0.1136 0.428571428571429 user_input 0.014 100000 0 0 0 0 -nan
matrices/Nr25_Nc25/consumption/RandTrix_Nr25_Nc25_Nest0.55_Conn0.184.txt matrices/Nr25_Nc25/syntrophy/optimized_gamma0=0.5/seed_0 0.184 0.55019556714472 0.1904 0.428398058252428 user_input 0.014 100000 0 0 0 0 -nan
matrices/Nr25_Nc25/consumption/RandTrix_Nr25_Nc25_Nest0.25_Conn0.0832.txt matrices/Nr25_Nc25/syntrophy/optimized_gamma0=0.5/seed_0 0.0832 0.25 0 -nan user_input 0 100000 0.31773 0.31773 0 0 -0.000295727414776195
matrices/Nr25_Nc25/consumption/RandTrix_Nr25_Nc25_Nest0.55_Conn0.2304.txt matrices/Nr25_Nc25/syntrophy/optimized_gamma0=0.5/seed_0 0.2304 0.55 0.232 0.398994132439229 user_input 0.014 100000 0 0 0 0 -nan
matrices/Nr25_Nc25/consumption/RandTrix_Nr25_Nc25_Nest0.55_Conn0.3024.txt matrices/Nr25_Nc25/syntrophy/optimized_gamma0=0.5/seed_0 0.3024 0.550095724313976 0.2736 0.379807692307692 user_input 0.014 100000 0 0 0 0 -nan
matrices/Nr25_Nc25/consumption/RandTrix_Nr25_Nc25_Nest0.55_Conn0.3344.txt matrices/Nr25_Nc25/syntrophy/optimized_gamma0=0.5/seed_0 0.3344 0.547425474254743 0.2864 0.366262276140959 user_input 0.014 100000 0 0 0 0 -nan
matrices/Nr25_Nc25/consumption/RandTrix_Nr25_Nc25_Nest0.55_Conn0.3824.txt matrices/Nr25_Nc25/syntrophy/optimized_gamma0=0.5/seed_0 0.3824 0.547794117647059 0.3088 0.371699053313403 user_input 0.014 100000 0 0 0 0 -nan
matrices/Nr25_Nc25/consumption/RandTrix_Nr25_Nc25_Nest0.55_Conn0.4176.txt matrices/Nr25_Nc25/syntrophy/optimized_gamma0=0.5/seed_0 0.4176 0.546571541815299 0.3072 0.35832083958021 user_input 0.014 100000 0 0 0 0 -nan
matrices/Nr25_Nc25/consumption/RandTrix_Nr25_Nc25_Nest0.25_Conn0.1392.txt matrices/Nr25_Nc25/syntrophy/optimized_gamma0=0.5/seed_0 0.1392 0.25 0 -nan user_input 0 100000 0.31907 0.31907 0 0 -3.24330495638066e-05
matrices/Nr25_Nc25/consumption/RandTrix_Nr25_Nc25_Nest0.5_Conn0.0912.txt matrices/Nr25_Nc25/syntrophy/optimized_gamma0=0.5/seed_0 0.0912 0.50278293135436 0.0832000000000001 0.445121951219512 user_input 0.014 100000 0 0 0 0 -nan
matrices/Nr25_Nc25/consumption/RandTrix_Nr25_Nc25_Nest0.5_Conn0.1248.txt matrices/Nr25_Nc25/syntrophy/optimized_gamma0=0.5/seed_0 0.1248 0.5 0.1312 0.388118811881188 user_input 0.014 100000 0 0 0 0 -nan
matrices/Nr25_Nc25/consumption/RandTrix_Nr25_Nc25_Nest0.5_Conn0.1744.txt matrices/Nr25_Nc25/syntrophy/optimized_gamma0=0.5/seed_0 0.1744 0.5 0.2112 0.395209580838324 user_input 0.014 100000 0 0 0 0 -nan
matrices/Nr25_Nc25/consumption/RandTrix_Nr25_Nc25_Nest0.5_Conn0.2496.txt matrices/Nr25_Nc25/syntrophy/optimized_gamma0=0.5/seed_0 0.2496 0.5 0.248 0.404354587869363 user_input 0.014 100000 0 0 0 0 -nan
matrices/Nr25_Nc25/consumption/RandTrix_Nr25_Nc25_Nest0.5_Conn0.2928.txt matrices/Nr25_Nc25/syntrophy/optimized_gamma0=0.5/seed_0 0.2928 0.5 0.2896 0.371072910491997 user_input 0.014 100000 0 0 0 0 -nan
matrices/Nr25_Nc25/consumption/RandTrix_Nr25_Nc25_Nest0.25_Conn0.184.txt matrices/Nr25_Nc25/syntrophy/optimized_gamma0=0.5/seed_0 0.184 0.245901639344262 0 -nan user_input 0 100000 0.32886 0.32885 0 1e-05 -2.71301424311567e-06
matrices/Nr25_Nc25/consumption/RandTrix_Nr25_Nc25_Nest0.5_Conn0.32.txt matrices/Nr25_Nc25/syntrophy/optimized_gamma0=0.5/seed_0 0.32 0.498845265588915 0.2832 0.414462081128748 user_input 0.014 100000 0 0 0 0 -nan
matrices/Nr25_Nc25/consumption/RandTrix_Nr25_Nc25_Nest0.5_Conn0.3824.txt matrices/Nr25_Nc25/syntrophy/optimized_gamma0=0.5/seed_0 0.3824 0.496305953933073 0.32 0.367149758454107 user_input 0.014 100000 0 0 0 0 -nan
matrices/Nr25_Nc25/consumption/RandTrix_Nr25_Nc25_Nest0.5_Conn0.416.txt matrices/Nr25_Nc25/syntrophy/optimized_gamma0=0.5/seed_0 0.416 0.504988488104375 0.3408 0.419516643866849 user_input 0.014 100000 0 0 0 0 -nan
matrices/Nr25_Nc25/consumption/RandTrix_Nr25_Nc25_Nest0.6_Conn0.12.txt matrices/Nr25_Nc25/syntrophy/optimized_gamma0=0.5/seed_0 0.12 0.6 0.1136 0.365591397849462 user_input 0.014 100000 0 0 0 0 -nan
matrices/Nr25_Nc25/consumption/RandTrix_Nr25_Nc25_Nest0.6_Conn0.16.txt matrices/Nr25_Nc25/syntrophy/optimized_gamma0=0.5/seed_0 0.16 0.6 0.152 0.347222222222223 user_input 0.014 100000 0 0 0 0 -nan
matrices/Nr25_Nc25/consumption/RandTrix_Nr25_Nc25_Nest0.6_Conn0.2048.txt matrices/Nr25_Nc25/syntrophy/optimized_gamma0=0.5/seed_0 0.2048 0.6 0.1904 0.333680917622523 user_input 0.014 100000 0 0 0 0 -nan
matrices/Nr25_Nc25/consumption/RandTrix_Nr25_Nc25_Nest0.25_Conn0.2336.txt matrices/Nr25_Nc25/syntrophy/optimized_gamma0=0.5/seed_0 0.2336 0.252631578947368 0 -nan user_input 0 100000 0.33893 0.33893 0 0 -5.88715035689781e-05
matrices/Nr25_Nc25/consumption/RandTrix_Nr25_Nc25_Nest0.6_Conn0.3168.txt matrices/Nr25_Nc25/syntrophy/optimized_gamma0=0.5/seed_0 0.3168 0.599869024230517 0.288 0.463516746411483 user_input 0.014 100000 0 0 0 0 -nan
matrices/Nr25_Nc25/consumption/RandTrix_Nr25_Nc25_Nest0.6_Conn0.3712.txt matrices/Nr25_Nc25/syntrophy/optimized_gamma0=0.5/seed_0 0.3712 0.595085995085995 0.3056 0.387448132780083 user_input 0.014 100000 0 0 0 0 -nan
matrices/Nr25_Nc25/consumption/RandTrix_Nr25_Nc25_Nest0.6_Conn0.44.txt matrices/Nr25_Nc25/syntrophy/optimized_gamma0=0.5/seed_0 0.44 0.6 0.3472 0.441506051098163 user_input 0.014 100000 0 0 0 0 -nan
# File last opened on Wed May  1 16:49:22 2024
# We are writing, in that order, G-matrix location, A-matrix location, G connectance, G nestedness, A connectance, A nestedness, A-mode, alpha0 value, total number of simulations, proportion of feasible, stable, unstable, marginal and dominant eigenvalue
matrices/Nr25_Nc25/consumption/RandTrix_Nr25_Nc25_Nest0.15_Conn0.08.txt matrices/Nr25_Nc25/syntrophy/optimized_gamma0=0.5/seed_0 0.0816 0.15 0.0560000000000001 0.303030303030303 user_input 0.0039 100000 0 0 0 0 -nan
matrices/Nr25_Nc25/consumption/RandTrix_Nr25_Nc25_Nest0.2_Conn0.0896.txt matrices/Nr25_Nc25/syntrophy/optimized_gamma0=0.5/seed_0 0.0896 0.2 0 -nan user_input 0 100000 0.27841 0.27841 0 0 -3.05757624998559e-05
matrices/Nr25_Nc25/consumption/RandTrix_Nr25_Nc25_Nest0.15_Conn0.12.txt matrices/Nr25_Nc25/syntrophy/optimized_gamma0=0.5/seed_0 0.12 0.151419558359621 0.1264 0.19935691318328 user_input 0.0039 100000 0 0 0 0 -nan
matrices/Nr25_Nc25/consumption/RandTrix_Nr25_Nc25_Nest0.15_Conn0.1808.txt matrices/Nr25_Nc25/syntrophy/optimized_gamma0=0.5/seed_0 0.1808 0.158059467918623 0.1888 0.1872 user_input 0.0039 100000 0 0 0 0 -nan
matrices/Nr25_Nc25/consumption/RandTrix_Nr25_Nc25_Nest0.1_Conn0.0816.txt matrices/Nr25_Nc25/syntrophy/optimized_gamma0=0.5/seed_0 0.0816 0.1 0.0655999999999999 0.139442231075697 user_input 0.0039 100000 0 0 0 0 -nan
matrices/Nr25_Nc25/consumption/RandTrix_Nr25_Nc25_Nest0.1_Conn0.1296.txt matrices/Nr25_Nc25/syntrophy/optimized_gamma0=0.5/seed_0 0.1296 0.10479375696767 0.1296 0.119709794437727 user_input 0.0039 100000 0 0 0 0 -nan
matrices/Nr25_Nc25/consumption/RandTrix_Nr25_Nc25_Nest0.25_Conn0.0832.txt matrices/Nr25_Nc25/syntrophy/optimized_gamma0=0.5/seed_0 0.0832 0.25 0.0816 0.383763837638376 user_input 0.0039 100000 0 0 0 0 -nan
matrices/Nr25_Nc25/consumption/RandTrix_Nr25_Nc25_Nest0.25_Conn0.1392.txt matrices/Nr25_Nc25/syntrophy/optimized_gamma0=0.5/seed_0 0.1392 0.25 0.1552 0.234857849196539 user_input 0.0039 100000 0 0 0 0 -nan
matrices/Nr25_Nc25/consumption/RandTrix_Nr25_Nc25_Nest0.25_Conn0.184.txt matrices/Nr25_Nc25/syntrophy/optimized_gamma0=0.5/seed_0 0.184 0.245901639344262 0.1968 0.263901147396293 user_input 0.0039 100000 0 0 0 0 -nan
matrices/Nr25_Nc25/consumption/RandTrix_Nr25_Nc25_Nest0.2_Conn0.1328.txt matrices/Nr25_Nc25/syntrophy/optimized_gamma0=0.5/seed_0 0.1328 0.2 0 -nan user_input 0 100000 0.38978 0.38978 0 0 -3.82066695218698e-06
matrices/Nr25_Nc25/consumption/RandTrix_Nr25_Nc25_Nest0.25_Conn0.2336.txt matrices/Nr25_Nc25/syntrophy/optimized_gamma0=0.5/seed_0 0.2336 0.252631578947368 0.2448 0.301823092505064 user_input 0.0039 100000 0 0 0 0 -nan
matrices/Nr25_Nc25/consumption/RandTrix_Nr25_Nc25_Nest0.2_Conn0.0896.txt matrices/Nr25_Nc25/syntrophy/optimized_gamma0=0.5/seed_0 0.0896 0.2 0.0832000000000001 0.185567010309278 user_input 0.0039 100000 0 0 0 0 -nan
matrices/Nr25_Nc25/consumption/RandTrix_Nr25_Nc25_Nest0.2_Conn0.1328.txt matrices/Nr25_Nc25/syntrophy/optimized_gamma0=0.5/seed_0 0.1328 0.2 0.1488 0.244695898161245 user_input 0.0039 100000 0 0 0 0 -nan
matrices/Nr25_Nc25/consumption/RandTrix_Nr25_Nc25_Nest0.2_Conn0.168.txt matrices/Nr25_Nc25/syntrophy/optimized_gamma0=0.5/seed_0 0.168 0.202270381836945 0.1808 0.241276171485543 user_input 0.0039 100000 0 0 0 0 -nan
matrices/Nr25_Nc25/consumption/RandTrix_Nr25_Nc25_Nest0.35_Conn0.08.txt matrices/Nr25_Nc25/syntrophy/optimized_gamma0=0.5/seed_0 0.08 0.35 0.0703999999999999 0.419463087248322 user_input 0.0039 100000 0 0 0 0 -nan
matrices/Nr25_Nc25/consumption/RandTrix_Nr25_Nc25_Nest0.35_Conn0.1328.txt matrices/Nr25_Nc25/syntrophy/optimized_gamma0=0.5/seed_0 0.1328 0.35 0.1536 0.325373134328358 user_input 0.0039 100000 0 0 0 0 -nan
matrices/Nr25_Nc25/consumption/RandTrix_Nr25_Nc25_Nest0.2_Conn0.168.txt matrices/Nr25_Nc25/syntrophy/optimized_gamma0=0.5/seed_0 0.168 0.202270381836945 0 -nan user_input 0 100000 0.3708 0.3708 0 0 -1.11009746535062e-05
matrices/Nr25_Nc25/consumption/RandTrix_Nr25_Nc25_Nest0.35_Conn0.1712.txt matrices/Nr25_Nc25/syntrophy/optimized_gamma0=0.5/seed_0 0.1712 0.35 0.1968 0.290721649484536 user_input 0.0039 100000 0 0 0 0 -nan
matrices/Nr25_Nc25/consumption/RandTrix_Nr25_Nc25_Nest0.35_Conn0.2208.txt matrices/Nr25_Nc25/syntrophy/optimized_gamma0=0.5/seed_0 0.2208 0.347043701799486 0.256 0.345964912280702 user_input 0.0039 100000 0 0 0 0 -nan
matrices/Nr25_Nc25/consumption/RandTrix_Nr25_Nc25_Nest0.35_Conn0.272.txt matrices/Nr25_Nc25/syntrophy/optimized_gamma0=0.5/seed_0 0.272 0.346769413159455 0.232 0.271092669432919 user_input 0.0039 100000 0 0 0 0 -nan
matrices/Nr25_Nc25/consumption/RandTrix_Nr25_Nc25_Nest0.35_Conn0.08.txt matrices/Nr25_Nc25/syntrophy/optimized_gamma0=0.5/seed_0 0.08 0.35 0 -nan user_input 0 100000 0.20209 0.20209 0 0 -9.90258238298535e-05
matrices/Nr25_Nc25/consumption/RandTrix_Nr25_Nc25_Nest0.35_Conn0.3216.txt matrices/Nr25_Nc25/syntrophy/optimized_gamma0=0.5/seed_0 0.3216 0.354089219330855 0.288 0.338630136986301 user_input 0.0039 100000 0 0 0 0 -nan
matrices/Nr25_Nc25/consumption/RandTrix_Nr25_Nc25_Nest0.3_Conn0.0816.txt matrices/Nr25_Nc25/syntrophy/optimized_gamma0=0.5/seed_0 0.0816 0.297435897435897 0.0752 0.28 user_input 0.0039 100000 0 0 0 0 -nan
matrices/Nr25_Nc25/consumption/RandTrix_Nr25_Nc25_Nest0.3_Conn0.128.txt matrices/Nr25_Nc25/syntrophy/optimized_gamma0=0.5/seed_0 0.128 0.3 0.1408 0.320534223706177 user_input 0.0039 100000 0 0 0 0 -nan
matrices/Nr25_Nc25/consumption/RandTrix_Nr25_Nc25_Nest0.3_Conn0.1776.txt matrices/Nr25_Nc25/syntrophy/optimized_gamma0=0.5/seed_0 0.1776 0.3 0.2064 0.317325800376648 user_input 0.0039 100000 0 0 0 0 -nan
matrices/Nr25_Nc25/consumption/RandTrix_Nr25_Nc25_Nest0.35_Conn0.1328.txt matrices/Nr25_Nc25/syntrophy/optimized_gamma0=0.5/seed_0 0.1328 0.35 0 -nan user_input 0 100000 0.20171 0.20171 0 0 -8.6631865142271e-06
matrices/Nr25_Nc25/consumption/RandTrix_Nr25_Nc25_Nest0.3_Conn0.2272.txt matrices/Nr25_Nc25/syntrophy/optimized_gamma0=0.5/seed_0 0.2272 0.297439759036145 0.2336 0.289970930232559 user_input 0.0039 100000 0 0 0 0 -nan
matrices/Nr25_Nc25/consumption/RandTrix_Nr25_Nc25_Nest0.3_Conn0.2816.txt matrices/Nr25_Nc25/syntrophy/optimized_gamma0=0.5/seed_0 0.2816 0.302762430939227 0.2608 0.294220665499124 user_input 0.0039 100000 0 0 0 0 -nan
matrices/Nr25_Nc25/consumption/RandTrix_Nr25_Nc25_Nest0.45_Conn0.0816.txt matrices/Nr25_Nc25/syntrophy/optimized_gamma0=0.5/seed_0 0.0816 0.452 0.0736000000000001 0.671974522292994 user_input 0.0039 100000 0 0 0 0 -nan
matrices/Nr25_Nc25/consumption/RandTrix_Nr25_Nc25_Nest0.35_Conn0.1712.txt matrices/Nr25_Nc25/syntrophy/optimized_gamma0=0.5/seed_0 0.1712 0.35 0 -nan user_input 0 100000 0.21083 0.21083 0 0 -1.16053806045944e-06
matrices/Nr25_Nc25/consumption/RandTrix_Nr25_Nc25_Nest0.45_Conn0.1232.txt matrices/Nr25_Nc25/syntrophy/optimized_gamma0=0.5/seed_0 0.1232 0.45 0.1168 0.276785714285714 user_input 0.0039 100000 0 0 0 0 -nan
matrices/Nr25_Nc25/consumption/RandTrix_Nr25_Nc25_Nest0.45_Conn0.1856.txt matrices/Nr25_Nc25/syntrophy/optimized_gamma0=0.5/seed_0 0.1856 0.449874686716792 0.224 0.360103626943005 user_input 0.0039 100000 0 0 0 0 -nan
matrices/Nr25_Nc25/consumption/RandTrix_Nr25_Nc25_Nest0.45_Conn0.216.txt matrices/Nr25_Nc25/syntrophy/optimized_gamma0=0.5/seed_0 0.216 0.45 0.2224 0.357805907172996 user_input 0.0039 100000 0 0 0 0 -nan
matrices/Nr25_Nc25/consumption/RandTrix_Nr25_Nc25_Nest0.45_Conn0.2672.txt matrices/Nr25_Nc25/syntrophy/optimized_gamma0=0.5/seed_0 0.2672 0.446518305814788 0.2688 0.370873786407767 user_input 0.0039 100000 0 0 0 0 -nan
matrices/Nr25_Nc25/consumption/RandTrix_Nr25_Nc25_Nest0.45_Conn0.3168.txt matrices/Nr25_Nc25/syntrophy/optimized_gamma0=0.5/seed_0 0.3168 0.445459430413756 0.2864 0.376518218623482 user_input 0.0039 100000 0 0 0 0 -nan
matrices/Nr25_Nc25/consumption/RandTrix_Nr25_Nc25_Nest0.35_Conn0.2208.txt matrices/Nr25_Nc25/syntrophy/optimized_gamma0=0.5/seed_0 0.2208 0.347043701799486 0 -nan user_input 0 100000 0.27948 0.27948 0 0 -1.35703670272736e-06
matrices/Nr25_Nc25/consumption/RandTrix_Nr25_Nc25_Nest0.45_Conn0.384.txt matrices/Nr25_Nc25/syntrophy/optimized_gamma0=0.5/seed_0 0.384 0.452352708580467 0.2912 0.342019543973942 user_input 0.0039 100000 0 0 0 0 -nan
matrices/Nr25_Nc25/consumption/RandTrix_Nr25_Nc25_Nest0.45_Conn0.424.txt matrices/Nr25_Nc25/syntrophy/optimized_gamma0=0.5/seed_0 0.424 0.454737583656217 0.3344 0.362800875273523 user_input 0.0039 100000 0 0 0 0 -nan
matrices/Nr25_Nc25/consumption/RandTrix_Nr25_Nc25_Nest0.4_Conn0.0784.txt matrices/Nr25_Nc25/syntrophy/optimized_gamma0=0.5/seed_0 0.0784 0.4 0.0592 0.588516746411483 user_input 0.0039 100000 0 0 0 0 -nan
matrices/Nr25_Nc25/consumption/RandTrix_Nr25_Nc25_Nest0.4_Conn0.1232.txt matrices/Nr25_Nc25/syntrophy/optimized_gamma0=0.5/seed_0 0.1232 0.399558498896247 0.1648 0.453168044077135 user_input 0.0039 100000 0 0 0 0 -nan
matrices/Nr25_Nc25/consumption/RandTrix_Nr25_Nc25_Nest0.35_Conn0.272.txt matrices/Nr25_Nc25/syntrophy/optimized_gamma0=0.5/seed_0 0.272 0.346769413159455 0 -nan user_input 0 100000 0.27245 0.27245 0 0 -3.47292133426089e-05
matrices/Nr25_Nc25/consumption/RandTrix_Nr25_Nc25_Nest0.4_Conn0.2032.txt matrices/Nr25_Nc25/syntrophy/optimized_gamma0=0.5/seed_0 0.2032 0.4 0.2048 0.333976833976834 user_input 0.0039 100000 0 0 0 0 -nan
matrices/Nr25_Nc25/consumption/RandTrix_Nr25_Nc25_Nest0.4_Conn0.2288.txt matrices/Nr25_Nc25/syntrophy/optimized_gamma0=0.5/seed_0 0.2288 0.4 0.2352 0.332275971451229 user_input 0.0039 100000 0 0 0 0 -nan
matrices/Nr25_Nc25/consumption/RandTrix_Nr25_Nc25_Nest0.4_Conn0.272.txt matrices/Nr25_Nc25/syntrophy/optimized_gamma0=0.5/seed_0 0.272 0.397260273972603 0.2912 0.38560561732007 user_input 0.0039 100000 0 0 0 0 -nan
matrices/Nr25_Nc25/consumption/RandTrix_Nr25_Nc25_Nest0.4_Conn0.3312.txt matrices/Nr25_Nc25/syntrophy/optimized_gamma0=0.5/seed_0 0.3312 0.396235521235521 0.2976 0.340682414698163 user_input 0.0039 100000 0 0 0 0 -nan
matrices/Nr25_Nc25/consumption/RandTrix_Nr25_Nc25_Nest0.35_Conn0.3216.txt matrices/Nr25_Nc25/syntrophy/optimized_gamma0=0.5/seed_0 0.3216 0.354089219330855 0 -nan user_input 0 100000 0.27104 0.27104 0 0 -1.03413868705331e-05
matrices/Nr25_Nc25/consumption/RandTrix_Nr25_Nc25_Nest0.4_Conn0.3712.txt matrices/Nr25_Nc25/syntrophy/optimized_gamma0=0.5/seed_0 0.3712 0.40494527766518 0.3264 0.356422018348623 user_input 0.0039 100000 0 0 0 0 -nan
matrices/Nr25_Nc25/consumption/RandTrix_Nr25_Nc25_Nest0.55_Conn0.0992.txt matrices/Nr25_Nc25/syntrophy/optimized_gamma0=0.5/seed_0 0.0992 0.548109965635739 0.0879999999999999 0.50997150997151 user_input 0.0039 100000 0 0 0 0 -nan
matrices/Nr25_Nc25/consumption/RandTrix_Nr25_Nc25_Nest0.55_Conn0.1248.txt matrices/Nr25_Nc25/syntrophy/optimized_gamma0=0.5/seed_0 0.1248 0.55 0.1136 0.428571428571429 user_input 0.0039 100000 0 0 0 0 -nan
matrices/Nr25_Nc25/consumption/RandTrix_Nr25_Nc25_Nest0.55_Conn0.184.txt matrices/Nr25_Nc25/syntrophy/optimized_gamma0=0.5/seed_0 0.184 0.55019556714472 0.1904 0.428398058252428 user_input 0.0039 100000 0 0 0 0 -nan
matrices/Nr25_Nc25/consumption/RandTrix_Nr25_Nc25_Nest0.3_Conn0.0816.txt matrices/Nr25_Nc25/syntrophy/optimized_gamma0=0.5/seed_0 0.0816 0.297435897435897 0 -nan user_input 0 100000 0.26197 0.26197 0 0 -0.000159776814072058
matrices/Nr25_Nc25/consumption/RandTrix_Nr25_Nc25_Nest0.55_Conn0.2304.txt matrices/Nr25_Nc25/syntrophy/optimized_gamma0=0.5/seed_0 0.2304 0.55 0.232 0.398994132439229 user_input 0.0039 100000 0 0 0 0 -nan
matrices/Nr25_Nc25/consumption/RandTrix_Nr25_Nc25_Nest0.55_Conn0.3024.txt matrices/Nr25_Nc25/syntrophy/optimized_gamma0=0.5/seed_0 0.3024 0.550095724313976 0.2736 0.379807692307692 user_input 0.0039 100000 0 0 0 0 -nan
matrices/Nr25_Nc25/consumption/RandTrix_Nr25_Nc25_Nest0.55_Conn0.3344.txt matrices/Nr25_Nc25/syntrophy/optimized_gamma0=0.5/seed_0 0.3344 0.547425474254743 0.2864 0.366262276140959 user_input 0.0039 100000 0 0 0 0 -nan
matrices/Nr25_Nc25/consumption/RandTrix_Nr25_Nc25_Nest0.55_Conn0.3824.txt matrices/Nr25_Nc25/syntrophy/optimized_gamma0=0.5/seed_0 0.3824 0.547794117647059 0.3088 0.371699053313403 user_input 0.0039 100000 0 0 0 0 -nan
matrices/Nr25_Nc25/consumption/RandTrix_Nr25_Nc25_Nest0.3_Conn0.128.txt matrices/Nr25_Nc25/syntrophy/optimized_gamma0=0.5/seed_0 0.128 0.3 0 -nan user_input 0 100000 0.23594 0.23594 0 0 -1.45510208894827e-05
matrices/Nr25_Nc25/consumption/RandTrix_Nr25_Nc25_Nest0.55_Conn0.4176.txt matrices/Nr25_Nc25/syntrophy/optimized_gamma0=0.5/seed_0 0.4176 0.546571541815299 0.3072 0.35832083958021 user_input 0.0039 100000 0 0 0 0 -nan
matrices/Nr25_Nc25/consumption/RandTrix_Nr25_Nc25_Nest0.5_Conn0.0912.txt matrices/Nr25_Nc25/syntrophy/optimized_gamma0=0.5/seed_0 0.0912 0.50278293135436 0.0832000000000001 0.445121951219512 user_input 0.0039 100000 0 0 0 0 -nan
matrices/Nr25_Nc25/consumption/RandTrix_Nr25_Nc25_Nest0.5_Conn0.1248.txt matrices/Nr25_Nc25/syntrophy/optimized_gamma0=0.5/seed_0 0.1248 0.5 0.1312 0.388118811881188 user_input 0.0039 100000 0 0 0 0 -nan
matrices/Nr25_Nc25/consumption/RandTrix_Nr25_Nc25_Nest0.5_Conn0.1744.txt matrices/Nr25_Nc25/syntrophy/optimized_gamma0=0.5/seed_0 0.1744 0.5 0.2112 0.395209580838324 user_input 0.0039 100000 0 0 0 0 -nan
matrices/Nr25_Nc25/consumption/RandTrix_Nr25_Nc25_Nest0.5_Conn0.2496.txt matrices/Nr25_Nc25/syntrophy/optimized_gamma0=0.5/seed_0 0.2496 0.5 0.248 0.404354587869363 user_input 0.0039 100000 0 0 0 0 -nan
matrices/Nr25_Nc25/consumption/RandTrix_Nr25_Nc25_Nest0.5_Conn0.2928.txt matrices/Nr25_Nc25/syntrophy/optimized_gamma0=0.5/seed_0 0.2928 0.5 0.2896 0.371072910491997 user_input 0.0039 100000 0 0 0 0 -nan
matrices/Nr25_Nc25/consumption/RandTrix_Nr25_Nc25_Nest0.3_Conn0.1776.txt matrices/Nr25_Nc25/syntrophy/optimized_gamma0=0.5/seed_0 0.1776 0.3 0 -nan user_input 0 100000 0.32869 0.32869 0 0 -3.35008789351537e-05
matrices/Nr25_Nc25/consumption/RandTrix_Nr25_Nc25_Nest0.5_Conn0.32.txt matrices/Nr25_Nc25/syntrophy/optimized_gamma0=0.5/seed_0 0.32 0.498845265588915 0.2832 0.414462081128748 user_input 0.0039 100000 0 0 0 0 -nan
matrices/Nr25_Nc25/consumption/RandTrix_Nr25_Nc25_Nest0.5_Conn0.3824.txt matrices/Nr25_Nc25/syntrophy/optimized_gamma0=0.5/seed_0 0.3824 0.496305953933073 0.32 0.367149758454107 user_input 0.0039 100000 0 0 0 0 -nan
matrices/Nr25_Nc25/consumption/RandTrix_Nr25_Nc25_Nest0.5_Conn0.416.txt matrices/Nr25_Nc25/syntrophy/optimized_gamma0=0.5/seed_0 0.416 0.504988488104375 0.3408 0.419516643866849 user_input 0.0039 100000 0 0 0 0 -nan
matrices/Nr25_Nc25/consumption/RandTrix_Nr25_Nc25_Nest0.6_Conn0.12.txt matrices/Nr25_Nc25/syntrophy/optimized_gamma0=0.5/seed_0 0.12 0.6 0.1136 0.365591397849462 user_input 0.0039 100000 0 0 0 0 -nan
matrices/Nr25_Nc25/consumption/RandTrix_Nr25_Nc25_Nest0.6_Conn0.16.txt matrices/Nr25_Nc25/syntrophy/optimized_gamma0=0.5/seed_0 0.16 0.6 0.152 0.347222222222223 user_input 0.0039 100000 0 0 0 0 -nan
matrices/Nr25_Nc25/consumption/RandTrix_Nr25_Nc25_Nest0.3_Conn0.2272.txt matrices/Nr25_Nc25/syntrophy/optimized_gamma0=0.5/seed_0 0.2272 0.297439759036145 0 -nan user_input 0 100000 0.31361 0.31361 0 0 -3.22364309649353e-05
matrices/Nr25_Nc25/consumption/RandTrix_Nr25_Nc25_Nest0.6_Conn0.2048.txt matrices/Nr25_Nc25/syntrophy/optimized_gamma0=0.5/seed_0 0.2048 0.6 0.1904 0.333680917622523 user_input 0.0039 100000 0 0 0 0 -nan
matrices/Nr25_Nc25/consumption/RandTrix_Nr25_Nc25_Nest0.6_Conn0.3168.txt matrices/Nr25_Nc25/syntrophy/optimized_gamma0=0.5/seed_0 0.3168 0.599869024230517 0.288 0.463516746411483 user_input 0.0039 100000 0 0 0 0 -nan
matrices/Nr25_Nc25/consumption/RandTrix_Nr25_Nc25_Nest0.6_Conn0.3712.txt matrices/Nr25_Nc25/syntrophy/optimized_gamma0=0.5/seed_0 0.3712 0.595085995085995 0.3056 0.387448132780083 user_input 0.0039 100000 0 0 0 0 -nan
matrices/Nr25_Nc25/consumption/RandTrix_Nr25_Nc25_Nest0.6_Conn0.44.txt matrices/Nr25_Nc25/syntrophy/optimized_gamma0=0.5/seed_0 0.44 0.6 0.3472 0.441506051098163 user_input 0.0039 100000 0 0 0 0 -nan
# File last opened on Wed May  1 17:22:09 2024
# We are writing, in that order, G-matrix location, A-matrix location, G connectance, G nestedness, A connectance, A nestedness, A-mode, alpha0 value, total number of simulations, proportion of feasible, stable, unstable, marginal and dominant eigenvalue
matrices/Nr25_Nc25/consumption/RandTrix_Nr25_Nc25_Nest0.15_Conn0.08.txt matrices/Nr25_Nc25/syntrophy/optimized_gamma0=0.5/seed_0 0.0816 0.15 0.0560000000000001 0.303030303030303 user_input 0.0091 100000 0 0 0 0 -nan
matrices/Nr25_Nc25/consumption/RandTrix_Nr25_Nc25_Nest0.3_Conn0.2816.txt matrices/Nr25_Nc25/syntrophy/optimized_gamma0=0.5/seed_0 0.2816 0.302762430939227 0 -nan user_input 0 100000 0.32315 0.32315 0 0 -1.27525450395958e-05
matrices/Nr25_Nc25/consumption/RandTrix_Nr25_Nc25_Nest0.15_Conn0.12.txt matrices/Nr25_Nc25/syntrophy/optimized_gamma0=0.5/seed_0 0.12 0.151419558359621 0.1264 0.19935691318328 user_input 0.0091 100000 0 0 0 0 -nan
matrices/Nr25_Nc25/consumption/RandTrix_Nr25_Nc25_Nest0.15_Conn0.1808.txt matrices/Nr25_Nc25/syntrophy/optimized_gamma0=0.5/seed_0 0.1808 0.158059467918623 0.1888 0.1872 user_input 0.0091 100000 0 0 0 0 -nan
matrices/Nr25_Nc25/consumption/RandTrix_Nr25_Nc25_Nest0.45_Conn0.0816.txt matrices/Nr25_Nc25/syntrophy/optimized_gamma0=0.5/seed_0 0.0816 0.452 0 -nan user_input 0 100000 0.17461 0.17461 0 0 -7.06059340425653e-05
matrices/Nr25_Nc25/consumption/RandTrix_Nr25_Nc25_Nest0.1_Conn0.0816.txt matrices/Nr25_Nc25/syntrophy/optimized_gamma0=0.5/seed_0 0.0816 0.1 0.0655999999999999 0.139442231075697 user_input 0.0091 100000 0 0 0 0 -nan
matrices/Nr25_Nc25/consumption/RandTrix_Nr25_Nc25_Nest0.1_Conn0.1296.txt matrices/Nr25_Nc25/syntrophy/optimized_gamma0=0.5/seed_0 0.1296 0.10479375696767 0.1296 0.119709794437727 user_input 0.0091 100000 0 0 0 0 -nan
matrices/Nr25_Nc25/consumption/RandTrix_Nr25_Nc25_Nest0.25_Conn0.0832.txt matrices/Nr25_Nc25/syntrophy/optimized_gamma0=0.5/seed_0 0.0832 0.25 0.0816 0.383763837638376 user_input 0.0091 100000 0 0 0 0 -nan
matrices/Nr25_Nc25/consumption/RandTrix_Nr25_Nc25_Nest0.45_Conn0.1232.txt matrices/Nr25_Nc25/syntrophy/optimized_gamma0=0.5/seed_0 0.1232 0.45 0 -nan user_input 0 100000 0.18487 0.18487 0 0 -2.37036824563041e-05
matrices/Nr25_Nc25/consumption/RandTrix_Nr25_Nc25_Nest0.25_Conn0.1392.txt matrices/Nr25_Nc25/syntrophy/optimized_gamma0=0.5/seed_0 0.1392 0.25 0.1552 0.234857849196539 user_input 0.0091 100000 0 0 0 0 -nan
matrices/Nr25_Nc25/consumption/RandTrix_Nr25_Nc25_Nest0.25_Conn0.184.txt matrices/Nr25_Nc25/syntrophy/optimized_gamma0=0.5/seed_0 0.184 0.245901639344262 0.1968 0.263901147396293 user_input 0.0091 100000 0 0 0 0 -nan
matrices/Nr25_Nc25/consumption/RandTrix_Nr25_Nc25_Nest0.25_Conn0.2336.txt matrices/Nr25_Nc25/syntrophy/optimized_gamma0=0.5/seed_0 0.2336 0.252631578947368 0.2448 0.301823092505064 user_input 0.0091 100000 0 0 0 0 -nan
matrices/Nr25_Nc25/consumption/RandTrix_Nr25_Nc25_Nest0.2_Conn0.0896.txt matrices/Nr25_Nc25/syntrophy/optimized_gamma0=0.5/seed_0 0.0896 0.2 0.0832000000000001 0.185567010309278 user_input 0.0091 100000 0 0 0 0 -nan
matrices/Nr25_Nc25/consumption/RandTrix_Nr25_Nc25_Nest0.2_Conn0.1328.txt matrices/Nr25_Nc25/syntrophy/optimized_gamma0=0.5/seed_0 0.1328 0.2 0.1488 0.244695898161245 user_input 0.0091 100000 0 0 0 0 -nan
matrices/Nr25_Nc25/consumption/RandTrix_Nr25_Nc25_Nest0.45_Conn0.1856.txt matrices/Nr25_Nc25/syntrophy/optimized_gamma0=0.5/seed_0 0.1856 0.449874686716792 0 -nan user_input 0 100000 0.25785 0.25785 0 0 -1.79823232508125e-05
matrices/Nr25_Nc25/consumption/RandTrix_Nr25_Nc25_Nest0.2_Conn0.168.txt matrices/Nr25_Nc25/syntrophy/optimized_gamma0=0.5/seed_0 0.168 0.202270381836945 0.1808 0.241276171485543 user_input 0.0091 100000 0 0 0 0 -nan
matrices/Nr25_Nc25/consumption/RandTrix_Nr25_Nc25_Nest0.35_Conn0.08.txt matrices/Nr25_Nc25/syntrophy/optimized_gamma0=0.5/seed_0 0.08 0.35 0.0703999999999999 0.419463087248322 user_input 0.0091 100000 0 0 0 0 -nan
matrices/Nr25_Nc25/consumption/RandTrix_Nr25_Nc25_Nest0.35_Conn0.1328.txt matrices/Nr25_Nc25/syntrophy/optimized_gamma0=0.5/seed_0 0.1328 0.35 0.1536 0.325373134328358 user_input 0.0091 100000 0 0 0 0 -nan
matrices/Nr25_Nc25/consumption/RandTrix_Nr25_Nc25_Nest0.45_Conn0.216.txt matrices/Nr25_Nc25/syntrophy/optimized_gamma0=0.5/seed_0 0.216 0.45 0 -nan user_input 0 100000 0.19964 0.19964 0 0 -4.34073210318885e-06
matrices/Nr25_Nc25/consumption/RandTrix_Nr25_Nc25_Nest0.35_Conn0.1712.txt matrices/Nr25_Nc25/syntrophy/optimized_gamma0=0.5/seed_0 0.1712 0.35 0.1968 0.290721649484536 user_input 0.0091 100000 0 0 0 0 -nan
matrices/Nr25_Nc25/consumption/RandTrix_Nr25_Nc25_Nest0.35_Conn0.2208.txt matrices/Nr25_Nc25/syntrophy/optimized_gamma0=0.5/seed_0 0.2208 0.347043701799486 0.256 0.345964912280702 user_input 0.0091 100000 0 0 0 0 -nan
matrices/Nr25_Nc25/consumption/RandTrix_Nr25_Nc25_Nest0.35_Conn0.272.txt matrices/Nr25_Nc25/syntrophy/optimized_gamma0=0.5/seed_0 0.272 0.346769413159455 0.232 0.271092669432919 user_input 0.0091 100000 0 0 0 0 -nan
matrices/Nr25_Nc25/consumption/RandTrix_Nr25_Nc25_Nest0.35_Conn0.3216.txt matrices/Nr25_Nc25/syntrophy/optimized_gamma0=0.5/seed_0 0.3216 0.354089219330855 0.288 0.338630136986301 user_input 0.0091 100000 0 0 0 0 -nan
matrices/Nr25_Nc25/consumption/RandTrix_Nr25_Nc25_Nest0.45_Conn0.2672.txt matrices/Nr25_Nc25/syntrophy/optimized_gamma0=0.5/seed_0 0.2672 0.446518305814788 0 -nan user_input 0 100000 0.25585 0.25584 0 1e-05 -3.51299554276003e-06
matrices/Nr25_Nc25/consumption/RandTrix_Nr25_Nc25_Nest0.3_Conn0.0816.txt matrices/Nr25_Nc25/syntrophy/optimized_gamma0=0.5/seed_0 0.0816 0.297435897435897 0.0752 0.28 user_input 0.0091 100000 0 0 0 0 -nan
matrices/Nr25_Nc25/consumption/RandTrix_Nr25_Nc25_Nest0.3_Conn0.128.txt matrices/Nr25_Nc25/syntrophy/optimized_gamma0=0.5/seed_0 0.128 0.3 0.1408 0.320534223706177 user_input 0.0091 100000 0 0 0 0 -nan
matrices/Nr25_Nc25/consumption/RandTrix_Nr25_Nc25_Nest0.3_Conn0.1776.txt matrices/Nr25_Nc25/syntrophy/optimized_gamma0=0.5/seed_0 0.1776 0.3 0.2064 0.317325800376648 user_input 0.0091 100000 0 0 0 0 -nan
matrices/Nr25_Nc25/consumption/RandTrix_Nr25_Nc25_Nest0.45_Conn0.3168.txt matrices/Nr25_Nc25/syntrophy/optimized_gamma0=0.5/seed_0 0.3168 0.445459430413756 0 -nan user_input 0 100000 0.22859 0.22859 0 0 -5.94005603714604e-06
matrices/Nr25_Nc25/consumption/RandTrix_Nr25_Nc25_Nest0.3_Conn0.2272.txt matrices/Nr25_Nc25/syntrophy/optimized_gamma0=0.5/seed_0 0.2272 0.297439759036145 0.2336 0.289970930232559 user_input 0.0091 100000 0 0 0 0 -nan
matrices/Nr25_Nc25/consumption/RandTrix_Nr25_Nc25_Nest0.3_Conn0.2816.txt matrices/Nr25_Nc25/syntrophy/optimized_gamma0=0.5/seed_0 0.2816 0.302762430939227 0.2608 0.294220665499124 user_input 0.0091 100000 0 0 0 0 -nan
matrices/Nr25_Nc25/consumption/RandTrix_Nr25_Nc25_Nest0.45_Conn0.0816.txt matrices/Nr25_Nc25/syntrophy/optimized_gamma0=0.5/seed_0 0.0816 0.452 0.0736000000000001 0.671974522292994 user_input 0.0091 100000 0 0 0 0 -nan
matrices/Nr25_Nc25/consumption/RandTrix_Nr25_Nc25_Nest0.45_Conn0.1232.txt matrices/Nr25_Nc25/syntrophy/optimized_gamma0=0.5/seed_0 0.1232 0.45 0.1168 0.276785714285714 user_input 0.0091 100000 0 0 0 0 -nan
matrices/Nr25_Nc25/consumption/RandTrix_Nr25_Nc25_Nest0.45_Conn0.384.txt matrices/Nr25_Nc25/syntrophy/optimized_gamma0=0.5/seed_0 0.384 0.452352708580467 0 -nan user_input 0 100000 0.22358 0.22358 0 0 -2.19015648824831e-05
matrices/Nr25_Nc25/consumption/RandTrix_Nr25_Nc25_Nest0.45_Conn0.1856.txt matrices/Nr25_Nc25/syntrophy/optimized_gamma0=0.5/seed_0 0.1856 0.449874686716792 0.224 0.360103626943005 user_input 0.0091 100000 0 0 0 0 -nan
matrices/Nr25_Nc25/consumption/RandTrix_Nr25_Nc25_Nest0.45_Conn0.216.txt matrices/Nr25_Nc25/syntrophy/optimized_gamma0=0.5/seed_0 0.216 0.45 0.2224 0.357805907172996 user_input 0.0091 100000 0 0 0 0 -nan
matrices/Nr25_Nc25/consumption/RandTrix_Nr25_Nc25_Nest0.45_Conn0.2672.txt matrices/Nr25_Nc25/syntrophy/optimized_gamma0=0.5/seed_0 0.2672 0.446518305814788 0.2688 0.370873786407767 user_input 0.0091 100000 0 0 0 0 -nan
matrices/Nr25_Nc25/consumption/RandTrix_Nr25_Nc25_Nest0.45_Conn0.3168.txt matrices/Nr25_Nc25/syntrophy/optimized_gamma0=0.5/seed_0 0.3168 0.445459430413756 0.2864 0.376518218623482 user_input 0.0091 100000 0 0 0 0 -nan
matrices/Nr25_Nc25/consumption/RandTrix_Nr25_Nc25_Nest0.45_Conn0.424.txt matrices/Nr25_Nc25/syntrophy/optimized_gamma0=0.5/seed_0 0.424 0.454737583656217 0 -nan user_input 0 100000 0.24896 0.24896 0 0 -2.32934815990238e-05
matrices/Nr25_Nc25/consumption/RandTrix_Nr25_Nc25_Nest0.45_Conn0.384.txt matrices/Nr25_Nc25/syntrophy/optimized_gamma0=0.5/seed_0 0.384 0.452352708580467 0.2912 0.342019543973942 user_input 0.0091 100000 0 0 0 0 -nan
matrices/Nr25_Nc25/consumption/RandTrix_Nr25_Nc25_Nest0.45_Conn0.424.txt matrices/Nr25_Nc25/syntrophy/optimized_gamma0=0.5/seed_0 0.424 0.454737583656217 0.3344 0.362800875273523 user_input 0.0091 100000 0 0 0 0 -nan
matrices/Nr25_Nc25/consumption/RandTrix_Nr25_Nc25_Nest0.4_Conn0.0784.txt matrices/Nr25_Nc25/syntrophy/optimized_gamma0=0.5/seed_0 0.0784 0.4 0.0592 0.588516746411483 user_input 0.0091 100000 0 0 0 0 -nan
matrices/Nr25_Nc25/consumption/RandTrix_Nr25_Nc25_Nest0.4_Conn0.0784.txt matrices/Nr25_Nc25/syntrophy/optimized_gamma0=0.5/seed_0 0.0784 0.4 0 -nan user_input 0 100000 0.1919 0.1919 0 0 -8.92257773084061e-05
matrices/Nr25_Nc25/consumption/RandTrix_Nr25_Nc25_Nest0.4_Conn0.1232.txt matrices/Nr25_Nc25/syntrophy/optimized_gamma0=0.5/seed_0 0.1232 0.399558498896247 0.1648 0.453168044077135 user_input 0.0091 100000 0 0 0 0 -nan
matrices/Nr25_Nc25/consumption/RandTrix_Nr25_Nc25_Nest0.4_Conn0.2032.txt matrices/Nr25_Nc25/syntrophy/optimized_gamma0=0.5/seed_0 0.2032 0.4 0.2048 0.333976833976834 user_input 0.0091 100000 0 0 0 0 -nan
matrices/Nr25_Nc25/consumption/RandTrix_Nr25_Nc25_Nest0.4_Conn0.2288.txt matrices/Nr25_Nc25/syntrophy/optimized_gamma0=0.5/seed_0 0.2288 0.4 0.2352 0.332275971451229 user_input 0.0091 100000 0 0 0 0 -nan
matrices/Nr25_Nc25/consumption/RandTrix_Nr25_Nc25_Nest0.4_Conn0.272.txt matrices/Nr25_Nc25/syntrophy/optimized_gamma0=0.5/seed_0 0.272 0.397260273972603 0.2912 0.38560561732007 user_input 0.0091 100000 0 0 0 0 -nan
matrices/Nr25_Nc25/consumption/RandTrix_Nr25_Nc25_Nest0.4_Conn0.1232.txt matrices/Nr25_Nc25/syntrophy/optimized_gamma0=0.5/seed_0 0.1232 0.399558498896247 0 -nan user_input 0 100000 0.2765 0.2765 0 0 -9.73307146916051e-05
matrices/Nr25_Nc25/consumption/RandTrix_Nr25_Nc25_Nest0.4_Conn0.3312.txt matrices/Nr25_Nc25/syntrophy/optimized_gamma0=0.5/seed_0 0.3312 0.396235521235521 0.2976 0.340682414698163 user_input 0.0091 100000 0 0 0 0 -nan
matrices/Nr25_Nc25/consumption/RandTrix_Nr25_Nc25_Nest0.4_Conn0.3712.txt matrices/Nr25_Nc25/syntrophy/optimized_gamma0=0.5/seed_0 0.3712 0.40494527766518 0.3264 0.356422018348623 user_input 0.0091 100000 0 0 0 0 -nan
matrices/Nr25_Nc25/consumption/RandTrix_Nr25_Nc25_Nest0.55_Conn0.0992.txt matrices/Nr25_Nc25/syntrophy/optimized_gamma0=0.5/seed_0 0.0992 0.548109965635739 0.0879999999999999 0.50997150997151 user_input 0.0091 100000 0 0 0 0 -nan
matrices/Nr25_Nc25/consumption/RandTrix_Nr25_Nc25_Nest0.55_Conn0.1248.txt matrices/Nr25_Nc25/syntrophy/optimized_gamma0=0.5/seed_0 0.1248 0.55 0.1136 0.428571428571429 user_input 0.0091 100000 0 0 0 0 -nan
matrices/Nr25_Nc25/consumption/RandTrix_Nr25_Nc25_Nest0.4_Conn0.2032.txt matrices/Nr25_Nc25/syntrophy/optimized_gamma0=0.5/seed_0 0.2032 0.4 0 -nan user_input 0 100000 0.21852 0.21852 0 0 -9.07850762014298e-06
matrices/Nr25_Nc25/consumption/RandTrix_Nr25_Nc25_Nest0.55_Conn0.184.txt matrices/Nr25_Nc25/syntrophy/optimized_gamma0=0.5/seed_0 0.184 0.55019556714472 0.1904 0.428398058252428 user_input 0.0091 100000 0 0 0 0 -nan
matrices/Nr25_Nc25/consumption/RandTrix_Nr25_Nc25_Nest0.55_Conn0.2304.txt matrices/Nr25_Nc25/syntrophy/optimized_gamma0=0.5/seed_0 0.2304 0.55 0.232 0.398994132439229 user_input 0.0091 100000 0 0 0 0 -nan
matrices/Nr25_Nc25/consumption/RandTrix_Nr25_Nc25_Nest0.55_Conn0.3024.txt matrices/Nr25_Nc25/syntrophy/optimized_gamma0=0.5/seed_0 0.3024 0.550095724313976 0.2736 0.379807692307692 user_input 0.0091 100000 0 0 0 0 -nan
matrices/Nr25_Nc25/consumption/RandTrix_Nr25_Nc25_Nest0.55_Conn0.3344.txt matrices/Nr25_Nc25/syntrophy/optimized_gamma0=0.5/seed_0 0.3344 0.547425474254743 0.2864 0.366262276140959 user_input 0.0091 100000 0 0 0 0 -nan
matrices/Nr25_Nc25/consumption/RandTrix_Nr25_Nc25_Nest0.4_Conn0.2288.txt matrices/Nr25_Nc25/syntrophy/optimized_gamma0=0.5/seed_0 0.2288 0.4 0 -nan user_input 0 100000 0.24404 0.24404 0 0 -1.11906611527097e-06
matrices/Nr25_Nc25/consumption/RandTrix_Nr25_Nc25_Nest0.55_Conn0.3824.txt matrices/Nr25_Nc25/syntrophy/optimized_gamma0=0.5/seed_0 0.3824 0.547794117647059 0.3088 0.371699053313403 user_input 0.0091 100000 0 0 0 0 -nan
matrices/Nr25_Nc25/consumption/RandTrix_Nr25_Nc25_Nest0.55_Conn0.4176.txt matrices/Nr25_Nc25/syntrophy/optimized_gamma0=0.5/seed_0 0.4176 0.546571541815299 0.3072 0.35832083958021 user_input 0.0091 100000 0 0 0 0 -nan
matrices/Nr25_Nc25/consumption/RandTrix_Nr25_Nc25_Nest0.5_Conn0.0912.txt matrices/Nr25_Nc25/syntrophy/optimized_gamma0=0.5/seed_0 0.0912 0.50278293135436 0.0832000000000001 0.445121951219512 user_input 0.0091 100000 0 0 0 0 -nan
matrices/Nr25_Nc25/consumption/RandTrix_Nr25_Nc25_Nest0.5_Conn0.1248.txt matrices/Nr25_Nc25/syntrophy/optimized_gamma0=0.5/seed_0 0.1248 0.5 0.1312 0.388118811881188 user_input 0.0091 100000 0 0 0 0 -nan
matrices/Nr25_Nc25/consumption/RandTrix_Nr25_Nc25_Nest0.4_Conn0.272.txt matrices/Nr25_Nc25/syntrophy/optimized_gamma0=0.5/seed_0 0.272 0.397260273972603 0 -nan user_input 0 100000 0.25579 0.25579 0 0 -1.10929637728018e-05
matrices/Nr25_Nc25/consumption/RandTrix_Nr25_Nc25_Nest0.5_Conn0.1744.txt matrices/Nr25_Nc25/syntrophy/optimized_gamma0=0.5/seed_0 0.1744 0.5 0.2112 0.395209580838324 user_input 0.0091 100000 0 0 0 0 -nan
matrices/Nr25_Nc25/consumption/RandTrix_Nr25_Nc25_Nest0.5_Conn0.2496.txt matrices/Nr25_Nc25/syntrophy/optimized_gamma0=0.5/seed_0 0.2496 0.5 0.248 0.404354587869363 user_input 0.0091 100000 0 0 0 0 -nan
matrices/Nr25_Nc25/consumption/RandTrix_Nr25_Nc25_Nest0.5_Conn0.2928.txt matrices/Nr25_Nc25/syntrophy/optimized_gamma0=0.5/seed_0 0.2928 0.5 0.2896 0.371072910491997 user_input 0.0091 100000 0 0 0 0 -nan
matrices/Nr25_Nc25/consumption/RandTrix_Nr25_Nc25_Nest0.5_Conn0.32.txt matrices/Nr25_Nc25/syntrophy/optimized_gamma0=0.5/seed_0 0.32 0.498845265588915 0.2832 0.414462081128748 user_input 0.0091 100000 0 0 0 0 -nan
matrices/Nr25_Nc25/consumption/RandTrix_Nr25_Nc25_Nest0.4_Conn0.3312.txt matrices/Nr25_Nc25/syntrophy/optimized_gamma0=0.5/seed_0 0.3312 0.396235521235521 0 -nan user_input 0 100000 0.24433 0.24433 0 0 -6.43390151611763e-06
matrices/Nr25_Nc25/consumption/RandTrix_Nr25_Nc25_Nest0.5_Conn0.3824.txt matrices/Nr25_Nc25/syntrophy/optimized_gamma0=0.5/seed_0 0.3824 0.496305953933073 0.32 0.367149758454107 user_input 0.0091 100000 0 0 0 0 -nan
matrices/Nr25_Nc25/consumption/RandTrix_Nr25_Nc25_Nest0.5_Conn0.416.txt matrices/Nr25_Nc25/syntrophy/optimized_gamma0=0.5/seed_0 0.416 0.504988488104375 0.3408 0.419516643866849 user_input 0.0091 100000 0 0 0 0 -nan
matrices/Nr25_Nc25/consumption/RandTrix_Nr25_Nc25_Nest0.6_Conn0.12.txt matrices/Nr25_Nc25/syntrophy/optimized_gamma0=0.5/seed_0 0.12 0.6 0.1136 0.365591397849462 user_input 0.0091 100000 0 0 0 0 -nan
matrices/Nr25_Nc25/consumption/RandTrix_Nr25_Nc25_Nest0.6_Conn0.16.txt matrices/Nr25_Nc25/syntrophy/optimized_gamma0=0.5/seed_0 0.16 0.6 0.152 0.347222222222223 user_input 0.0091 100000 0 0 0 0 -nan
matrices/Nr25_Nc25/consumption/RandTrix_Nr25_Nc25_Nest0.4_Conn0.3712.txt matrices/Nr25_Nc25/syntrophy/optimized_gamma0=0.5/seed_0 0.3712 0.40494527766518 0 -nan user_input 0 100000 0.25523 0.25523 0 0 -3.43992092901479e-05
matrices/Nr25_Nc25/consumption/RandTrix_Nr25_Nc25_Nest0.6_Conn0.2048.txt matrices/Nr25_Nc25/syntrophy/optimized_gamma0=0.5/seed_0 0.2048 0.6 0.1904 0.333680917622523 user_input 0.0091 100000 0 0 0 0 -nan
matrices/Nr25_Nc25/consumption/RandTrix_Nr25_Nc25_Nest0.6_Conn0.3168.txt matrices/Nr25_Nc25/syntrophy/optimized_gamma0=0.5/seed_0 0.3168 0.599869024230517 0.288 0.463516746411483 user_input 0.0091 100000 0 0 0 0 -nan
matrices/Nr25_Nc25/consumption/RandTrix_Nr25_Nc25_Nest0.6_Conn0.3712.txt matrices/Nr25_Nc25/syntrophy/optimized_gamma0=0.5/seed_0 0.3712 0.595085995085995 0.3056 0.387448132780083 user_input 0.0091 100000 0 0 0 0 -nan
matrices/Nr25_Nc25/consumption/RandTrix_Nr25_Nc25_Nest0.55_Conn0.0992.txt matrices/Nr25_Nc25/syntrophy/optimized_gamma0=0.5/seed_0 0.0992 0.548109965635739 0 -nan user_input 0 100000 0.16462 0.16462 0 0 -6.3243912504005e-05
matrices/Nr25_Nc25/consumption/RandTrix_Nr25_Nc25_Nest0.6_Conn0.44.txt matrices/Nr25_Nc25/syntrophy/optimized_gamma0=0.5/seed_0 0.44 0.6 0.3472 0.441506051098163 user_input 0.0091 100000 0 0 0 0 -nan
# File last opened on Wed May  1 17:55:12 2024
# We are writing, in that order, G-matrix location, A-matrix location, G connectance, G nestedness, A connectance, A nestedness, A-mode, alpha0 value, total number of simulations, proportion of feasible, stable, unstable, marginal and dominant eigenvalue
matrices/Nr25_Nc25/consumption/RandTrix_Nr25_Nc25_Nest0.15_Conn0.08.txt matrices/Nr25_Nc25/syntrophy/optimized_gamma0=0.5/seed_0 0.0816 0.15 0.0560000000000001 0.303030303030303 user_input 0.0104 100000 0 0 0 0 -nan
matrices/Nr25_Nc25/consumption/RandTrix_Nr25_Nc25_Nest0.55_Conn0.1248.txt matrices/Nr25_Nc25/syntrophy/optimized_gamma0=0.5/seed_0 0.1248 0.55 0 -nan user_input 0 100000 0.17062 0.17062 0 0 -2.84914063227717e-05
matrices/Nr25_Nc25/consumption/RandTrix_Nr25_Nc25_Nest0.15_Conn0.12.txt matrices/Nr25_Nc25/syntrophy/optimized_gamma0=0.5/seed_0 0.12 0.151419558359621 0.1264 0.19935691318328 user_input 0.0104 100000 0 0 0 0 -nan
matrices/Nr25_Nc25/consumption/RandTrix_Nr25_Nc25_Nest0.15_Conn0.1808.txt matrices/Nr25_Nc25/syntrophy/optimized_gamma0=0.5/seed_0 0.1808 0.158059467918623 0.1888 0.1872 user_input 0.0104 100000 0 0 0 0 -nan
matrices/Nr25_Nc25/consumption/RandTrix_Nr25_Nc25_Nest0.1_Conn0.0816.txt matrices/Nr25_Nc25/syntrophy/optimized_gamma0=0.5/seed_0 0.0816 0.1 0.0655999999999999 0.139442231075697 user_input 0.0104 100000 0 0 0 0 -nan
matrices/Nr25_Nc25/consumption/RandTrix_Nr25_Nc25_Nest0.1_Conn0.1296.txt matrices/Nr25_Nc25/syntrophy/optimized_gamma0=0.5/seed_0 0.1296 0.10479375696767 0.1296 0.119709794437727 user_input 0.0104 100000 0 0 0 0 -nan
matrices/Nr25_Nc25/consumption/RandTrix_Nr25_Nc25_Nest0.55_Conn0.184.txt matrices/Nr25_Nc25/syntrophy/optimized_gamma0=0.5/seed_0 0.184 0.55019556714472 0 -nan user_input 0 100000 0.21154 0.21154 0 0 -9.66589316906088e-06
matrices/Nr25_Nc25/consumption/RandTrix_Nr25_Nc25_Nest0.25_Conn0.0832.txt matrices/Nr25_Nc25/syntrophy/optimized_gamma0=0.5/seed_0 0.0832 0.25 0.0816 0.383763837638376 user_input 0.0104 100000 0 0 0 0 -nan
matrices/Nr25_Nc25/consumption/RandTrix_Nr25_Nc25_Nest0.25_Conn0.1392.txt matrices/Nr25_Nc25/syntrophy/optimized_gamma0=0.5/seed_0 0.1392 0.25 0.1552 0.234857849196539 user_input 0.0104 100000 0 0 0 0 -nan
matrices/Nr25_Nc25/consumption/RandTrix_Nr25_Nc25_Nest0.25_Conn0.184.txt matrices/Nr25_Nc25/syntrophy/optimized_gamma0=0.5/seed_0 0.184 0.245901639344262 0.1968 0.263901147396293 user_input 0.0104 100000 0 0 0 0 -nan
matrices/Nr25_Nc25/consumption/RandTrix_Nr25_Nc25_Nest0.55_Conn0.2304.txt matrices/Nr25_Nc25/syntrophy/optimized_gamma0=0.5/seed_0 0.2304 0.55 0 -nan user_input 0 100000 0.18177 0.18177 0 0 -3.29958817912325e-06
matrices/Nr25_Nc25/consumption/RandTrix_Nr25_Nc25_Nest0.25_Conn0.2336.txt matrices/Nr25_Nc25/syntrophy/optimized_gamma0=0.5/seed_0 0.2336 0.252631578947368 0.2448 0.301823092505064 user_input 0.0104 100000 0 0 0 0 -nan
matrices/Nr25_Nc25/consumption/RandTrix_Nr25_Nc25_Nest0.2_Conn0.0896.txt matrices/Nr25_Nc25/syntrophy/optimized_gamma0=0.5/seed_0 0.0896 0.2 0.0832000000000001 0.185567010309278 user_input 0.0104 100000 0 0 0 0 -nan
matrices/Nr25_Nc25/consumption/RandTrix_Nr25_Nc25_Nest0.2_Conn0.1328.txt matrices/Nr25_Nc25/syntrophy/optimized_gamma0=0.5/seed_0 0.1328 0.2 0.1488 0.244695898161245 user_input 0.0104 100000 0 0 0 0 -nan
matrices/Nr25_Nc25/consumption/RandTrix_Nr25_Nc25_Nest0.55_Conn0.3024.txt matrices/Nr25_Nc25/syntrophy/optimized_gamma0=0.5/seed_0 0.3024 0.550095724313976 0 -nan user_input 0 100000 0.20006 0.20006 0 0 -2.46764306673825e-06
matrices/Nr25_Nc25/consumption/RandTrix_Nr25_Nc25_Nest0.2_Conn0.168.txt matrices/Nr25_Nc25/syntrophy/optimized_gamma0=0.5/seed_0 0.168 0.202270381836945 0.1808 0.241276171485543 user_input 0.0104 100000 0 0 0 0 -nan
matrices/Nr25_Nc25/consumption/RandTrix_Nr25_Nc25_Nest0.35_Conn0.08.txt matrices/Nr25_Nc25/syntrophy/optimized_gamma0=0.5/seed_0 0.08 0.35 0.0703999999999999 0.419463087248322 user_input 0.0104 100000 0 0 0 0 -nan
matrices/Nr25_Nc25/consumption/RandTrix_Nr25_Nc25_Nest0.35_Conn0.1328.txt matrices/Nr25_Nc25/syntrophy/optimized_gamma0=0.5/seed_0 0.1328 0.35 0.1536 0.325373134328358 user_input 0.0104 100000 0 0 0 0 -nan
matrices/Nr25_Nc25/consumption/RandTrix_Nr25_Nc25_Nest0.35_Conn0.1712.txt matrices/Nr25_Nc25/syntrophy/optimized_gamma0=0.5/seed_0 0.1712 0.35 0.1968 0.290721649484536 user_input 0.0104 100000 0 0 0 0 -nan
matrices/Nr25_Nc25/consumption/RandTrix_Nr25_Nc25_Nest0.55_Conn0.3344.txt matrices/Nr25_Nc25/syntrophy/optimized_gamma0=0.5/seed_0 0.3344 0.547425474254743 0 -nan user_input 0 100000 0.2072 0.2072 0 0 -8.33599754138119e-06
matrices/Nr25_Nc25/consumption/RandTrix_Nr25_Nc25_Nest0.35_Conn0.2208.txt matrices/Nr25_Nc25/syntrophy/optimized_gamma0=0.5/seed_0 0.2208 0.347043701799486 0.256 0.345964912280702 user_input 0.0104 100000 0 0 0 0 -nan
matrices/Nr25_Nc25/consumption/RandTrix_Nr25_Nc25_Nest0.35_Conn0.272.txt matrices/Nr25_Nc25/syntrophy/optimized_gamma0=0.5/seed_0 0.272 0.346769413159455 0.232 0.271092669432919 user_input 0.0104 100000 0 0 0 0 -nan
matrices/Nr25_Nc25/consumption/RandTrix_Nr25_Nc25_Nest0.35_Conn0.3216.txt matrices/Nr25_Nc25/syntrophy/optimized_gamma0=0.5/seed_0 0.3216 0.354089219330855 0.288 0.338630136986301 user_input 0.0104 100000 0 0 0 0 -nan
matrices/Nr25_Nc25/consumption/RandTrix_Nr25_Nc25_Nest0.55_Conn0.3824.txt matrices/Nr25_Nc25/syntrophy/optimized_gamma0=0.5/seed_0 0.3824 0.547794117647059 0 -nan user_input 0 100000 0.20876 0.20875 0 1e-05 -1.33370327105493e-06
matrices/Nr25_Nc25/consumption/RandTrix_Nr25_Nc25_Nest0.3_Conn0.0816.txt matrices/Nr25_Nc25/syntrophy/optimized_gamma0=0.5/seed_0 0.0816 0.297435897435897 0.0752 0.28 user_input 0.0104 100000 0 0 0 0 -nan
matrices/Nr25_Nc25/consumption/RandTrix_Nr25_Nc25_Nest0.3_Conn0.128.txt matrices/Nr25_Nc25/syntrophy/optimized_gamma0=0.5/seed_0 0.128 0.3 0.1408 0.320534223706177 user_input 0.0104 100000 0 0 0 0 -nan
matrices/Nr25_Nc25/consumption/RandTrix_Nr25_Nc25_Nest0.3_Conn0.1776.txt matrices/Nr25_Nc25/syntrophy/optimized_gamma0=0.5/seed_0 0.1776 0.3 0.2064 0.317325800376648 user_input 0.0104 100000 0 0 0 0 -nan
matrices/Nr25_Nc25/consumption/RandTrix_Nr25_Nc25_Nest0.55_Conn0.4176.txt matrices/Nr25_Nc25/syntrophy/optimized_gamma0=0.5/seed_0 0.4176 0.546571541815299 0 -nan user_input 0 100000 0.20989 0.20988 0 1e-05 -2.71107199651627e-06
matrices/Nr25_Nc25/consumption/RandTrix_Nr25_Nc25_Nest0.3_Conn0.2272.txt matrices/Nr25_Nc25/syntrophy/optimized_gamma0=0.5/seed_0 0.2272 0.297439759036145 0.2336 0.289970930232559 user_input 0.0104 100000 0 0 0 0 -nan
matrices/Nr25_Nc25/consumption/RandTrix_Nr25_Nc25_Nest0.3_Conn0.2816.txt matrices/Nr25_Nc25/syntrophy/optimized_gamma0=0.5/seed_0 0.2816 0.302762430939227 0.2608 0.294220665499124 user_input 0.0104 100000 0 0 0 0 -nan
matrices/Nr25_Nc25/consumption/RandTrix_Nr25_Nc25_Nest0.45_Conn0.0816.txt matrices/Nr25_Nc25/syntrophy/optimized_gamma0=0.5/seed_0 0.0816 0.452 0.0736000000000001 0.671974522292994 user_input 0.0104 100000 0 0 0 0 -nan
matrices/Nr25_Nc25/consumption/RandTrix_Nr25_Nc25_Nest0.5_Conn0.0912.txt matrices/Nr25_Nc25/syntrophy/optimized_gamma0=0.5/seed_0 0.0912 0.50278293135436 0 -nan user_input 0 100000 0.16973 0.16973 0 0 -6.49162270768801e-05
matrices/Nr25_Nc25/consumption/RandTrix_Nr25_Nc25_Nest0.45_Conn0.1232.txt matrices/Nr25_Nc25/syntrophy/optimized_gamma0=0.5/seed_0 0.1232 0.45 0.1168 0.276785714285714 user_input 0.0104 100000 0 0 0 0 -nan
matrices/Nr25_Nc25/consumption/RandTrix_Nr25_Nc25_Nest0.45_Conn0.1856.txt matrices/Nr25_Nc25/syntrophy/optimized_gamma0=0.5/seed_0 0.1856 0.449874686716792 0.224 0.360103626943005 user_input 0.0104 100000 0 0 0 0 -nan
matrices/Nr25_Nc25/consumption/RandTrix_Nr25_Nc25_Nest0.45_Conn0.216.txt matrices/Nr25_Nc25/syntrophy/optimized_gamma0=0.5/seed_0 0.216 0.45 0.2224 0.357805907172996 user_input 0.0104 100000 0 0 0 0 -nan
matrices/Nr25_Nc25/consumption/RandTrix_Nr25_Nc25_Nest0.5_Conn0.1248.txt matrices/Nr25_Nc25/syntrophy/optimized_gamma0=0.5/seed_0 0.1248 0.5 0 -nan user_input 0 100000 0.1917 0.1917 0 0 -4.31820316159162e-05
matrices/Nr25_Nc25/consumption/RandTrix_Nr25_Nc25_Nest0.45_Conn0.2672.txt matrices/Nr25_Nc25/syntrophy/optimized_gamma0=0.5/seed_0 0.2672 0.446518305814788 0.2688 0.370873786407767 user_input 0.0104 100000 0 0 0 0 -nan
matrices/Nr25_Nc25/consumption/RandTrix_Nr25_Nc25_Nest0.45_Conn0.3168.txt matrices/Nr25_Nc25/syntrophy/optimized_gamma0=0.5/seed_0 0.3168 0.445459430413756 0.2864 0.376518218623482 user_input 0.0104 100000 0 0 0 0 -nan
matrices/Nr25_Nc25/consumption/RandTrix_Nr25_Nc25_Nest0.45_Conn0.384.txt matrices/Nr25_Nc25/syntrophy/optimized_gamma0=0.5/seed_0 0.384 0.452352708580467 0.2912 0.342019543973942 user_input 0.0104 100000 0 0 0 0 -nan
matrices/Nr25_Nc25/consumption/RandTrix_Nr25_Nc25_Nest0.45_Conn0.424.txt matrices/Nr25_Nc25/syntrophy/optimized_gamma0=0.5/seed_0 0.424 0.454737583656217 0.3344 0.362800875273523 user_input 0.0104 100000 0 0 0 0 -nan
matrices/Nr25_Nc25/consumption/RandTrix_Nr25_Nc25_Nest0.5_Conn0.1744.txt matrices/Nr25_Nc25/syntrophy/optimized_gamma0=0.5/seed_0 0.1744 0.5 0 -nan user_input 0 100000 0.2421 0.2421 0 0 -3.09459673645934e-05
matrices/Nr25_Nc25/consumption/RandTrix_Nr25_Nc25_Nest0.4_Conn0.0784.txt matrices/Nr25_Nc25/syntrophy/optimized_gamma0=0.5/seed_0 0.0784 0.4 0.0592 0.588516746411483 user_input 0.0104 100000 0 0 0 0 -nan
matrices/Nr25_Nc25/consumption/RandTrix_Nr25_Nc25_Nest0.4_Conn0.1232.txt matrices/Nr25_Nc25/syntrophy/optimized_gamma0=0.5/seed_0 0.1232 0.399558498896247 0.1648 0.453168044077135 user_input 0.0104 100000 0 0 0 0 -nan
matrices/Nr25_Nc25/consumption/RandTrix_Nr25_Nc25_Nest0.4_Conn0.2032.txt matrices/Nr25_Nc25/syntrophy/optimized_gamma0=0.5/seed_0 0.2032 0.4 0.2048 0.333976833976834 user_input 0.0104 100000 0 0 0 0 -nan
matrices/Nr25_Nc25/consumption/RandTrix_Nr25_Nc25_Nest0.4_Conn0.2288.txt matrices/Nr25_Nc25/syntrophy/optimized_gamma0=0.5/seed_0 0.2288 0.4 0.2352 0.332275971451229 user_input 0.0104 100000 0 0 0 0 -nan
matrices/Nr25_Nc25/consumption/RandTrix_Nr25_Nc25_Nest0.5_Conn0.2496.txt matrices/Nr25_Nc25/syntrophy/optimized_gamma0=0.5/seed_0 0.2496 0.5 0 -nan user_input 0 100000 0.25403 0.25403 0 0 -1.02366303411202e-05
matrices/Nr25_Nc25/consumption/RandTrix_Nr25_Nc25_Nest0.4_Conn0.272.txt matrices/Nr25_Nc25/syntrophy/optimized_gamma0=0.5/seed_0 0.272 0.397260273972603 0.2912 0.38560561732007 user_input 0.0104 100000 0 0 0 0 -nan
matrices/Nr25_Nc25/consumption/RandTrix_Nr25_Nc25_Nest0.4_Conn0.3312.txt matrices/Nr25_Nc25/syntrophy/optimized_gamma0=0.5/seed_0 0.3312 0.396235521235521 0.2976 0.340682414698163 user_input 0.0104 100000 0 0 0 0 -nan
matrices/Nr25_Nc25/consumption/RandTrix_Nr25_Nc25_Nest0.4_Conn0.3712.txt matrices/Nr25_Nc25/syntrophy/optimized_gamma0=0.5/seed_0 0.3712 0.40494527766518 0.3264 0.356422018348623 user_input 0.0104 100000 0 0 0 0 -nan
matrices/Nr25_Nc25/consumption/RandTrix_Nr25_Nc25_Nest0.55_Conn0.0992.txt matrices/Nr25_Nc25/syntrophy/optimized_gamma0=0.5/seed_0 0.0992 0.548109965635739 0.0879999999999999 0.50997150997151 user_input 0.0104 100000 0 0 0 0 -nan
matrices/Nr25_Nc25/consumption/RandTrix_Nr25_Nc25_Nest0.5_Conn0.2928.txt matrices/Nr25_Nc25/syntrophy/optimized_gamma0=0.5/seed_0 0.2928 0.5 0 -nan user_input 0 100000 0.23618 0.23618 0 0 -7.10870376757317e-06
matrices/Nr25_Nc25/consumption/RandTrix_Nr25_Nc25_Nest0.55_Conn0.1248.txt matrices/Nr25_Nc25/syntrophy/optimized_gamma0=0.5/seed_0 0.1248 0.55 0.1136 0.428571428571429 user_input 0.0104 100000 0 0 0 0 -nan
matrices/Nr25_Nc25/consumption/RandTrix_Nr25_Nc25_Nest0.55_Conn0.184.txt matrices/Nr25_Nc25/syntrophy/optimized_gamma0=0.5/seed_0 0.184 0.55019556714472 0.1904 0.428398058252428 user_input 0.0104 100000 0 0 0 0 -nan
matrices/Nr25_Nc25/consumption/RandTrix_Nr25_Nc25_Nest0.55_Conn0.2304.txt matrices/Nr25_Nc25/syntrophy/optimized_gamma0=0.5/seed_0 0.2304 0.55 0.232 0.398994132439229 user_input 0.0104 100000 0 0 0 0 -nan
matrices/Nr25_Nc25/consumption/RandTrix_Nr25_Nc25_Nest0.5_Conn0.32.txt matrices/Nr25_Nc25/syntrophy/optimized_gamma0=0.5/seed_0 0.32 0.498845265588915 0 -nan user_input 0 100000 0.22028 0.22027 0 1e-05 -4.48981856203875e-06
matrices/Nr25_Nc25/consumption/RandTrix_Nr25_Nc25_Nest0.55_Conn0.3024.txt matrices/Nr25_Nc25/syntrophy/optimized_gamma0=0.5/seed_0 0.3024 0.550095724313976 0.2736 0.379807692307692 user_input 0.0104 100000 0 0 0 0 -nan
matrices/Nr25_Nc25/consumption/RandTrix_Nr25_Nc25_Nest0.55_Conn0.3344.txt matrices/Nr25_Nc25/syntrophy/optimized_gamma0=0.5/seed_0 0.3344 0.547425474254743 0.2864 0.366262276140959 user_input 0.0104 100000 0 0 0 0 -nan
matrices/Nr25_Nc25/consumption/RandTrix_Nr25_Nc25_Nest0.55_Conn0.3824.txt matrices/Nr25_Nc25/syntrophy/optimized_gamma0=0.5/seed_0 0.3824 0.547794117647059 0.3088 0.371699053313403 user_input 0.0104 100000 0 0 0 0 -nan
matrices/Nr25_Nc25/consumption/RandTrix_Nr25_Nc25_Nest0.55_Conn0.4176.txt matrices/Nr25_Nc25/syntrophy/optimized_gamma0=0.5/seed_0 0.4176 0.546571541815299 0.3072 0.35832083958021 user_input 0.0104 100000 0 0 0 0 -nan
matrices/Nr25_Nc25/consumption/RandTrix_Nr25_Nc25_Nest0.5_Conn0.3824.txt matrices/Nr25_Nc25/syntrophy/optimized_gamma0=0.5/seed_0 0.3824 0.496305953933073 0 -nan user_input 0 100000 0.21644 0.21644 0 0 -5.36349522835898e-06
matrices/Nr25_Nc25/consumption/RandTrix_Nr25_Nc25_Nest0.5_Conn0.0912.txt matrices/Nr25_Nc25/syntrophy/optimized_gamma0=0.5/seed_0 0.0912 0.50278293135436 0.0832000000000001 0.445121951219512 user_input 0.0104 100000 0 0 0 0 -nan
matrices/Nr25_Nc25/consumption/RandTrix_Nr25_Nc25_Nest0.5_Conn0.1248.txt matrices/Nr25_Nc25/syntrophy/optimized_gamma0=0.5/seed_0 0.1248 0.5 0.1312 0.388118811881188 user_input 0.0104 100000 0 0 0 0 -nan
matrices/Nr25_Nc25/consumption/RandTrix_Nr25_Nc25_Nest0.5_Conn0.1744.txt matrices/Nr25_Nc25/syntrophy/optimized_gamma0=0.5/seed_0 0.1744 0.5 0.2112 0.395209580838324 user_input 0.0104 100000 0 0 0 0 -nan
matrices/Nr25_Nc25/consumption/RandTrix_Nr25_Nc25_Nest0.5_Conn0.2496.txt matrices/Nr25_Nc25/syntrophy/optimized_gamma0=0.5/seed_0 0.2496 0.5 0.248 0.404354587869363 user_input 0.0104 100000 0 0 0 0 -nan
matrices/Nr25_Nc25/consumption/RandTrix_Nr25_Nc25_Nest0.5_Conn0.416.txt matrices/Nr25_Nc25/syntrophy/optimized_gamma0=0.5/seed_0 0.416 0.504988488104375 0 -nan user_input 0 100000 0.22573 0.22573 0 0 -5.16746209104604e-06
matrices/Nr25_Nc25/consumption/RandTrix_Nr25_Nc25_Nest0.5_Conn0.2928.txt matrices/Nr25_Nc25/syntrophy/optimized_gamma0=0.5/seed_0 0.2928 0.5 0.2896 0.371072910491997 user_input 0.0104 100000 0 0 0 0 -nan
matrices/Nr25_Nc25/consumption/RandTrix_Nr25_Nc25_Nest0.5_Conn0.32.txt matrices/Nr25_Nc25/syntrophy/optimized_gamma0=0.5/seed_0 0.32 0.498845265588915 0.2832 0.414462081128748 user_input 0.0104 100000 0 0 0 0 -nan
matrices/Nr25_Nc25/consumption/RandTrix_Nr25_Nc25_Nest0.6_Conn0.12.txt matrices/Nr25_Nc25/syntrophy/optimized_gamma0=0.5/seed_0 0.12 0.6 0 -nan user_input 0 100000 0.1622 0.1622 0 0 -5.18577727021643e-05
matrices/Nr25_Nc25/consumption/RandTrix_Nr25_Nc25_Nest0.5_Conn0.3824.txt matrices/Nr25_Nc25/syntrophy/optimized_gamma0=0.5/seed_0 0.3824 0.496305953933073 0.32 0.367149758454107 user_input 0.0104 100000 0 0 0 0 -nan
matrices/Nr25_Nc25/consumption/RandTrix_Nr25_Nc25_Nest0.5_Conn0.416.txt matrices/Nr25_Nc25/syntrophy/optimized_gamma0=0.5/seed_0 0.416 0.504988488104375 0.3408 0.419516643866849 user_input 0.0104 100000 0 0 0 0 -nan
matrices/Nr25_Nc25/consumption/RandTrix_Nr25_Nc25_Nest0.6_Conn0.12.txt matrices/Nr25_Nc25/syntrophy/optimized_gamma0=0.5/seed_0 0.12 0.6 0.1136 0.365591397849462 user_input 0.0104 100000 0 0 0 0 -nan
matrices/Nr25_Nc25/consumption/RandTrix_Nr25_Nc25_Nest0.6_Conn0.16.txt matrices/Nr25_Nc25/syntrophy/optimized_gamma0=0.5/seed_0 0.16 0.6 0 -nan user_input 0 100000 0.15146 0.15146 0 0 -7.67884845433954e-06
matrices/Nr25_Nc25/consumption/RandTrix_Nr25_Nc25_Nest0.6_Conn0.16.txt matrices/Nr25_Nc25/syntrophy/optimized_gamma0=0.5/seed_0 0.16 0.6 0.152 0.347222222222223 user_input 0.0104 100000 0 0 0 0 -nan
matrices/Nr25_Nc25/consumption/RandTrix_Nr25_Nc25_Nest0.6_Conn0.2048.txt matrices/Nr25_Nc25/syntrophy/optimized_gamma0=0.5/seed_0 0.2048 0.6 0.1904 0.333680917622523 user_input 0.0104 100000 0 0 0 0 -nan
matrices/Nr25_Nc25/consumption/RandTrix_Nr25_Nc25_Nest0.6_Conn0.3168.txt matrices/Nr25_Nc25/syntrophy/optimized_gamma0=0.5/seed_0 0.3168 0.599869024230517 0.288 0.463516746411483 user_input 0.0104 100000 0 0 0 0 -nan
matrices/Nr25_Nc25/consumption/RandTrix_Nr25_Nc25_Nest0.6_Conn0.2048.txt matrices/Nr25_Nc25/syntrophy/optimized_gamma0=0.5/seed_0 0.2048 0.6 0 -nan user_input 0 100000 0.16371 0.16371 0 0 -3.89192032162585e-06
matrices/Nr25_Nc25/consumption/RandTrix_Nr25_Nc25_Nest0.6_Conn0.3712.txt matrices/Nr25_Nc25/syntrophy/optimized_gamma0=0.5/seed_0 0.3712 0.595085995085995 0.3056 0.387448132780083 user_input 0.0104 100000 0 0 0 0 -nan
matrices/Nr25_Nc25/consumption/RandTrix_Nr25_Nc25_Nest0.6_Conn0.44.txt matrices/Nr25_Nc25/syntrophy/optimized_gamma0=0.5/seed_0 0.44 0.6 0.3472 0.441506051098163 user_input 0.0104 100000 0 0 0 0 -nan
# File last opened on Wed May  1 18:28:09 2024
# We are writing, in that order, G-matrix location, A-matrix location, G connectance, G nestedness, A connectance, A nestedness, A-mode, alpha0 value, total number of simulations, proportion of feasible, stable, unstable, marginal and dominant eigenvalue
matrices/Nr25_Nc25/consumption/RandTrix_Nr25_Nc25_Nest0.15_Conn0.08.txt matrices/Nr25_Nc25/syntrophy/optimized_gamma0=0.5/seed_0 0.0816 0.15 0.0560000000000001 0.303030303030303 user_input 0.0078 100000 0 0 0 0 -nan
matrices/Nr25_Nc25/consumption/RandTrix_Nr25_Nc25_Nest0.6_Conn0.3168.txt matrices/Nr25_Nc25/syntrophy/optimized_gamma0=0.5/seed_0 0.3168 0.599869024230517 0 -nan user_input 0 100000 0.20018 0.20018 0 0 -4.93878039736416e-06
matrices/Nr25_Nc25/consumption/RandTrix_Nr25_Nc25_Nest0.15_Conn0.12.txt matrices/Nr25_Nc25/syntrophy/optimized_gamma0=0.5/seed_0 0.12 0.151419558359621 0.1264 0.19935691318328 user_input 0.0078 100000 0 0 0 0 -nan
matrices/Nr25_Nc25/consumption/RandTrix_Nr25_Nc25_Nest0.15_Conn0.1808.txt matrices/Nr25_Nc25/syntrophy/optimized_gamma0=0.5/seed_0 0.1808 0.158059467918623 0.1888 0.1872 user_input 0.0078 100000 0 0 0 0 -nan
matrices/Nr25_Nc25/consumption/RandTrix_Nr25_Nc25_Nest0.1_Conn0.0816.txt matrices/Nr25_Nc25/syntrophy/optimized_gamma0=0.5/seed_0 0.0816 0.1 0.0655999999999999 0.139442231075697 user_input 0.0078 100000 0 0 0 0 -nan
matrices/Nr25_Nc25/consumption/RandTrix_Nr25_Nc25_Nest0.1_Conn0.1296.txt matrices/Nr25_Nc25/syntrophy/optimized_gamma0=0.5/seed_0 0.1296 0.10479375696767 0.1296 0.119709794437727 user_input 0.0078 100000 0 0 0 0 -nan
matrices/Nr25_Nc25/consumption/RandTrix_Nr25_Nc25_Nest0.6_Conn0.3712.txt matrices/Nr25_Nc25/syntrophy/optimized_gamma0=0.5/seed_0 0.3712 0.595085995085995 0 -nan user_input 0 100000 0.19831 0.1983 0 1e-05 -2.3607607632966e-06
matrices/Nr25_Nc25/consumption/RandTrix_Nr25_Nc25_Nest0.25_Conn0.0832.txt matrices/Nr25_Nc25/syntrophy/optimized_gamma0=0.5/seed_0 0.0832 0.25 0.0816 0.383763837638376 user_input 0.0078 100000 0 0 0 0 -nan
matrices/Nr25_Nc25/consumption/RandTrix_Nr25_Nc25_Nest0.25_Conn0.1392.txt matrices/Nr25_Nc25/syntrophy/optimized_gamma0=0.5/seed_0 0.1392 0.25 0.1552 0.234857849196539 user_input 0.0078 100000 0 0 0 0 -nan
matrices/Nr25_Nc25/consumption/RandTrix_Nr25_Nc25_Nest0.25_Conn0.184.txt matrices/Nr25_Nc25/syntrophy/optimized_gamma0=0.5/seed_0 0.184 0.245901639344262 0.1968 0.263901147396293 user_input 0.0078 100000 0 0 0 0 -nan
matrices/Nr25_Nc25/consumption/RandTrix_Nr25_Nc25_Nest0.6_Conn0.44.txt matrices/Nr25_Nc25/syntrophy/optimized_gamma0=0.5/seed_0 0.44 0.6 0 -nan user_input 0 100000 0.18009 0.18009 0 0 -9.64345004993197e-06
# File last opened on Wed May  1 18:32:33 2024
# We are writing, in that order, G-matrix location, A-matrix location, G connectance, G nestedness, A connectance, A nestedness, A-mode, alpha0 value, total number of simulations, proportion of feasible, stable, unstable, marginal and dominant eigenvalue
matrices/Nr25_Nc25/consumption/RandTrix_Nr25_Nc25_Nest0.25_Conn0.2336.txt matrices/Nr25_Nc25/syntrophy/optimized_gamma0=0.5/seed_0 0.2336 0.252631578947368 0.2448 0.301823092505064 user_input 0.0078 100000 0 0 0 0 -nan
matrices/Nr25_Nc25/consumption/RandTrix_Nr25_Nc25_Nest0.15_Conn0.08.txt matrices/Nr25_Nc25/syntrophy/optimized_gamma0=0.5/seed_0 0.0816 0.15 0.0560000000000001 0.303030303030303 user_input 0.0013 100000 0 0 0 0 -nan
matrices/Nr25_Nc25/consumption/RandTrix_Nr25_Nc25_Nest0.2_Conn0.0896.txt matrices/Nr25_Nc25/syntrophy/optimized_gamma0=0.5/seed_0 0.0896 0.2 0.0832000000000001 0.185567010309278 user_input 0.0078 100000 0 0 0 0 -nan
matrices/Nr25_Nc25/consumption/RandTrix_Nr25_Nc25_Nest0.15_Conn0.12.txt matrices/Nr25_Nc25/syntrophy/optimized_gamma0=0.5/seed_0 0.12 0.151419558359621 0.1264 0.19935691318328 user_input 0.0013 100000 0 0 0 0 -nan
matrices/Nr25_Nc25/consumption/RandTrix_Nr25_Nc25_Nest0.2_Conn0.1328.txt matrices/Nr25_Nc25/syntrophy/optimized_gamma0=0.5/seed_0 0.1328 0.2 0.1488 0.244695898161245 user_input 0.0078 100000 0 0 0 0 -nan
matrices/Nr25_Nc25/consumption/RandTrix_Nr25_Nc25_Nest0.15_Conn0.1808.txt matrices/Nr25_Nc25/syntrophy/optimized_gamma0=0.5/seed_0 0.1808 0.158059467918623 0.1888 0.1872 user_input 0.0013 100000 0 0 0 0 -nan
matrices/Nr25_Nc25/consumption/RandTrix_Nr25_Nc25_Nest0.2_Conn0.168.txt matrices/Nr25_Nc25/syntrophy/optimized_gamma0=0.5/seed_0 0.168 0.202270381836945 0.1808 0.241276171485543 user_input 0.0078 100000 0 0 0 0 -nan
matrices/Nr25_Nc25/consumption/RandTrix_Nr25_Nc25_Nest0.1_Conn0.0816.txt matrices/Nr25_Nc25/syntrophy/optimized_gamma0=0.5/seed_0 0.0816 0.1 0.0655999999999999 0.139442231075697 user_input 0.0013 100000 0 0 0 0 -nan
matrices/Nr25_Nc25/consumption/RandTrix_Nr25_Nc25_Nest0.35_Conn0.08.txt matrices/Nr25_Nc25/syntrophy/optimized_gamma0=0.5/seed_0 0.08 0.35 0.0703999999999999 0.419463087248322 user_input 0.0078 100000 0 0 0 0 -nan
matrices/Nr25_Nc25/consumption/RandTrix_Nr25_Nc25_Nest0.1_Conn0.1296.txt matrices/Nr25_Nc25/syntrophy/optimized_gamma0=0.5/seed_0 0.1296 0.10479375696767 0.1296 0.119709794437727 user_input 0.0013 100000 0 0 0 0 -nan
matrices/Nr25_Nc25/consumption/RandTrix_Nr25_Nc25_Nest0.35_Conn0.1328.txt matrices/Nr25_Nc25/syntrophy/optimized_gamma0=0.5/seed_0 0.1328 0.35 0.1536 0.325373134328358 user_input 0.0078 100000 0 0 0 0 -nan
matrices/Nr25_Nc25/consumption/RandTrix_Nr25_Nc25_Nest0.25_Conn0.0832.txt matrices/Nr25_Nc25/syntrophy/optimized_gamma0=0.5/seed_0 0.0832 0.25 0.0816 0.383763837638376 user_input 0.0013 100000 0 0 0 0 -nan
matrices/Nr25_Nc25/consumption/RandTrix_Nr25_Nc25_Nest0.35_Conn0.1712.txt matrices/Nr25_Nc25/syntrophy/optimized_gamma0=0.5/seed_0 0.1712 0.35 0.1968 0.290721649484536 user_input 0.0078 100000 0 0 0 0 -nan
matrices/Nr25_Nc25/consumption/RandTrix_Nr25_Nc25_Nest0.25_Conn0.1392.txt matrices/Nr25_Nc25/syntrophy/optimized_gamma0=0.5/seed_0 0.1392 0.25 0.1552 0.234857849196539 user_input 0.0013 100000 0 0 0 0 -nan
matrices/Nr25_Nc25/consumption/RandTrix_Nr25_Nc25_Nest0.35_Conn0.2208.txt matrices/Nr25_Nc25/syntrophy/optimized_gamma0=0.5/seed_0 0.2208 0.347043701799486 0.256 0.345964912280702 user_input 0.0078 100000 0 0 0 0 -nan
matrices/Nr25_Nc25/consumption/RandTrix_Nr25_Nc25_Nest0.25_Conn0.184.txt matrices/Nr25_Nc25/syntrophy/optimized_gamma0=0.5/seed_0 0.184 0.245901639344262 0.1968 0.263901147396293 user_input 0.0013 100000 0 0 0 0 -nan
matrices/Nr25_Nc25/consumption/RandTrix_Nr25_Nc25_Nest0.25_Conn0.2336.txt matrices/Nr25_Nc25/syntrophy/optimized_gamma0=0.5/seed_0 0.2336 0.252631578947368 0.2448 0.301823092505064 user_input 0.0013 100000 0 0 0 0 -nan
matrices/Nr25_Nc25/consumption/RandTrix_Nr25_Nc25_Nest0.35_Conn0.272.txt matrices/Nr25_Nc25/syntrophy/optimized_gamma0=0.5/seed_0 0.272 0.346769413159455 0.232 0.271092669432919 user_input 0.0078 100000 0 0 0 0 -nan
matrices/Nr25_Nc25/consumption/RandTrix_Nr25_Nc25_Nest0.2_Conn0.0896.txt matrices/Nr25_Nc25/syntrophy/optimized_gamma0=0.5/seed_0 0.0896 0.2 0.0832000000000001 0.185567010309278 user_input 0.0013 100000 0 0 0 0 -nan
matrices/Nr25_Nc25/consumption/RandTrix_Nr25_Nc25_Nest0.35_Conn0.3216.txt matrices/Nr25_Nc25/syntrophy/optimized_gamma0=0.5/seed_0 0.3216 0.354089219330855 0.288 0.338630136986301 user_input 0.0078 100000 0 0 0 0 -nan
matrices/Nr25_Nc25/consumption/RandTrix_Nr25_Nc25_Nest0.2_Conn0.1328.txt matrices/Nr25_Nc25/syntrophy/optimized_gamma0=0.5/seed_0 0.1328 0.2 0.1488 0.244695898161245 user_input 0.0013 100000 0 0 0 0 -nan
matrices/Nr25_Nc25/consumption/RandTrix_Nr25_Nc25_Nest0.3_Conn0.0816.txt matrices/Nr25_Nc25/syntrophy/optimized_gamma0=0.5/seed_0 0.0816 0.297435897435897 0.0752 0.28 user_input 0.0078 100000 0 0 0 0 -nan
matrices/Nr25_Nc25/consumption/RandTrix_Nr25_Nc25_Nest0.2_Conn0.168.txt matrices/Nr25_Nc25/syntrophy/optimized_gamma0=0.5/seed_0 0.168 0.202270381836945 0.1808 0.241276171485543 user_input 0.0013 100000 0 0 0 0 -nan
matrices/Nr25_Nc25/consumption/RandTrix_Nr25_Nc25_Nest0.3_Conn0.128.txt matrices/Nr25_Nc25/syntrophy/optimized_gamma0=0.5/seed_0 0.128 0.3 0.1408 0.320534223706177 user_input 0.0078 100000 0 0 0 0 -nan
matrices/Nr25_Nc25/consumption/RandTrix_Nr25_Nc25_Nest0.3_Conn0.1776.txt matrices/Nr25_Nc25/syntrophy/optimized_gamma0=0.5/seed_0 0.1776 0.3 0.2064 0.317325800376648 user_input 0.0078 100000 0 0 0 0 -nan
matrices/Nr25_Nc25/consumption/RandTrix_Nr25_Nc25_Nest0.35_Conn0.08.txt matrices/Nr25_Nc25/syntrophy/optimized_gamma0=0.5/seed_0 0.08 0.35 0.0703999999999999 0.419463087248322 user_input 0.0013 100000 0 0 0 0 -nan
matrices/Nr25_Nc25/consumption/RandTrix_Nr25_Nc25_Nest0.3_Conn0.2272.txt matrices/Nr25_Nc25/syntrophy/optimized_gamma0=0.5/seed_0 0.2272 0.297439759036145 0.2336 0.289970930232559 user_input 0.0078 100000 0 0 0 0 -nan
matrices/Nr25_Nc25/consumption/RandTrix_Nr25_Nc25_Nest0.35_Conn0.1328.txt matrices/Nr25_Nc25/syntrophy/optimized_gamma0=0.5/seed_0 0.1328 0.35 0.1536 0.325373134328358 user_input 0.0013 100000 0 0 0 0 -nan
matrices/Nr25_Nc25/consumption/RandTrix_Nr25_Nc25_Nest0.35_Conn0.1712.txt matrices/Nr25_Nc25/syntrophy/optimized_gamma0=0.5/seed_0 0.1712 0.35 0.1968 0.290721649484536 user_input 0.0013 100000 0 0 0 0 -nan
matrices/Nr25_Nc25/consumption/RandTrix_Nr25_Nc25_Nest0.3_Conn0.2816.txt matrices/Nr25_Nc25/syntrophy/optimized_gamma0=0.5/seed_0 0.2816 0.302762430939227 0.2608 0.294220665499124 user_input 0.0078 100000 0 0 0 0 -nan
matrices/Nr25_Nc25/consumption/RandTrix_Nr25_Nc25_Nest0.45_Conn0.0816.txt matrices/Nr25_Nc25/syntrophy/optimized_gamma0=0.5/seed_0 0.0816 0.452 0.0736000000000001 0.671974522292994 user_input 0.0078 100000 0 0 0 0 -nan
matrices/Nr25_Nc25/consumption/RandTrix_Nr25_Nc25_Nest0.35_Conn0.2208.txt matrices/Nr25_Nc25/syntrophy/optimized_gamma0=0.5/seed_0 0.2208 0.347043701799486 0.256 0.345964912280702 user_input 0.0013 100000 0 0 0 0 -nan
matrices/Nr25_Nc25/consumption/RandTrix_Nr25_Nc25_Nest0.45_Conn0.1232.txt matrices/Nr25_Nc25/syntrophy/optimized_gamma0=0.5/seed_0 0.1232 0.45 0.1168 0.276785714285714 user_input 0.0078 100000 0 0 0 0 -nan
matrices/Nr25_Nc25/consumption/RandTrix_Nr25_Nc25_Nest0.35_Conn0.272.txt matrices/Nr25_Nc25/syntrophy/optimized_gamma0=0.5/seed_0 0.272 0.346769413159455 0.232 0.271092669432919 user_input 0.0013 100000 0 0 0 0 -nan
matrices/Nr25_Nc25/consumption/RandTrix_Nr25_Nc25_Nest0.45_Conn0.1856.txt matrices/Nr25_Nc25/syntrophy/optimized_gamma0=0.5/seed_0 0.1856 0.449874686716792 0.224 0.360103626943005 user_input 0.0078 100000 0 0 0 0 -nan
matrices/Nr25_Nc25/consumption/RandTrix_Nr25_Nc25_Nest0.35_Conn0.3216.txt matrices/Nr25_Nc25/syntrophy/optimized_gamma0=0.5/seed_0 0.3216 0.354089219330855 0.288 0.338630136986301 user_input 0.0013 100000 0 0 0 0 -nan
matrices/Nr25_Nc25/consumption/RandTrix_Nr25_Nc25_Nest0.45_Conn0.216.txt matrices/Nr25_Nc25/syntrophy/optimized_gamma0=0.5/seed_0 0.216 0.45 0.2224 0.357805907172996 user_input 0.0078 100000 0 0 0 0 -nan
matrices/Nr25_Nc25/consumption/RandTrix_Nr25_Nc25_Nest0.3_Conn0.0816.txt matrices/Nr25_Nc25/syntrophy/optimized_gamma0=0.5/seed_0 0.0816 0.297435897435897 0.0752 0.28 user_input 0.0013 100000 0 0 0 0 -nan
matrices/Nr25_Nc25/consumption/RandTrix_Nr25_Nc25_Nest0.3_Conn0.128.txt matrices/Nr25_Nc25/syntrophy/optimized_gamma0=0.5/seed_0 0.128 0.3 0.1408 0.320534223706177 user_input 0.0013 100000 0 0 0 0 -nan
matrices/Nr25_Nc25/consumption/RandTrix_Nr25_Nc25_Nest0.45_Conn0.2672.txt matrices/Nr25_Nc25/syntrophy/optimized_gamma0=0.5/seed_0 0.2672 0.446518305814788 0.2688 0.370873786407767 user_input 0.0078 100000 0 0 0 0 -nan
matrices/Nr25_Nc25/consumption/RandTrix_Nr25_Nc25_Nest0.3_Conn0.1776.txt matrices/Nr25_Nc25/syntrophy/optimized_gamma0=0.5/seed_0 0.1776 0.3 0.2064 0.317325800376648 user_input 0.0013 100000 0 0 0 0 -nan
matrices/Nr25_Nc25/consumption/RandTrix_Nr25_Nc25_Nest0.45_Conn0.3168.txt matrices/Nr25_Nc25/syntrophy/optimized_gamma0=0.5/seed_0 0.3168 0.445459430413756 0.2864 0.376518218623482 user_input 0.0078 100000 0 0 0 0 -nan
matrices/Nr25_Nc25/consumption/RandTrix_Nr25_Nc25_Nest0.45_Conn0.384.txt matrices/Nr25_Nc25/syntrophy/optimized_gamma0=0.5/seed_0 0.384 0.452352708580467 0.2912 0.342019543973942 user_input 0.0078 100000 0 0 0 0 -nan
matrices/Nr25_Nc25/consumption/RandTrix_Nr25_Nc25_Nest0.3_Conn0.2272.txt matrices/Nr25_Nc25/syntrophy/optimized_gamma0=0.5/seed_0 0.2272 0.297439759036145 0.2336 0.289970930232559 user_input 0.0013 100000 0 0 0 0 -nan
matrices/Nr25_Nc25/consumption/RandTrix_Nr25_Nc25_Nest0.45_Conn0.424.txt matrices/Nr25_Nc25/syntrophy/optimized_gamma0=0.5/seed_0 0.424 0.454737583656217 0.3344 0.362800875273523 user_input 0.0078 100000 0 0 0 0 -nan
matrices/Nr25_Nc25/consumption/RandTrix_Nr25_Nc25_Nest0.3_Conn0.2816.txt matrices/Nr25_Nc25/syntrophy/optimized_gamma0=0.5/seed_0 0.2816 0.302762430939227 0.2608 0.294220665499124 user_input 0.0013 100000 0 0 0 0 -nan
matrices/Nr25_Nc25/consumption/RandTrix_Nr25_Nc25_Nest0.45_Conn0.0816.txt matrices/Nr25_Nc25/syntrophy/optimized_gamma0=0.5/seed_0 0.0816 0.452 0.0736000000000001 0.671974522292994 user_input 0.0013 100000 0 0 0 0 -nan
matrices/Nr25_Nc25/consumption/RandTrix_Nr25_Nc25_Nest0.4_Conn0.0784.txt matrices/Nr25_Nc25/syntrophy/optimized_gamma0=0.5/seed_0 0.0784 0.4 0.0592 0.588516746411483 user_input 0.0078 100000 0 0 0 0 -nan
matrices/Nr25_Nc25/consumption/RandTrix_Nr25_Nc25_Nest0.45_Conn0.1232.txt matrices/Nr25_Nc25/syntrophy/optimized_gamma0=0.5/seed_0 0.1232 0.45 0.1168 0.276785714285714 user_input 0.0013 100000 0 0 0 0 -nan
matrices/Nr25_Nc25/consumption/RandTrix_Nr25_Nc25_Nest0.4_Conn0.1232.txt matrices/Nr25_Nc25/syntrophy/optimized_gamma0=0.5/seed_0 0.1232 0.399558498896247 0.1648 0.453168044077135 user_input 0.0078 100000 0 0 0 0 -nan
matrices/Nr25_Nc25/consumption/RandTrix_Nr25_Nc25_Nest0.45_Conn0.1856.txt matrices/Nr25_Nc25/syntrophy/optimized_gamma0=0.5/seed_0 0.1856 0.449874686716792 0.224 0.360103626943005 user_input 0.0013 100000 0 0 0 0 -nan
matrices/Nr25_Nc25/consumption/RandTrix_Nr25_Nc25_Nest0.4_Conn0.2032.txt matrices/Nr25_Nc25/syntrophy/optimized_gamma0=0.5/seed_0 0.2032 0.4 0.2048 0.333976833976834 user_input 0.0078 100000 0 0 0 0 -nan
matrices/Nr25_Nc25/consumption/RandTrix_Nr25_Nc25_Nest0.4_Conn0.2288.txt matrices/Nr25_Nc25/syntrophy/optimized_gamma0=0.5/seed_0 0.2288 0.4 0.2352 0.332275971451229 user_input 0.0078 100000 0 0 0 0 -nan
matrices/Nr25_Nc25/consumption/RandTrix_Nr25_Nc25_Nest0.45_Conn0.216.txt matrices/Nr25_Nc25/syntrophy/optimized_gamma0=0.5/seed_0 0.216 0.45 0.2224 0.357805907172996 user_input 0.0013 100000 0 0 0 0 -nan
matrices/Nr25_Nc25/consumption/RandTrix_Nr25_Nc25_Nest0.4_Conn0.272.txt matrices/Nr25_Nc25/syntrophy/optimized_gamma0=0.5/seed_0 0.272 0.397260273972603 0.2912 0.38560561732007 user_input 0.0078 100000 0 0 0 0 -nan
matrices/Nr25_Nc25/consumption/RandTrix_Nr25_Nc25_Nest0.45_Conn0.2672.txt matrices/Nr25_Nc25/syntrophy/optimized_gamma0=0.5/seed_0 0.2672 0.446518305814788 0.2688 0.370873786407767 user_input 0.0013 100000 0 0 0 0 -nan
matrices/Nr25_Nc25/consumption/RandTrix_Nr25_Nc25_Nest0.4_Conn0.3312.txt matrices/Nr25_Nc25/syntrophy/optimized_gamma0=0.5/seed_0 0.3312 0.396235521235521 0.2976 0.340682414698163 user_input 0.0078 100000 0 0 0 0 -nan
matrices/Nr25_Nc25/consumption/RandTrix_Nr25_Nc25_Nest0.45_Conn0.3168.txt matrices/Nr25_Nc25/syntrophy/optimized_gamma0=0.5/seed_0 0.3168 0.445459430413756 0.2864 0.376518218623482 user_input 0.0013 100000 0 0 0 0 -nan
matrices/Nr25_Nc25/consumption/RandTrix_Nr25_Nc25_Nest0.4_Conn0.3712.txt matrices/Nr25_Nc25/syntrophy/optimized_gamma0=0.5/seed_0 0.3712 0.40494527766518 0.3264 0.356422018348623 user_input 0.0078 100000 0 0 0 0 -nan
matrices/Nr25_Nc25/consumption/RandTrix_Nr25_Nc25_Nest0.45_Conn0.384.txt matrices/Nr25_Nc25/syntrophy/optimized_gamma0=0.5/seed_0 0.384 0.452352708580467 0.2912 0.342019543973942 user_input 0.0013 100000 0 0 0 0 -nan
matrices/Nr25_Nc25/consumption/RandTrix_Nr25_Nc25_Nest0.55_Conn0.0992.txt matrices/Nr25_Nc25/syntrophy/optimized_gamma0=0.5/seed_0 0.0992 0.548109965635739 0.0879999999999999 0.50997150997151 user_input 0.0078 100000 0 0 0 0 -nan
matrices/Nr25_Nc25/consumption/RandTrix_Nr25_Nc25_Nest0.45_Conn0.424.txt matrices/Nr25_Nc25/syntrophy/optimized_gamma0=0.5/seed_0 0.424 0.454737583656217 0.3344 0.362800875273523 user_input 0.0013 100000 0 0 0 0 -nan
matrices/Nr25_Nc25/consumption/RandTrix_Nr25_Nc25_Nest0.55_Conn0.1248.txt matrices/Nr25_Nc25/syntrophy/optimized_gamma0=0.5/seed_0 0.1248 0.55 0.1136 0.428571428571429 user_input 0.0078 100000 0 0 0 0 -nan
matrices/Nr25_Nc25/consumption/RandTrix_Nr25_Nc25_Nest0.4_Conn0.0784.txt matrices/Nr25_Nc25/syntrophy/optimized_gamma0=0.5/seed_0 0.0784 0.4 0.0592 0.588516746411483 user_input 0.0013 100000 0 0 0 0 -nan
matrices/Nr25_Nc25/consumption/RandTrix_Nr25_Nc25_Nest0.55_Conn0.184.txt matrices/Nr25_Nc25/syntrophy/optimized_gamma0=0.5/seed_0 0.184 0.55019556714472 0.1904 0.428398058252428 user_input 0.0078 100000 0 0 0 0 -nan
matrices/Nr25_Nc25/consumption/RandTrix_Nr25_Nc25_Nest0.4_Conn0.1232.txt matrices/Nr25_Nc25/syntrophy/optimized_gamma0=0.5/seed_0 0.1232 0.399558498896247 0.1648 0.453168044077135 user_input 0.0013 100000 0 0 0 0 -nan
matrices/Nr25_Nc25/consumption/RandTrix_Nr25_Nc25_Nest0.55_Conn0.2304.txt matrices/Nr25_Nc25/syntrophy/optimized_gamma0=0.5/seed_0 0.2304 0.55 0.232 0.398994132439229 user_input 0.0078 100000 0 0 0 0 -nan
matrices/Nr25_Nc25/consumption/RandTrix_Nr25_Nc25_Nest0.4_Conn0.2032.txt matrices/Nr25_Nc25/syntrophy/optimized_gamma0=0.5/seed_0 0.2032 0.4 0.2048 0.333976833976834 user_input 0.0013 100000 0 0 0 0 -nan
matrices/Nr25_Nc25/consumption/RandTrix_Nr25_Nc25_Nest0.55_Conn0.3024.txt matrices/Nr25_Nc25/syntrophy/optimized_gamma0=0.5/seed_0 0.3024 0.550095724313976 0.2736 0.379807692307692 user_input 0.0078 100000 0 0 0 0 -nan
matrices/Nr25_Nc25/consumption/RandTrix_Nr25_Nc25_Nest0.4_Conn0.2288.txt matrices/Nr25_Nc25/syntrophy/optimized_gamma0=0.5/seed_0 0.2288 0.4 0.2352 0.332275971451229 user_input 0.0013 100000 0 0 0 0 -nan
matrices/Nr25_Nc25/consumption/RandTrix_Nr25_Nc25_Nest0.55_Conn0.3344.txt matrices/Nr25_Nc25/syntrophy/optimized_gamma0=0.5/seed_0 0.3344 0.547425474254743 0.2864 0.366262276140959 user_input 0.0078 100000 0 0 0 0 -nan
matrices/Nr25_Nc25/consumption/RandTrix_Nr25_Nc25_Nest0.4_Conn0.272.txt matrices/Nr25_Nc25/syntrophy/optimized_gamma0=0.5/seed_0 0.272 0.397260273972603 0.2912 0.38560561732007 user_input 0.0013 100000 0 0 0 0 -nan
matrices/Nr25_Nc25/consumption/RandTrix_Nr25_Nc25_Nest0.55_Conn0.3824.txt matrices/Nr25_Nc25/syntrophy/optimized_gamma0=0.5/seed_0 0.3824 0.547794117647059 0.3088 0.371699053313403 user_input 0.0078 100000 0 0 0 0 -nan
matrices/Nr25_Nc25/consumption/RandTrix_Nr25_Nc25_Nest0.4_Conn0.3312.txt matrices/Nr25_Nc25/syntrophy/optimized_gamma0=0.5/seed_0 0.3312 0.396235521235521 0.2976 0.340682414698163 user_input 0.0013 100000 0 0 0 0 -nan
matrices/Nr25_Nc25/consumption/RandTrix_Nr25_Nc25_Nest0.55_Conn0.4176.txt matrices/Nr25_Nc25/syntrophy/optimized_gamma0=0.5/seed_0 0.4176 0.546571541815299 0.3072 0.35832083958021 user_input 0.0078 100000 0 0 0 0 -nan
matrices/Nr25_Nc25/consumption/RandTrix_Nr25_Nc25_Nest0.4_Conn0.3712.txt matrices/Nr25_Nc25/syntrophy/optimized_gamma0=0.5/seed_0 0.3712 0.40494527766518 0.3264 0.356422018348623 user_input 0.0013 100000 0 0 0 0 -nan
matrices/Nr25_Nc25/consumption/RandTrix_Nr25_Nc25_Nest0.5_Conn0.0912.txt matrices/Nr25_Nc25/syntrophy/optimized_gamma0=0.5/seed_0 0.0912 0.50278293135436 0.0832000000000001 0.445121951219512 user_input 0.0078 100000 0 0 0 0 -nan
matrices/Nr25_Nc25/consumption/RandTrix_Nr25_Nc25_Nest0.55_Conn0.0992.txt matrices/Nr25_Nc25/syntrophy/optimized_gamma0=0.5/seed_0 0.0992 0.548109965635739 0.0879999999999999 0.50997150997151 user_input 0.0013 100000 0 0 0 0 -nan
matrices/Nr25_Nc25/consumption/RandTrix_Nr25_Nc25_Nest0.5_Conn0.1248.txt matrices/Nr25_Nc25/syntrophy/optimized_gamma0=0.5/seed_0 0.1248 0.5 0.1312 0.388118811881188 user_input 0.0078 100000 0 0 0 0 -nan
matrices/Nr25_Nc25/consumption/RandTrix_Nr25_Nc25_Nest0.55_Conn0.1248.txt matrices/Nr25_Nc25/syntrophy/optimized_gamma0=0.5/seed_0 0.1248 0.55 0.1136 0.428571428571429 user_input 0.0013 100000 0 0 0 0 -nan
matrices/Nr25_Nc25/consumption/RandTrix_Nr25_Nc25_Nest0.5_Conn0.1744.txt matrices/Nr25_Nc25/syntrophy/optimized_gamma0=0.5/seed_0 0.1744 0.5 0.2112 0.395209580838324 user_input 0.0078 100000 0 0 0 0 -nan
matrices/Nr25_Nc25/consumption/RandTrix_Nr25_Nc25_Nest0.55_Conn0.184.txt matrices/Nr25_Nc25/syntrophy/optimized_gamma0=0.5/seed_0 0.184 0.55019556714472 0.1904 0.428398058252428 user_input 0.0013 100000 0 0 0 0 -nan
matrices/Nr25_Nc25/consumption/RandTrix_Nr25_Nc25_Nest0.5_Conn0.2496.txt matrices/Nr25_Nc25/syntrophy/optimized_gamma0=0.5/seed_0 0.2496 0.5 0.248 0.404354587869363 user_input 0.0078 100000 0 0 0 0 -nan
matrices/Nr25_Nc25/consumption/RandTrix_Nr25_Nc25_Nest0.55_Conn0.2304.txt matrices/Nr25_Nc25/syntrophy/optimized_gamma0=0.5/seed_0 0.2304 0.55 0.232 0.398994132439229 user_input 0.0013 100000 0 0 0 0 -nan
matrices/Nr25_Nc25/consumption/RandTrix_Nr25_Nc25_Nest0.5_Conn0.2928.txt matrices/Nr25_Nc25/syntrophy/optimized_gamma0=0.5/seed_0 0.2928 0.5 0.2896 0.371072910491997 user_input 0.0078 100000 0 0 0 0 -nan
matrices/Nr25_Nc25/consumption/RandTrix_Nr25_Nc25_Nest0.55_Conn0.3024.txt matrices/Nr25_Nc25/syntrophy/optimized_gamma0=0.5/seed_0 0.3024 0.550095724313976 0.2736 0.379807692307692 user_input 0.0013 100000 0 0 0 0 -nan
matrices/Nr25_Nc25/consumption/RandTrix_Nr25_Nc25_Nest0.5_Conn0.32.txt matrices/Nr25_Nc25/syntrophy/optimized_gamma0=0.5/seed_0 0.32 0.498845265588915 0.2832 0.414462081128748 user_input 0.0078 100000 0 0 0 0 -nan
matrices/Nr25_Nc25/consumption/RandTrix_Nr25_Nc25_Nest0.55_Conn0.3344.txt matrices/Nr25_Nc25/syntrophy/optimized_gamma0=0.5/seed_0 0.3344 0.547425474254743 0.2864 0.366262276140959 user_input 0.0013 100000 0 0 0 0 -nan
matrices/Nr25_Nc25/consumption/RandTrix_Nr25_Nc25_Nest0.5_Conn0.3824.txt matrices/Nr25_Nc25/syntrophy/optimized_gamma0=0.5/seed_0 0.3824 0.496305953933073 0.32 0.367149758454107 user_input 0.0078 100000 0 0 0 0 -nan
matrices/Nr25_Nc25/consumption/RandTrix_Nr25_Nc25_Nest0.55_Conn0.3824.txt matrices/Nr25_Nc25/syntrophy/optimized_gamma0=0.5/seed_0 0.3824 0.547794117647059 0.3088 0.371699053313403 user_input 0.0013 100000 0 0 0 0 -nan
matrices/Nr25_Nc25/consumption/RandTrix_Nr25_Nc25_Nest0.5_Conn0.416.txt matrices/Nr25_Nc25/syntrophy/optimized_gamma0=0.5/seed_0 0.416 0.504988488104375 0.3408 0.419516643866849 user_input 0.0078 100000 0 0 0 0 -nan
matrices/Nr25_Nc25/consumption/RandTrix_Nr25_Nc25_Nest0.55_Conn0.4176.txt matrices/Nr25_Nc25/syntrophy/optimized_gamma0=0.5/seed_0 0.4176 0.546571541815299 0.3072 0.35832083958021 user_input 0.0013 100000 0 0 0 0 -nan
matrices/Nr25_Nc25/consumption/RandTrix_Nr25_Nc25_Nest0.6_Conn0.12.txt matrices/Nr25_Nc25/syntrophy/optimized_gamma0=0.5/seed_0 0.12 0.6 0.1136 0.365591397849462 user_input 0.0078 100000 0 0 0 0 -nan
matrices/Nr25_Nc25/consumption/RandTrix_Nr25_Nc25_Nest0.5_Conn0.0912.txt matrices/Nr25_Nc25/syntrophy/optimized_gamma0=0.5/seed_0 0.0912 0.50278293135436 0.0832000000000001 0.445121951219512 user_input 0.0013 100000 0 0 0 0 -nan
matrices/Nr25_Nc25/consumption/RandTrix_Nr25_Nc25_Nest0.6_Conn0.16.txt matrices/Nr25_Nc25/syntrophy/optimized_gamma0=0.5/seed_0 0.16 0.6 0.152 0.347222222222223 user_input 0.0078 100000 0 0 0 0 -nan
matrices/Nr25_Nc25/consumption/RandTrix_Nr25_Nc25_Nest0.5_Conn0.1248.txt matrices/Nr25_Nc25/syntrophy/optimized_gamma0=0.5/seed_0 0.1248 0.5 0.1312 0.388118811881188 user_input 0.0013 100000 0 0 0 0 -nan
matrices/Nr25_Nc25/consumption/RandTrix_Nr25_Nc25_Nest0.6_Conn0.2048.txt matrices/Nr25_Nc25/syntrophy/optimized_gamma0=0.5/seed_0 0.2048 0.6 0.1904 0.333680917622523 user_input 0.0078 100000 0 0 0 0 -nan
matrices/Nr25_Nc25/consumption/RandTrix_Nr25_Nc25_Nest0.5_Conn0.1744.txt matrices/Nr25_Nc25/syntrophy/optimized_gamma0=0.5/seed_0 0.1744 0.5 0.2112 0.395209580838324 user_input 0.0013 100000 0 0 0 0 -nan
matrices/Nr25_Nc25/consumption/RandTrix_Nr25_Nc25_Nest0.6_Conn0.3168.txt matrices/Nr25_Nc25/syntrophy/optimized_gamma0=0.5/seed_0 0.3168 0.599869024230517 0.288 0.463516746411483 user_input 0.0078 100000 0 0 0 0 -nan
matrices/Nr25_Nc25/consumption/RandTrix_Nr25_Nc25_Nest0.5_Conn0.2496.txt matrices/Nr25_Nc25/syntrophy/optimized_gamma0=0.5/seed_0 0.2496 0.5 0.248 0.404354587869363 user_input 0.0013 100000 0 0 0 0 -nan
matrices/Nr25_Nc25/consumption/RandTrix_Nr25_Nc25_Nest0.6_Conn0.3712.txt matrices/Nr25_Nc25/syntrophy/optimized_gamma0=0.5/seed_0 0.3712 0.595085995085995 0.3056 0.387448132780083 user_input 0.0078 100000 0 0 0 0 -nan
matrices/Nr25_Nc25/consumption/RandTrix_Nr25_Nc25_Nest0.5_Conn0.2928.txt matrices/Nr25_Nc25/syntrophy/optimized_gamma0=0.5/seed_0 0.2928 0.5 0.2896 0.371072910491997 user_input 0.0013 100000 0 0 0 0 -nan
matrices/Nr25_Nc25/consumption/RandTrix_Nr25_Nc25_Nest0.6_Conn0.44.txt matrices/Nr25_Nc25/syntrophy/optimized_gamma0=0.5/seed_0 0.44 0.6 0.3472 0.441506051098163 user_input 0.0078 100000 0 0 0 0 -nan
matrices/Nr25_Nc25/consumption/RandTrix_Nr25_Nc25_Nest0.5_Conn0.32.txt matrices/Nr25_Nc25/syntrophy/optimized_gamma0=0.5/seed_0 0.32 0.498845265588915 0.2832 0.414462081128748 user_input 0.0013 100000 0 0 0 0 -nan
matrices/Nr25_Nc25/consumption/RandTrix_Nr25_Nc25_Nest0.5_Conn0.3824.txt matrices/Nr25_Nc25/syntrophy/optimized_gamma0=0.5/seed_0 0.3824 0.496305953933073 0.32 0.367149758454107 user_input 0.0013 100000 0 0 0 0 -nan
matrices/Nr25_Nc25/consumption/RandTrix_Nr25_Nc25_Nest0.5_Conn0.416.txt matrices/Nr25_Nc25/syntrophy/optimized_gamma0=0.5/seed_0 0.416 0.504988488104375 0.3408 0.419516643866849 user_input 0.0013 100000 0 0 0 0 -nan
matrices/Nr25_Nc25/consumption/RandTrix_Nr25_Nc25_Nest0.6_Conn0.12.txt matrices/Nr25_Nc25/syntrophy/optimized_gamma0=0.5/seed_0 0.12 0.6 0.1136 0.365591397849462 user_input 0.0013 100000 0 0 0 0 -nan
matrices/Nr25_Nc25/consumption/RandTrix_Nr25_Nc25_Nest0.6_Conn0.16.txt matrices/Nr25_Nc25/syntrophy/optimized_gamma0=0.5/seed_0 0.16 0.6 0.152 0.347222222222223 user_input 0.0013 100000 0 0 0 0 -nan
matrices/Nr25_Nc25/consumption/RandTrix_Nr25_Nc25_Nest0.6_Conn0.2048.txt matrices/Nr25_Nc25/syntrophy/optimized_gamma0=0.5/seed_0 0.2048 0.6 0.1904 0.333680917622523 user_input 0.0013 100000 0 0 0 0 -nan
matrices/Nr25_Nc25/consumption/RandTrix_Nr25_Nc25_Nest0.6_Conn0.3168.txt matrices/Nr25_Nc25/syntrophy/optimized_gamma0=0.5/seed_0 0.3168 0.599869024230517 0.288 0.463516746411483 user_input 0.0013 100000 0 0 0 0 -nan
matrices/Nr25_Nc25/consumption/RandTrix_Nr25_Nc25_Nest0.6_Conn0.3712.txt matrices/Nr25_Nc25/syntrophy/optimized_gamma0=0.5/seed_0 0.3712 0.595085995085995 0.3056 0.387448132780083 user_input 0.0013 100000 0 0 0 0 -nan
matrices/Nr25_Nc25/consumption/RandTrix_Nr25_Nc25_Nest0.6_Conn0.44.txt matrices/Nr25_Nc25/syntrophy/optimized_gamma0=0.5/seed_0 0.44 0.6 0.3472 0.441506051098163 user_input 0.0013 100000 0 0 0 0 -nan
# File last opened on Wed May  1 19:06:40 2024
# We are writing, in that order, G-matrix location, A-matrix location, G connectance, G nestedness, A connectance, A nestedness, A-mode, alpha0 value, total number of simulations, proportion of feasible, stable, unstable, marginal and dominant eigenvalue
matrices/Nr25_Nc25/consumption/RandTrix_Nr25_Nc25_Nest0.15_Conn0.08.txt matrices/Nr25_Nc25/syntrophy/optimized_gamma0=0.5/seed_0 0.0816 0.15 0.0560000000000001 0.303030303030303 user_input 0.0026 100000 0 0 0 0 -nan
matrices/Nr25_Nc25/consumption/RandTrix_Nr25_Nc25_Nest0.15_Conn0.12.txt matrices/Nr25_Nc25/syntrophy/optimized_gamma0=0.5/seed_0 0.12 0.151419558359621 0.1264 0.19935691318328 user_input 0.0026 100000 0 0 0 0 -nan
matrices/Nr25_Nc25/consumption/RandTrix_Nr25_Nc25_Nest0.15_Conn0.1808.txt matrices/Nr25_Nc25/syntrophy/optimized_gamma0=0.5/seed_0 0.1808 0.158059467918623 0.1888 0.1872 user_input 0.0026 100000 0 0 0 0 -nan
matrices/Nr25_Nc25/consumption/RandTrix_Nr25_Nc25_Nest0.1_Conn0.0816.txt matrices/Nr25_Nc25/syntrophy/optimized_gamma0=0.5/seed_0 0.0816 0.1 0.0655999999999999 0.139442231075697 user_input 0.0026 100000 0 0 0 0 -nan
matrices/Nr25_Nc25/consumption/RandTrix_Nr25_Nc25_Nest0.1_Conn0.1296.txt matrices/Nr25_Nc25/syntrophy/optimized_gamma0=0.5/seed_0 0.1296 0.10479375696767 0.1296 0.119709794437727 user_input 0.0026 100000 0 0 0 0 -nan
matrices/Nr25_Nc25/consumption/RandTrix_Nr25_Nc25_Nest0.25_Conn0.0832.txt matrices/Nr25_Nc25/syntrophy/optimized_gamma0=0.5/seed_0 0.0832 0.25 0.0816 0.383763837638376 user_input 0.0026 100000 0 0 0 0 -nan
matrices/Nr25_Nc25/consumption/RandTrix_Nr25_Nc25_Nest0.25_Conn0.1392.txt matrices/Nr25_Nc25/syntrophy/optimized_gamma0=0.5/seed_0 0.1392 0.25 0.1552 0.234857849196539 user_input 0.0026 100000 0 0 0 0 -nan
matrices/Nr25_Nc25/consumption/RandTrix_Nr25_Nc25_Nest0.25_Conn0.184.txt matrices/Nr25_Nc25/syntrophy/optimized_gamma0=0.5/seed_0 0.184 0.245901639344262 0.1968 0.263901147396293 user_input 0.0026 100000 0 0 0 0 -nan
matrices/Nr25_Nc25/consumption/RandTrix_Nr25_Nc25_Nest0.25_Conn0.2336.txt matrices/Nr25_Nc25/syntrophy/optimized_gamma0=0.5/seed_0 0.2336 0.252631578947368 0.2448 0.301823092505064 user_input 0.0026 100000 0 0 0 0 -nan
matrices/Nr25_Nc25/consumption/RandTrix_Nr25_Nc25_Nest0.2_Conn0.0896.txt matrices/Nr25_Nc25/syntrophy/optimized_gamma0=0.5/seed_0 0.0896 0.2 0.0832000000000001 0.185567010309278 user_input 0.0026 100000 0 0 0 0 -nan
matrices/Nr25_Nc25/consumption/RandTrix_Nr25_Nc25_Nest0.2_Conn0.1328.txt matrices/Nr25_Nc25/syntrophy/optimized_gamma0=0.5/seed_0 0.1328 0.2 0.1488 0.244695898161245 user_input 0.0026 100000 0 0 0 0 -nan
matrices/Nr25_Nc25/consumption/RandTrix_Nr25_Nc25_Nest0.2_Conn0.168.txt matrices/Nr25_Nc25/syntrophy/optimized_gamma0=0.5/seed_0 0.168 0.202270381836945 0.1808 0.241276171485543 user_input 0.0026 100000 0 0 0 0 -nan
matrices/Nr25_Nc25/consumption/RandTrix_Nr25_Nc25_Nest0.35_Conn0.08.txt matrices/Nr25_Nc25/syntrophy/optimized_gamma0=0.5/seed_0 0.08 0.35 0.0703999999999999 0.419463087248322 user_input 0.0026 100000 0 0 0 0 -nan
matrices/Nr25_Nc25/consumption/RandTrix_Nr25_Nc25_Nest0.35_Conn0.1328.txt matrices/Nr25_Nc25/syntrophy/optimized_gamma0=0.5/seed_0 0.1328 0.35 0.1536 0.325373134328358 user_input 0.0026 100000 0 0 0 0 -nan
matrices/Nr25_Nc25/consumption/RandTrix_Nr25_Nc25_Nest0.35_Conn0.1712.txt matrices/Nr25_Nc25/syntrophy/optimized_gamma0=0.5/seed_0 0.1712 0.35 0.1968 0.290721649484536 user_input 0.0026 100000 0 0 0 0 -nan
matrices/Nr25_Nc25/consumption/RandTrix_Nr25_Nc25_Nest0.35_Conn0.2208.txt matrices/Nr25_Nc25/syntrophy/optimized_gamma0=0.5/seed_0 0.2208 0.347043701799486 0.256 0.345964912280702 user_input 0.0026 100000 0 0 0 0 -nan
matrices/Nr25_Nc25/consumption/RandTrix_Nr25_Nc25_Nest0.35_Conn0.272.txt matrices/Nr25_Nc25/syntrophy/optimized_gamma0=0.5/seed_0 0.272 0.346769413159455 0.232 0.271092669432919 user_input 0.0026 100000 0 0 0 0 -nan
matrices/Nr25_Nc25/consumption/RandTrix_Nr25_Nc25_Nest0.35_Conn0.3216.txt matrices/Nr25_Nc25/syntrophy/optimized_gamma0=0.5/seed_0 0.3216 0.354089219330855 0.288 0.338630136986301 user_input 0.0026 100000 0 0 0 0 -nan
matrices/Nr25_Nc25/consumption/RandTrix_Nr25_Nc25_Nest0.3_Conn0.0816.txt matrices/Nr25_Nc25/syntrophy/optimized_gamma0=0.5/seed_0 0.0816 0.297435897435897 0.0752 0.28 user_input 0.0026 100000 0 0 0 0 -nan
matrices/Nr25_Nc25/consumption/RandTrix_Nr25_Nc25_Nest0.3_Conn0.128.txt matrices/Nr25_Nc25/syntrophy/optimized_gamma0=0.5/seed_0 0.128 0.3 0.1408 0.320534223706177 user_input 0.0026 100000 0 0 0 0 -nan
matrices/Nr25_Nc25/consumption/RandTrix_Nr25_Nc25_Nest0.3_Conn0.1776.txt matrices/Nr25_Nc25/syntrophy/optimized_gamma0=0.5/seed_0 0.1776 0.3 0.2064 0.317325800376648 user_input 0.0026 100000 0 0 0 0 -nan
matrices/Nr25_Nc25/consumption/RandTrix_Nr25_Nc25_Nest0.3_Conn0.2272.txt matrices/Nr25_Nc25/syntrophy/optimized_gamma0=0.5/seed_0 0.2272 0.297439759036145 0.2336 0.289970930232559 user_input 0.0026 100000 0 0 0 0 -nan
matrices/Nr25_Nc25/consumption/RandTrix_Nr25_Nc25_Nest0.3_Conn0.2816.txt matrices/Nr25_Nc25/syntrophy/optimized_gamma0=0.5/seed_0 0.2816 0.302762430939227 0.2608 0.294220665499124 user_input 0.0026 100000 0 0 0 0 -nan
matrices/Nr25_Nc25/consumption/RandTrix_Nr25_Nc25_Nest0.45_Conn0.0816.txt matrices/Nr25_Nc25/syntrophy/optimized_gamma0=0.5/seed_0 0.0816 0.452 0.0736000000000001 0.671974522292994 user_input 0.0026 100000 0 0 0 0 -nan
matrices/Nr25_Nc25/consumption/RandTrix_Nr25_Nc25_Nest0.45_Conn0.1232.txt matrices/Nr25_Nc25/syntrophy/optimized_gamma0=0.5/seed_0 0.1232 0.45 0.1168 0.276785714285714 user_input 0.0026 100000 0 0 0 0 -nan
matrices/Nr25_Nc25/consumption/RandTrix_Nr25_Nc25_Nest0.45_Conn0.1856.txt matrices/Nr25_Nc25/syntrophy/optimized_gamma0=0.5/seed_0 0.1856 0.449874686716792 0.224 0.360103626943005 user_input 0.0026 100000 0 0 0 0 -nan
matrices/Nr25_Nc25/consumption/RandTrix_Nr25_Nc25_Nest0.45_Conn0.216.txt matrices/Nr25_Nc25/syntrophy/optimized_gamma0=0.5/seed_0 0.216 0.45 0.2224 0.357805907172996 user_input 0.0026 100000 0 0 0 0 -nan
matrices/Nr25_Nc25/consumption/RandTrix_Nr25_Nc25_Nest0.45_Conn0.2672.txt matrices/Nr25_Nc25/syntrophy/optimized_gamma0=0.5/seed_0 0.2672 0.446518305814788 0.2688 0.370873786407767 user_input 0.0026 100000 0 0 0 0 -nan
matrices/Nr25_Nc25/consumption/RandTrix_Nr25_Nc25_Nest0.45_Conn0.3168.txt matrices/Nr25_Nc25/syntrophy/optimized_gamma0=0.5/seed_0 0.3168 0.445459430413756 0.2864 0.376518218623482 user_input 0.0026 100000 0 0 0 0 -nan
matrices/Nr25_Nc25/consumption/RandTrix_Nr25_Nc25_Nest0.45_Conn0.384.txt matrices/Nr25_Nc25/syntrophy/optimized_gamma0=0.5/seed_0 0.384 0.452352708580467 0.2912 0.342019543973942 user_input 0.0026 100000 0 0 0 0 -nan
matrices/Nr25_Nc25/consumption/RandTrix_Nr25_Nc25_Nest0.45_Conn0.424.txt matrices/Nr25_Nc25/syntrophy/optimized_gamma0=0.5/seed_0 0.424 0.454737583656217 0.3344 0.362800875273523 user_input 0.0026 100000 0 0 0 0 -nan
matrices/Nr25_Nc25/consumption/RandTrix_Nr25_Nc25_Nest0.4_Conn0.0784.txt matrices/Nr25_Nc25/syntrophy/optimized_gamma0=0.5/seed_0 0.0784 0.4 0.0592 0.588516746411483 user_input 0.0026 100000 0 0 0 0 -nan
matrices/Nr25_Nc25/consumption/RandTrix_Nr25_Nc25_Nest0.4_Conn0.1232.txt matrices/Nr25_Nc25/syntrophy/optimized_gamma0=0.5/seed_0 0.1232 0.399558498896247 0.1648 0.453168044077135 user_input 0.0026 100000 0 0 0 0 -nan
matrices/Nr25_Nc25/consumption/RandTrix_Nr25_Nc25_Nest0.4_Conn0.2032.txt matrices/Nr25_Nc25/syntrophy/optimized_gamma0=0.5/seed_0 0.2032 0.4 0.2048 0.333976833976834 user_input 0.0026 100000 0 0 0 0 -nan
matrices/Nr25_Nc25/consumption/RandTrix_Nr25_Nc25_Nest0.4_Conn0.2288.txt matrices/Nr25_Nc25/syntrophy/optimized_gamma0=0.5/seed_0 0.2288 0.4 0.2352 0.332275971451229 user_input 0.0026 100000 0 0 0 0 -nan
matrices/Nr25_Nc25/consumption/RandTrix_Nr25_Nc25_Nest0.4_Conn0.272.txt matrices/Nr25_Nc25/syntrophy/optimized_gamma0=0.5/seed_0 0.272 0.397260273972603 0.2912 0.38560561732007 user_input 0.0026 100000 0 0 0 0 -nan
matrices/Nr25_Nc25/consumption/RandTrix_Nr25_Nc25_Nest0.4_Conn0.3312.txt matrices/Nr25_Nc25/syntrophy/optimized_gamma0=0.5/seed_0 0.3312 0.396235521235521 0.2976 0.340682414698163 user_input 0.0026 100000 0 0 0 0 -nan
matrices/Nr25_Nc25/consumption/RandTrix_Nr25_Nc25_Nest0.4_Conn0.3712.txt matrices/Nr25_Nc25/syntrophy/optimized_gamma0=0.5/seed_0 0.3712 0.40494527766518 0.3264 0.356422018348623 user_input 0.0026 100000 0 0 0 0 -nan
matrices/Nr25_Nc25/consumption/RandTrix_Nr25_Nc25_Nest0.55_Conn0.0992.txt matrices/Nr25_Nc25/syntrophy/optimized_gamma0=0.5/seed_0 0.0992 0.548109965635739 0.0879999999999999 0.50997150997151 user_input 0.0026 100000 0 0 0 0 -nan
matrices/Nr25_Nc25/consumption/RandTrix_Nr25_Nc25_Nest0.55_Conn0.1248.txt matrices/Nr25_Nc25/syntrophy/optimized_gamma0=0.5/seed_0 0.1248 0.55 0.1136 0.428571428571429 user_input 0.0026 100000 0 0 0 0 -nan
matrices/Nr25_Nc25/consumption/RandTrix_Nr25_Nc25_Nest0.55_Conn0.184.txt matrices/Nr25_Nc25/syntrophy/optimized_gamma0=0.5/seed_0 0.184 0.55019556714472 0.1904 0.428398058252428 user_input 0.0026 100000 0 0 0 0 -nan
matrices/Nr25_Nc25/consumption/RandTrix_Nr25_Nc25_Nest0.55_Conn0.2304.txt matrices/Nr25_Nc25/syntrophy/optimized_gamma0=0.5/seed_0 0.2304 0.55 0.232 0.398994132439229 user_input 0.0026 100000 0 0 0 0 -nan
matrices/Nr25_Nc25/consumption/RandTrix_Nr25_Nc25_Nest0.55_Conn0.3024.txt matrices/Nr25_Nc25/syntrophy/optimized_gamma0=0.5/seed_0 0.3024 0.550095724313976 0.2736 0.379807692307692 user_input 0.0026 100000 0 0 0 0 -nan
matrices/Nr25_Nc25/consumption/RandTrix_Nr25_Nc25_Nest0.55_Conn0.3344.txt matrices/Nr25_Nc25/syntrophy/optimized_gamma0=0.5/seed_0 0.3344 0.547425474254743 0.2864 0.366262276140959 user_input 0.0026 100000 0 0 0 0 -nan
matrices/Nr25_Nc25/consumption/RandTrix_Nr25_Nc25_Nest0.55_Conn0.3824.txt matrices/Nr25_Nc25/syntrophy/optimized_gamma0=0.5/seed_0 0.3824 0.547794117647059 0.3088 0.371699053313403 user_input 0.0026 100000 0 0 0 0 -nan
matrices/Nr25_Nc25/consumption/RandTrix_Nr25_Nc25_Nest0.55_Conn0.4176.txt matrices/Nr25_Nc25/syntrophy/optimized_gamma0=0.5/seed_0 0.4176 0.546571541815299 0.3072 0.35832083958021 user_input 0.0026 100000 0 0 0 0 -nan
matrices/Nr25_Nc25/consumption/RandTrix_Nr25_Nc25_Nest0.5_Conn0.0912.txt matrices/Nr25_Nc25/syntrophy/optimized_gamma0=0.5/seed_0 0.0912 0.50278293135436 0.0832000000000001 0.445121951219512 user_input 0.0026 100000 0 0 0 0 -nan
matrices/Nr25_Nc25/consumption/RandTrix_Nr25_Nc25_Nest0.5_Conn0.1248.txt matrices/Nr25_Nc25/syntrophy/optimized_gamma0=0.5/seed_0 0.1248 0.5 0.1312 0.388118811881188 user_input 0.0026 100000 0 0 0 0 -nan
matrices/Nr25_Nc25/consumption/RandTrix_Nr25_Nc25_Nest0.5_Conn0.1744.txt matrices/Nr25_Nc25/syntrophy/optimized_gamma0=0.5/seed_0 0.1744 0.5 0.2112 0.395209580838324 user_input 0.0026 100000 0 0 0 0 -nan
matrices/Nr25_Nc25/consumption/RandTrix_Nr25_Nc25_Nest0.5_Conn0.2496.txt matrices/Nr25_Nc25/syntrophy/optimized_gamma0=0.5/seed_0 0.2496 0.5 0.248 0.404354587869363 user_input 0.0026 100000 0 0 0 0 -nan
matrices/Nr25_Nc25/consumption/RandTrix_Nr25_Nc25_Nest0.5_Conn0.2928.txt matrices/Nr25_Nc25/syntrophy/optimized_gamma0=0.5/seed_0 0.2928 0.5 0.2896 0.371072910491997 user_input 0.0026 100000 0 0 0 0 -nan
matrices/Nr25_Nc25/consumption/RandTrix_Nr25_Nc25_Nest0.5_Conn0.32.txt matrices/Nr25_Nc25/syntrophy/optimized_gamma0=0.5/seed_0 0.32 0.498845265588915 0.2832 0.414462081128748 user_input 0.0026 100000 0 0 0 0 -nan
matrices/Nr25_Nc25/consumption/RandTrix_Nr25_Nc25_Nest0.5_Conn0.3824.txt matrices/Nr25_Nc25/syntrophy/optimized_gamma0=0.5/seed_0 0.3824 0.496305953933073 0.32 0.367149758454107 user_input 0.0026 100000 0 0 0 0 -nan
matrices/Nr25_Nc25/consumption/RandTrix_Nr25_Nc25_Nest0.5_Conn0.416.txt matrices/Nr25_Nc25/syntrophy/optimized_gamma0=0.5/seed_0 0.416 0.504988488104375 0.3408 0.419516643866849 user_input 0.0026 100000 0 0 0 0 -nan
matrices/Nr25_Nc25/consumption/RandTrix_Nr25_Nc25_Nest0.6_Conn0.12.txt matrices/Nr25_Nc25/syntrophy/optimized_gamma0=0.5/seed_0 0.12 0.6 0.1136 0.365591397849462 user_input 0.0026 100000 0 0 0 0 -nan
matrices/Nr25_Nc25/consumption/RandTrix_Nr25_Nc25_Nest0.6_Conn0.16.txt matrices/Nr25_Nc25/syntrophy/optimized_gamma0=0.5/seed_0 0.16 0.6 0.152 0.347222222222223 user_input 0.0026 100000 0 0 0 0 -nan
matrices/Nr25_Nc25/consumption/RandTrix_Nr25_Nc25_Nest0.6_Conn0.2048.txt matrices/Nr25_Nc25/syntrophy/optimized_gamma0=0.5/seed_0 0.2048 0.6 0.1904 0.333680917622523 user_input 0.0026 100000 0 0 0 0 -nan
matrices/Nr25_Nc25/consumption/RandTrix_Nr25_Nc25_Nest0.6_Conn0.3168.txt matrices/Nr25_Nc25/syntrophy/optimized_gamma0=0.5/seed_0 0.3168 0.599869024230517 0.288 0.463516746411483 user_input 0.0026 100000 0 0 0 0 -nan
matrices/Nr25_Nc25/consumption/RandTrix_Nr25_Nc25_Nest0.6_Conn0.3712.txt matrices/Nr25_Nc25/syntrophy/optimized_gamma0=0.5/seed_0 0.3712 0.595085995085995 0.3056 0.387448132780083 user_input 0.0026 100000 0 0 0 0 -nan
matrices/Nr25_Nc25/consumption/RandTrix_Nr25_Nc25_Nest0.6_Conn0.44.txt matrices/Nr25_Nc25/syntrophy/optimized_gamma0=0.5/seed_0 0.44 0.6 0.3472 0.441506051098163 user_input 0.0026 100000 0 0 0 0 -nan
# File last opened on Wed May  1 19:38:38 2024
# We are writing, in that order, G-matrix location, A-matrix location, G connectance, G nestedness, A connectance, A nestedness, A-mode, alpha0 value, total number of simulations, proportion of feasible, stable, unstable, marginal and dominant eigenvalue
matrices/Nr25_Nc25/consumption/RandTrix_Nr25_Nc25_Nest0.15_Conn0.08.txt matrices/Nr25_Nc25/syntrophy/optimized_gamma0=0.5/seed_0 0.0816 0.15 0.0560000000000001 0.303030303030303 user_input 0.0052 100000 0 0 0 0 -nan
matrices/Nr25_Nc25/consumption/RandTrix_Nr25_Nc25_Nest0.15_Conn0.12.txt matrices/Nr25_Nc25/syntrophy/optimized_gamma0=0.5/seed_0 0.12 0.151419558359621 0.1264 0.19935691318328 user_input 0.0052 100000 0 0 0 0 -nan
matrices/Nr25_Nc25/consumption/RandTrix_Nr25_Nc25_Nest0.15_Conn0.1808.txt matrices/Nr25_Nc25/syntrophy/optimized_gamma0=0.5/seed_0 0.1808 0.158059467918623 0.1888 0.1872 user_input 0.0052 100000 0 0 0 0 -nan
matrices/Nr25_Nc25/consumption/RandTrix_Nr25_Nc25_Nest0.1_Conn0.0816.txt matrices/Nr25_Nc25/syntrophy/optimized_gamma0=0.5/seed_0 0.0816 0.1 0.0655999999999999 0.139442231075697 user_input 0.0052 100000 0 0 0 0 -nan
matrices/Nr25_Nc25/consumption/RandTrix_Nr25_Nc25_Nest0.1_Conn0.1296.txt matrices/Nr25_Nc25/syntrophy/optimized_gamma0=0.5/seed_0 0.1296 0.10479375696767 0.1296 0.119709794437727 user_input 0.0052 100000 0 0 0 0 -nan
matrices/Nr25_Nc25/consumption/RandTrix_Nr25_Nc25_Nest0.25_Conn0.0832.txt matrices/Nr25_Nc25/syntrophy/optimized_gamma0=0.5/seed_0 0.0832 0.25 0.0816 0.383763837638376 user_input 0.0052 100000 0 0 0 0 -nan
matrices/Nr25_Nc25/consumption/RandTrix_Nr25_Nc25_Nest0.25_Conn0.1392.txt matrices/Nr25_Nc25/syntrophy/optimized_gamma0=0.5/seed_0 0.1392 0.25 0.1552 0.234857849196539 user_input 0.0052 100000 0 0 0 0 -nan
matrices/Nr25_Nc25/consumption/RandTrix_Nr25_Nc25_Nest0.25_Conn0.184.txt matrices/Nr25_Nc25/syntrophy/optimized_gamma0=0.5/seed_0 0.184 0.245901639344262 0.1968 0.263901147396293 user_input 0.0052 100000 0 0 0 0 -nan
matrices/Nr25_Nc25/consumption/RandTrix_Nr25_Nc25_Nest0.25_Conn0.2336.txt matrices/Nr25_Nc25/syntrophy/optimized_gamma0=0.5/seed_0 0.2336 0.252631578947368 0.2448 0.301823092505064 user_input 0.0052 100000 0 0 0 0 -nan
matrices/Nr25_Nc25/consumption/RandTrix_Nr25_Nc25_Nest0.2_Conn0.0896.txt matrices/Nr25_Nc25/syntrophy/optimized_gamma0=0.5/seed_0 0.0896 0.2 0.0832000000000001 0.185567010309278 user_input 0.0052 100000 0 0 0 0 -nan
matrices/Nr25_Nc25/consumption/RandTrix_Nr25_Nc25_Nest0.2_Conn0.1328.txt matrices/Nr25_Nc25/syntrophy/optimized_gamma0=0.5/seed_0 0.1328 0.2 0.1488 0.244695898161245 user_input 0.0052 100000 0 0 0 0 -nan
matrices/Nr25_Nc25/consumption/RandTrix_Nr25_Nc25_Nest0.2_Conn0.168.txt matrices/Nr25_Nc25/syntrophy/optimized_gamma0=0.5/seed_0 0.168 0.202270381836945 0.1808 0.241276171485543 user_input 0.0052 100000 0 0 0 0 -nan
matrices/Nr25_Nc25/consumption/RandTrix_Nr25_Nc25_Nest0.35_Conn0.08.txt matrices/Nr25_Nc25/syntrophy/optimized_gamma0=0.5/seed_0 0.08 0.35 0.0703999999999999 0.419463087248322 user_input 0.0052 100000 0 0 0 0 -nan
matrices/Nr25_Nc25/consumption/RandTrix_Nr25_Nc25_Nest0.35_Conn0.1328.txt matrices/Nr25_Nc25/syntrophy/optimized_gamma0=0.5/seed_0 0.1328 0.35 0.1536 0.325373134328358 user_input 0.0052 100000 0 0 0 0 -nan
matrices/Nr25_Nc25/consumption/RandTrix_Nr25_Nc25_Nest0.35_Conn0.1712.txt matrices/Nr25_Nc25/syntrophy/optimized_gamma0=0.5/seed_0 0.1712 0.35 0.1968 0.290721649484536 user_input 0.0052 100000 0 0 0 0 -nan
matrices/Nr25_Nc25/consumption/RandTrix_Nr25_Nc25_Nest0.35_Conn0.2208.txt matrices/Nr25_Nc25/syntrophy/optimized_gamma0=0.5/seed_0 0.2208 0.347043701799486 0.256 0.345964912280702 user_input 0.0052 100000 0 0 0 0 -nan
matrices/Nr25_Nc25/consumption/RandTrix_Nr25_Nc25_Nest0.35_Conn0.272.txt matrices/Nr25_Nc25/syntrophy/optimized_gamma0=0.5/seed_0 0.272 0.346769413159455 0.232 0.271092669432919 user_input 0.0052 100000 0 0 0 0 -nan
matrices/Nr25_Nc25/consumption/RandTrix_Nr25_Nc25_Nest0.35_Conn0.3216.txt matrices/Nr25_Nc25/syntrophy/optimized_gamma0=0.5/seed_0 0.3216 0.354089219330855 0.288 0.338630136986301 user_input 0.0052 100000 0 0 0 0 -nan
matrices/Nr25_Nc25/consumption/RandTrix_Nr25_Nc25_Nest0.3_Conn0.0816.txt matrices/Nr25_Nc25/syntrophy/optimized_gamma0=0.5/seed_0 0.0816 0.297435897435897 0.0752 0.28 user_input 0.0052 100000 0 0 0 0 -nan
matrices/Nr25_Nc25/consumption/RandTrix_Nr25_Nc25_Nest0.3_Conn0.128.txt matrices/Nr25_Nc25/syntrophy/optimized_gamma0=0.5/seed_0 0.128 0.3 0.1408 0.320534223706177 user_input 0.0052 100000 0 0 0 0 -nan
matrices/Nr25_Nc25/consumption/RandTrix_Nr25_Nc25_Nest0.3_Conn0.1776.txt matrices/Nr25_Nc25/syntrophy/optimized_gamma0=0.5/seed_0 0.1776 0.3 0.2064 0.317325800376648 user_input 0.0052 100000 0 0 0 0 -nan
matrices/Nr25_Nc25/consumption/RandTrix_Nr25_Nc25_Nest0.3_Conn0.2272.txt matrices/Nr25_Nc25/syntrophy/optimized_gamma0=0.5/seed_0 0.2272 0.297439759036145 0.2336 0.289970930232559 user_input 0.0052 100000 0 0 0 0 -nan
matrices/Nr25_Nc25/consumption/RandTrix_Nr25_Nc25_Nest0.3_Conn0.2816.txt matrices/Nr25_Nc25/syntrophy/optimized_gamma0=0.5/seed_0 0.2816 0.302762430939227 0.2608 0.294220665499124 user_input 0.0052 100000 0 0 0 0 -nan
matrices/Nr25_Nc25/consumption/RandTrix_Nr25_Nc25_Nest0.45_Conn0.0816.txt matrices/Nr25_Nc25/syntrophy/optimized_gamma0=0.5/seed_0 0.0816 0.452 0.0736000000000001 0.671974522292994 user_input 0.0052 100000 0 0 0 0 -nan
matrices/Nr25_Nc25/consumption/RandTrix_Nr25_Nc25_Nest0.45_Conn0.1232.txt matrices/Nr25_Nc25/syntrophy/optimized_gamma0=0.5/seed_0 0.1232 0.45 0.1168 0.276785714285714 user_input 0.0052 100000 0 0 0 0 -nan
matrices/Nr25_Nc25/consumption/RandTrix_Nr25_Nc25_Nest0.45_Conn0.1856.txt matrices/Nr25_Nc25/syntrophy/optimized_gamma0=0.5/seed_0 0.1856 0.449874686716792 0.224 0.360103626943005 user_input 0.0052 100000 0 0 0 0 -nan
matrices/Nr25_Nc25/consumption/RandTrix_Nr25_Nc25_Nest0.45_Conn0.216.txt matrices/Nr25_Nc25/syntrophy/optimized_gamma0=0.5/seed_0 0.216 0.45 0.2224 0.357805907172996 user_input 0.0052 100000 0 0 0 0 -nan
matrices/Nr25_Nc25/consumption/RandTrix_Nr25_Nc25_Nest0.45_Conn0.2672.txt matrices/Nr25_Nc25/syntrophy/optimized_gamma0=0.5/seed_0 0.2672 0.446518305814788 0.2688 0.370873786407767 user_input 0.0052 100000 0 0 0 0 -nan
matrices/Nr25_Nc25/consumption/RandTrix_Nr25_Nc25_Nest0.45_Conn0.3168.txt matrices/Nr25_Nc25/syntrophy/optimized_gamma0=0.5/seed_0 0.3168 0.445459430413756 0.2864 0.376518218623482 user_input 0.0052 100000 0 0 0 0 -nan
matrices/Nr25_Nc25/consumption/RandTrix_Nr25_Nc25_Nest0.45_Conn0.384.txt matrices/Nr25_Nc25/syntrophy/optimized_gamma0=0.5/seed_0 0.384 0.452352708580467 0.2912 0.342019543973942 user_input 0.0052 100000 0 0 0 0 -nan
matrices/Nr25_Nc25/consumption/RandTrix_Nr25_Nc25_Nest0.45_Conn0.424.txt matrices/Nr25_Nc25/syntrophy/optimized_gamma0=0.5/seed_0 0.424 0.454737583656217 0.3344 0.362800875273523 user_input 0.0052 100000 0 0 0 0 -nan
matrices/Nr25_Nc25/consumption/RandTrix_Nr25_Nc25_Nest0.4_Conn0.0784.txt matrices/Nr25_Nc25/syntrophy/optimized_gamma0=0.5/seed_0 0.0784 0.4 0.0592 0.588516746411483 user_input 0.0052 100000 0 0 0 0 -nan
matrices/Nr25_Nc25/consumption/RandTrix_Nr25_Nc25_Nest0.4_Conn0.1232.txt matrices/Nr25_Nc25/syntrophy/optimized_gamma0=0.5/seed_0 0.1232 0.399558498896247 0.1648 0.453168044077135 user_input 0.0052 100000 0 0 0 0 -nan
matrices/Nr25_Nc25/consumption/RandTrix_Nr25_Nc25_Nest0.4_Conn0.2032.txt matrices/Nr25_Nc25/syntrophy/optimized_gamma0=0.5/seed_0 0.2032 0.4 0.2048 0.333976833976834 user_input 0.0052 100000 0 0 0 0 -nan
matrices/Nr25_Nc25/consumption/RandTrix_Nr25_Nc25_Nest0.4_Conn0.2288.txt matrices/Nr25_Nc25/syntrophy/optimized_gamma0=0.5/seed_0 0.2288 0.4 0.2352 0.332275971451229 user_input 0.0052 100000 0 0 0 0 -nan
matrices/Nr25_Nc25/consumption/RandTrix_Nr25_Nc25_Nest0.4_Conn0.272.txt matrices/Nr25_Nc25/syntrophy/optimized_gamma0=0.5/seed_0 0.272 0.397260273972603 0.2912 0.38560561732007 user_input 0.0052 100000 0 0 0 0 -nan
matrices/Nr25_Nc25/consumption/RandTrix_Nr25_Nc25_Nest0.4_Conn0.3312.txt matrices/Nr25_Nc25/syntrophy/optimized_gamma0=0.5/seed_0 0.3312 0.396235521235521 0.2976 0.340682414698163 user_input 0.0052 100000 0 0 0 0 -nan
matrices/Nr25_Nc25/consumption/RandTrix_Nr25_Nc25_Nest0.4_Conn0.3712.txt matrices/Nr25_Nc25/syntrophy/optimized_gamma0=0.5/seed_0 0.3712 0.40494527766518 0.3264 0.356422018348623 user_input 0.0052 100000 0 0 0 0 -nan
matrices/Nr25_Nc25/consumption/RandTrix_Nr25_Nc25_Nest0.55_Conn0.0992.txt matrices/Nr25_Nc25/syntrophy/optimized_gamma0=0.5/seed_0 0.0992 0.548109965635739 0.0879999999999999 0.50997150997151 user_input 0.0052 100000 0 0 0 0 -nan
matrices/Nr25_Nc25/consumption/RandTrix_Nr25_Nc25_Nest0.55_Conn0.1248.txt matrices/Nr25_Nc25/syntrophy/optimized_gamma0=0.5/seed_0 0.1248 0.55 0.1136 0.428571428571429 user_input 0.0052 100000 0 0 0 0 -nan
matrices/Nr25_Nc25/consumption/RandTrix_Nr25_Nc25_Nest0.55_Conn0.184.txt matrices/Nr25_Nc25/syntrophy/optimized_gamma0=0.5/seed_0 0.184 0.55019556714472 0.1904 0.428398058252428 user_input 0.0052 100000 0 0 0 0 -nan
matrices/Nr25_Nc25/consumption/RandTrix_Nr25_Nc25_Nest0.55_Conn0.2304.txt matrices/Nr25_Nc25/syntrophy/optimized_gamma0=0.5/seed_0 0.2304 0.55 0.232 0.398994132439229 user_input 0.0052 100000 0 0 0 0 -nan
matrices/Nr25_Nc25/consumption/RandTrix_Nr25_Nc25_Nest0.55_Conn0.3024.txt matrices/Nr25_Nc25/syntrophy/optimized_gamma0=0.5/seed_0 0.3024 0.550095724313976 0.2736 0.379807692307692 user_input 0.0052 100000 0 0 0 0 -nan
matrices/Nr25_Nc25/consumption/RandTrix_Nr25_Nc25_Nest0.55_Conn0.3344.txt matrices/Nr25_Nc25/syntrophy/optimized_gamma0=0.5/seed_0 0.3344 0.547425474254743 0.2864 0.366262276140959 user_input 0.0052 100000 0 0 0 0 -nan
matrices/Nr25_Nc25/consumption/RandTrix_Nr25_Nc25_Nest0.55_Conn0.3824.txt matrices/Nr25_Nc25/syntrophy/optimized_gamma0=0.5/seed_0 0.3824 0.547794117647059 0.3088 0.371699053313403 user_input 0.0052 100000 0 0 0 0 -nan
matrices/Nr25_Nc25/consumption/RandTrix_Nr25_Nc25_Nest0.55_Conn0.4176.txt matrices/Nr25_Nc25/syntrophy/optimized_gamma0=0.5/seed_0 0.4176 0.546571541815299 0.3072 0.35832083958021 user_input 0.0052 100000 0 0 0 0 -nan
matrices/Nr25_Nc25/consumption/RandTrix_Nr25_Nc25_Nest0.5_Conn0.0912.txt matrices/Nr25_Nc25/syntrophy/optimized_gamma0=0.5/seed_0 0.0912 0.50278293135436 0.0832000000000001 0.445121951219512 user_input 0.0052 100000 0 0 0 0 -nan
matrices/Nr25_Nc25/consumption/RandTrix_Nr25_Nc25_Nest0.5_Conn0.1248.txt matrices/Nr25_Nc25/syntrophy/optimized_gamma0=0.5/seed_0 0.1248 0.5 0.1312 0.388118811881188 user_input 0.0052 100000 0 0 0 0 -nan
matrices/Nr25_Nc25/consumption/RandTrix_Nr25_Nc25_Nest0.5_Conn0.1744.txt matrices/Nr25_Nc25/syntrophy/optimized_gamma0=0.5/seed_0 0.1744 0.5 0.2112 0.395209580838324 user_input 0.0052 100000 0 0 0 0 -nan
matrices/Nr25_Nc25/consumption/RandTrix_Nr25_Nc25_Nest0.5_Conn0.2496.txt matrices/Nr25_Nc25/syntrophy/optimized_gamma0=0.5/seed_0 0.2496 0.5 0.248 0.404354587869363 user_input 0.0052 100000 0 0 0 0 -nan
matrices/Nr25_Nc25/consumption/RandTrix_Nr25_Nc25_Nest0.5_Conn0.2928.txt matrices/Nr25_Nc25/syntrophy/optimized_gamma0=0.5/seed_0 0.2928 0.5 0.2896 0.371072910491997 user_input 0.0052 100000 0 0 0 0 -nan
matrices/Nr25_Nc25/consumption/RandTrix_Nr25_Nc25_Nest0.5_Conn0.32.txt matrices/Nr25_Nc25/syntrophy/optimized_gamma0=0.5/seed_0 0.32 0.498845265588915 0.2832 0.414462081128748 user_input 0.0052 100000 0 0 0 0 -nan
matrices/Nr25_Nc25/consumption/RandTrix_Nr25_Nc25_Nest0.5_Conn0.3824.txt matrices/Nr25_Nc25/syntrophy/optimized_gamma0=0.5/seed_0 0.3824 0.496305953933073 0.32 0.367149758454107 user_input 0.0052 100000 0 0 0 0 -nan
matrices/Nr25_Nc25/consumption/RandTrix_Nr25_Nc25_Nest0.5_Conn0.416.txt matrices/Nr25_Nc25/syntrophy/optimized_gamma0=0.5/seed_0 0.416 0.504988488104375 0.3408 0.419516643866849 user_input 0.0052 100000 0 0 0 0 -nan
matrices/Nr25_Nc25/consumption/RandTrix_Nr25_Nc25_Nest0.6_Conn0.12.txt matrices/Nr25_Nc25/syntrophy/optimized_gamma0=0.5/seed_0 0.12 0.6 0.1136 0.365591397849462 user_input 0.0052 100000 0 0 0 0 -nan
matrices/Nr25_Nc25/consumption/RandTrix_Nr25_Nc25_Nest0.6_Conn0.16.txt matrices/Nr25_Nc25/syntrophy/optimized_gamma0=0.5/seed_0 0.16 0.6 0.152 0.347222222222223 user_input 0.0052 100000 0 0 0 0 -nan
matrices/Nr25_Nc25/consumption/RandTrix_Nr25_Nc25_Nest0.6_Conn0.2048.txt matrices/Nr25_Nc25/syntrophy/optimized_gamma0=0.5/seed_0 0.2048 0.6 0.1904 0.333680917622523 user_input 0.0052 100000 0 0 0 0 -nan
matrices/Nr25_Nc25/consumption/RandTrix_Nr25_Nc25_Nest0.6_Conn0.3168.txt matrices/Nr25_Nc25/syntrophy/optimized_gamma0=0.5/seed_0 0.3168 0.599869024230517 0.288 0.463516746411483 user_input 0.0052 100000 0 0 0 0 -nan
matrices/Nr25_Nc25/consumption/RandTrix_Nr25_Nc25_Nest0.6_Conn0.3712.txt matrices/Nr25_Nc25/syntrophy/optimized_gamma0=0.5/seed_0 0.3712 0.595085995085995 0.3056 0.387448132780083 user_input 0.0052 100000 0 0 0 0 -nan
matrices/Nr25_Nc25/consumption/RandTrix_Nr25_Nc25_Nest0.6_Conn0.44.txt matrices/Nr25_Nc25/syntrophy/optimized_gamma0=0.5/seed_0 0.44 0.6 0.3472 0.441506051098163 user_input 0.0052 100000 0 0 0 0 -nan
# File last opened on Wed May  1 20:10:40 2024
# We are writing, in that order, G-matrix location, A-matrix location, G connectance, G nestedness, A connectance, A nestedness, A-mode, alpha0 value, total number of simulations, proportion of feasible, stable, unstable, marginal and dominant eigenvalue
matrices/Nr25_Nc25/consumption/RandTrix_Nr25_Nc25_Nest0.15_Conn0.08.txt matrices/Nr25_Nc25/syntrophy/optimized_gamma0=0.5/seed_0 0.0816 0.15 0.0560000000000001 0.303030303030303 user_input 0.0065 100000 0 0 0 0 -nan
matrices/Nr25_Nc25/consumption/RandTrix_Nr25_Nc25_Nest0.15_Conn0.12.txt matrices/Nr25_Nc25/syntrophy/optimized_gamma0=0.5/seed_0 0.12 0.151419558359621 0.1264 0.19935691318328 user_input 0.0065 100000 0 0 0 0 -nan
matrices/Nr25_Nc25/consumption/RandTrix_Nr25_Nc25_Nest0.15_Conn0.1808.txt matrices/Nr25_Nc25/syntrophy/optimized_gamma0=0.5/seed_0 0.1808 0.158059467918623 0.1888 0.1872 user_input 0.0065 100000 0 0 0 0 -nan
matrices/Nr25_Nc25/consumption/RandTrix_Nr25_Nc25_Nest0.1_Conn0.0816.txt matrices/Nr25_Nc25/syntrophy/optimized_gamma0=0.5/seed_0 0.0816 0.1 0.0655999999999999 0.139442231075697 user_input 0.0065 100000 0 0 0 0 -nan
matrices/Nr25_Nc25/consumption/RandTrix_Nr25_Nc25_Nest0.1_Conn0.1296.txt matrices/Nr25_Nc25/syntrophy/optimized_gamma0=0.5/seed_0 0.1296 0.10479375696767 0.1296 0.119709794437727 user_input 0.0065 100000 0 0 0 0 -nan
matrices/Nr25_Nc25/consumption/RandTrix_Nr25_Nc25_Nest0.25_Conn0.0832.txt matrices/Nr25_Nc25/syntrophy/optimized_gamma0=0.5/seed_0 0.0832 0.25 0.0816 0.383763837638376 user_input 0.0065 100000 0 0 0 0 -nan
matrices/Nr25_Nc25/consumption/RandTrix_Nr25_Nc25_Nest0.25_Conn0.1392.txt matrices/Nr25_Nc25/syntrophy/optimized_gamma0=0.5/seed_0 0.1392 0.25 0.1552 0.234857849196539 user_input 0.0065 100000 0 0 0 0 -nan
matrices/Nr25_Nc25/consumption/RandTrix_Nr25_Nc25_Nest0.25_Conn0.184.txt matrices/Nr25_Nc25/syntrophy/optimized_gamma0=0.5/seed_0 0.184 0.245901639344262 0.1968 0.263901147396293 user_input 0.0065 100000 0 0 0 0 -nan
matrices/Nr25_Nc25/consumption/RandTrix_Nr25_Nc25_Nest0.25_Conn0.2336.txt matrices/Nr25_Nc25/syntrophy/optimized_gamma0=0.5/seed_0 0.2336 0.252631578947368 0.2448 0.301823092505064 user_input 0.0065 100000 0 0 0 0 -nan
matrices/Nr25_Nc25/consumption/RandTrix_Nr25_Nc25_Nest0.2_Conn0.0896.txt matrices/Nr25_Nc25/syntrophy/optimized_gamma0=0.5/seed_0 0.0896 0.2 0.0832000000000001 0.185567010309278 user_input 0.0065 100000 0 0 0 0 -nan
matrices/Nr25_Nc25/consumption/RandTrix_Nr25_Nc25_Nest0.2_Conn0.1328.txt matrices/Nr25_Nc25/syntrophy/optimized_gamma0=0.5/seed_0 0.1328 0.2 0.1488 0.244695898161245 user_input 0.0065 100000 0 0 0 0 -nan
matrices/Nr25_Nc25/consumption/RandTrix_Nr25_Nc25_Nest0.2_Conn0.168.txt matrices/Nr25_Nc25/syntrophy/optimized_gamma0=0.5/seed_0 0.168 0.202270381836945 0.1808 0.241276171485543 user_input 0.0065 100000 0 0 0 0 -nan
matrices/Nr25_Nc25/consumption/RandTrix_Nr25_Nc25_Nest0.35_Conn0.08.txt matrices/Nr25_Nc25/syntrophy/optimized_gamma0=0.5/seed_0 0.08 0.35 0.0703999999999999 0.419463087248322 user_input 0.0065 100000 0 0 0 0 -nan
matrices/Nr25_Nc25/consumption/RandTrix_Nr25_Nc25_Nest0.35_Conn0.1328.txt matrices/Nr25_Nc25/syntrophy/optimized_gamma0=0.5/seed_0 0.1328 0.35 0.1536 0.325373134328358 user_input 0.0065 100000 0 0 0 0 -nan
matrices/Nr25_Nc25/consumption/RandTrix_Nr25_Nc25_Nest0.35_Conn0.1712.txt matrices/Nr25_Nc25/syntrophy/optimized_gamma0=0.5/seed_0 0.1712 0.35 0.1968 0.290721649484536 user_input 0.0065 100000 0 0 0 0 -nan
matrices/Nr25_Nc25/consumption/RandTrix_Nr25_Nc25_Nest0.35_Conn0.2208.txt matrices/Nr25_Nc25/syntrophy/optimized_gamma0=0.5/seed_0 0.2208 0.347043701799486 0.256 0.345964912280702 user_input 0.0065 100000 0 0 0 0 -nan
matrices/Nr25_Nc25/consumption/RandTrix_Nr25_Nc25_Nest0.35_Conn0.272.txt matrices/Nr25_Nc25/syntrophy/optimized_gamma0=0.5/seed_0 0.272 0.346769413159455 0.232 0.271092669432919 user_input 0.0065 100000 0 0 0 0 -nan
matrices/Nr25_Nc25/consumption/RandTrix_Nr25_Nc25_Nest0.35_Conn0.3216.txt matrices/Nr25_Nc25/syntrophy/optimized_gamma0=0.5/seed_0 0.3216 0.354089219330855 0.288 0.338630136986301 user_input 0.0065 100000 0 0 0 0 -nan
matrices/Nr25_Nc25/consumption/RandTrix_Nr25_Nc25_Nest0.3_Conn0.0816.txt matrices/Nr25_Nc25/syntrophy/optimized_gamma0=0.5/seed_0 0.0816 0.297435897435897 0.0752 0.28 user_input 0.0065 100000 0 0 0 0 -nan
matrices/Nr25_Nc25/consumption/RandTrix_Nr25_Nc25_Nest0.3_Conn0.128.txt matrices/Nr25_Nc25/syntrophy/optimized_gamma0=0.5/seed_0 0.128 0.3 0.1408 0.320534223706177 user_input 0.0065 100000 0 0 0 0 -nan
matrices/Nr25_Nc25/consumption/RandTrix_Nr25_Nc25_Nest0.3_Conn0.1776.txt matrices/Nr25_Nc25/syntrophy/optimized_gamma0=0.5/seed_0 0.1776 0.3 0.2064 0.317325800376648 user_input 0.0065 100000 0 0 0 0 -nan
matrices/Nr25_Nc25/consumption/RandTrix_Nr25_Nc25_Nest0.3_Conn0.2272.txt matrices/Nr25_Nc25/syntrophy/optimized_gamma0=0.5/seed_0 0.2272 0.297439759036145 0.2336 0.289970930232559 user_input 0.0065 100000 0 0 0 0 -nan
matrices/Nr25_Nc25/consumption/RandTrix_Nr25_Nc25_Nest0.3_Conn0.2816.txt matrices/Nr25_Nc25/syntrophy/optimized_gamma0=0.5/seed_0 0.2816 0.302762430939227 0.2608 0.294220665499124 user_input 0.0065 100000 0 0 0 0 -nan
matrices/Nr25_Nc25/consumption/RandTrix_Nr25_Nc25_Nest0.45_Conn0.0816.txt matrices/Nr25_Nc25/syntrophy/optimized_gamma0=0.5/seed_0 0.0816 0.452 0.0736000000000001 0.671974522292994 user_input 0.0065 100000 0 0 0 0 -nan
matrices/Nr25_Nc25/consumption/RandTrix_Nr25_Nc25_Nest0.45_Conn0.1232.txt matrices/Nr25_Nc25/syntrophy/optimized_gamma0=0.5/seed_0 0.1232 0.45 0.1168 0.276785714285714 user_input 0.0065 100000 0 0 0 0 -nan
matrices/Nr25_Nc25/consumption/RandTrix_Nr25_Nc25_Nest0.45_Conn0.1856.txt matrices/Nr25_Nc25/syntrophy/optimized_gamma0=0.5/seed_0 0.1856 0.449874686716792 0.224 0.360103626943005 user_input 0.0065 100000 0 0 0 0 -nan
matrices/Nr25_Nc25/consumption/RandTrix_Nr25_Nc25_Nest0.45_Conn0.216.txt matrices/Nr25_Nc25/syntrophy/optimized_gamma0=0.5/seed_0 0.216 0.45 0.2224 0.357805907172996 user_input 0.0065 100000 0 0 0 0 -nan
matrices/Nr25_Nc25/consumption/RandTrix_Nr25_Nc25_Nest0.45_Conn0.2672.txt matrices/Nr25_Nc25/syntrophy/optimized_gamma0=0.5/seed_0 0.2672 0.446518305814788 0.2688 0.370873786407767 user_input 0.0065 100000 0 0 0 0 -nan
matrices/Nr25_Nc25/consumption/RandTrix_Nr25_Nc25_Nest0.45_Conn0.3168.txt matrices/Nr25_Nc25/syntrophy/optimized_gamma0=0.5/seed_0 0.3168 0.445459430413756 0.2864 0.376518218623482 user_input 0.0065 100000 0 0 0 0 -nan
matrices/Nr25_Nc25/consumption/RandTrix_Nr25_Nc25_Nest0.45_Conn0.384.txt matrices/Nr25_Nc25/syntrophy/optimized_gamma0=0.5/seed_0 0.384 0.452352708580467 0.2912 0.342019543973942 user_input 0.0065 100000 0 0 0 0 -nan
matrices/Nr25_Nc25/consumption/RandTrix_Nr25_Nc25_Nest0.45_Conn0.424.txt matrices/Nr25_Nc25/syntrophy/optimized_gamma0=0.5/seed_0 0.424 0.454737583656217 0.3344 0.362800875273523 user_input 0.0065 100000 0 0 0 0 -nan
matrices/Nr25_Nc25/consumption/RandTrix_Nr25_Nc25_Nest0.4_Conn0.0784.txt matrices/Nr25_Nc25/syntrophy/optimized_gamma0=0.5/seed_0 0.0784 0.4 0.0592 0.588516746411483 user_input 0.0065 100000 0 0 0 0 -nan
matrices/Nr25_Nc25/consumption/RandTrix_Nr25_Nc25_Nest0.4_Conn0.1232.txt matrices/Nr25_Nc25/syntrophy/optimized_gamma0=0.5/seed_0 0.1232 0.399558498896247 0.1648 0.453168044077135 user_input 0.0065 100000 0 0 0 0 -nan
matrices/Nr25_Nc25/consumption/RandTrix_Nr25_Nc25_Nest0.4_Conn0.2032.txt matrices/Nr25_Nc25/syntrophy/optimized_gamma0=0.5/seed_0 0.2032 0.4 0.2048 0.333976833976834 user_input 0.0065 100000 0 0 0 0 -nan
matrices/Nr25_Nc25/consumption/RandTrix_Nr25_Nc25_Nest0.4_Conn0.2288.txt matrices/Nr25_Nc25/syntrophy/optimized_gamma0=0.5/seed_0 0.2288 0.4 0.2352 0.332275971451229 user_input 0.0065 100000 0 0 0 0 -nan
matrices/Nr25_Nc25/consumption/RandTrix_Nr25_Nc25_Nest0.4_Conn0.272.txt matrices/Nr25_Nc25/syntrophy/optimized_gamma0=0.5/seed_0 0.272 0.397260273972603 0.2912 0.38560561732007 user_input 0.0065 100000 0 0 0 0 -nan
matrices/Nr25_Nc25/consumption/RandTrix_Nr25_Nc25_Nest0.4_Conn0.3312.txt matrices/Nr25_Nc25/syntrophy/optimized_gamma0=0.5/seed_0 0.3312 0.396235521235521 0.2976 0.340682414698163 user_input 0.0065 100000 0 0 0 0 -nan
matrices/Nr25_Nc25/consumption/RandTrix_Nr25_Nc25_Nest0.4_Conn0.3712.txt matrices/Nr25_Nc25/syntrophy/optimized_gamma0=0.5/seed_0 0.3712 0.40494527766518 0.3264 0.356422018348623 user_input 0.0065 100000 0 0 0 0 -nan
matrices/Nr25_Nc25/consumption/RandTrix_Nr25_Nc25_Nest0.55_Conn0.0992.txt matrices/Nr25_Nc25/syntrophy/optimized_gamma0=0.5/seed_0 0.0992 0.548109965635739 0.0879999999999999 0.50997150997151 user_input 0.0065 100000 0 0 0 0 -nan
matrices/Nr25_Nc25/consumption/RandTrix_Nr25_Nc25_Nest0.55_Conn0.1248.txt matrices/Nr25_Nc25/syntrophy/optimized_gamma0=0.5/seed_0 0.1248 0.55 0.1136 0.428571428571429 user_input 0.0065 100000 0 0 0 0 -nan
matrices/Nr25_Nc25/consumption/RandTrix_Nr25_Nc25_Nest0.55_Conn0.184.txt matrices/Nr25_Nc25/syntrophy/optimized_gamma0=0.5/seed_0 0.184 0.55019556714472 0.1904 0.428398058252428 user_input 0.0065 100000 0 0 0 0 -nan
matrices/Nr25_Nc25/consumption/RandTrix_Nr25_Nc25_Nest0.55_Conn0.2304.txt matrices/Nr25_Nc25/syntrophy/optimized_gamma0=0.5/seed_0 0.2304 0.55 0.232 0.398994132439229 user_input 0.0065 100000 0 0 0 0 -nan
matrices/Nr25_Nc25/consumption/RandTrix_Nr25_Nc25_Nest0.55_Conn0.3024.txt matrices/Nr25_Nc25/syntrophy/optimized_gamma0=0.5/seed_0 0.3024 0.550095724313976 0.2736 0.379807692307692 user_input 0.0065 100000 0 0 0 0 -nan
matrices/Nr25_Nc25/consumption/RandTrix_Nr25_Nc25_Nest0.55_Conn0.3344.txt matrices/Nr25_Nc25/syntrophy/optimized_gamma0=0.5/seed_0 0.3344 0.547425474254743 0.2864 0.366262276140959 user_input 0.0065 100000 0 0 0 0 -nan
matrices/Nr25_Nc25/consumption/RandTrix_Nr25_Nc25_Nest0.55_Conn0.3824.txt matrices/Nr25_Nc25/syntrophy/optimized_gamma0=0.5/seed_0 0.3824 0.547794117647059 0.3088 0.371699053313403 user_input 0.0065 100000 0 0 0 0 -nan
matrices/Nr25_Nc25/consumption/RandTrix_Nr25_Nc25_Nest0.55_Conn0.4176.txt matrices/Nr25_Nc25/syntrophy/optimized_gamma0=0.5/seed_0 0.4176 0.546571541815299 0.3072 0.35832083958021 user_input 0.0065 100000 0 0 0 0 -nan
matrices/Nr25_Nc25/consumption/RandTrix_Nr25_Nc25_Nest0.5_Conn0.0912.txt matrices/Nr25_Nc25/syntrophy/optimized_gamma0=0.5/seed_0 0.0912 0.50278293135436 0.0832000000000001 0.445121951219512 user_input 0.0065 100000 0 0 0 0 -nan
matrices/Nr25_Nc25/consumption/RandTrix_Nr25_Nc25_Nest0.5_Conn0.1248.txt matrices/Nr25_Nc25/syntrophy/optimized_gamma0=0.5/seed_0 0.1248 0.5 0.1312 0.388118811881188 user_input 0.0065 100000 0 0 0 0 -nan
matrices/Nr25_Nc25/consumption/RandTrix_Nr25_Nc25_Nest0.5_Conn0.1744.txt matrices/Nr25_Nc25/syntrophy/optimized_gamma0=0.5/seed_0 0.1744 0.5 0.2112 0.395209580838324 user_input 0.0065 100000 0 0 0 0 -nan
matrices/Nr25_Nc25/consumption/RandTrix_Nr25_Nc25_Nest0.5_Conn0.2496.txt matrices/Nr25_Nc25/syntrophy/optimized_gamma0=0.5/seed_0 0.2496 0.5 0.248 0.404354587869363 user_input 0.0065 100000 0 0 0 0 -nan
matrices/Nr25_Nc25/consumption/RandTrix_Nr25_Nc25_Nest0.5_Conn0.2928.txt matrices/Nr25_Nc25/syntrophy/optimized_gamma0=0.5/seed_0 0.2928 0.5 0.2896 0.371072910491997 user_input 0.0065 100000 0 0 0 0 -nan
matrices/Nr25_Nc25/consumption/RandTrix_Nr25_Nc25_Nest0.5_Conn0.32.txt matrices/Nr25_Nc25/syntrophy/optimized_gamma0=0.5/seed_0 0.32 0.498845265588915 0.2832 0.414462081128748 user_input 0.0065 100000 0 0 0 0 -nan
matrices/Nr25_Nc25/consumption/RandTrix_Nr25_Nc25_Nest0.5_Conn0.3824.txt matrices/Nr25_Nc25/syntrophy/optimized_gamma0=0.5/seed_0 0.3824 0.496305953933073 0.32 0.367149758454107 user_input 0.0065 100000 0 0 0 0 -nan
matrices/Nr25_Nc25/consumption/RandTrix_Nr25_Nc25_Nest0.5_Conn0.416.txt matrices/Nr25_Nc25/syntrophy/optimized_gamma0=0.5/seed_0 0.416 0.504988488104375 0.3408 0.419516643866849 user_input 0.0065 100000 0 0 0 0 -nan
matrices/Nr25_Nc25/consumption/RandTrix_Nr25_Nc25_Nest0.6_Conn0.12.txt matrices/Nr25_Nc25/syntrophy/optimized_gamma0=0.5/seed_0 0.12 0.6 0.1136 0.365591397849462 user_input 0.0065 100000 0 0 0 0 -nan
matrices/Nr25_Nc25/consumption/RandTrix_Nr25_Nc25_Nest0.6_Conn0.16.txt matrices/Nr25_Nc25/syntrophy/optimized_gamma0=0.5/seed_0 0.16 0.6 0.152 0.347222222222223 user_input 0.0065 100000 0 0 0 0 -nan
matrices/Nr25_Nc25/consumption/RandTrix_Nr25_Nc25_Nest0.6_Conn0.2048.txt matrices/Nr25_Nc25/syntrophy/optimized_gamma0=0.5/seed_0 0.2048 0.6 0.1904 0.333680917622523 user_input 0.0065 100000 0 0 0 0 -nan
matrices/Nr25_Nc25/consumption/RandTrix_Nr25_Nc25_Nest0.6_Conn0.3168.txt matrices/Nr25_Nc25/syntrophy/optimized_gamma0=0.5/seed_0 0.3168 0.599869024230517 0.288 0.463516746411483 user_input 0.0065 100000 0 0 0 0 -nan
matrices/Nr25_Nc25/consumption/RandTrix_Nr25_Nc25_Nest0.6_Conn0.3712.txt matrices/Nr25_Nc25/syntrophy/optimized_gamma0=0.5/seed_0 0.3712 0.595085995085995 0.3056 0.387448132780083 user_input 0.0065 100000 0 0 0 0 -nan
matrices/Nr25_Nc25/consumption/RandTrix_Nr25_Nc25_Nest0.6_Conn0.44.txt matrices/Nr25_Nc25/syntrophy/optimized_gamma0=0.5/seed_0 0.44 0.6 0.3472 0.441506051098163 user_input 0.0065 100000 0 0 0 0 -nan
# File last opened on Fri May 10 10:05:06 2024
# We are writing, in that order, G-matrix location, A-matrix location, G connectance, G nestedness, A connectance, A nestedness, A-mode, alpha0 value, total number of simulations, proportion of feasible, stable, unstable, marginal and dominant eigenvalue
# File last opened on Fri May 10 10:05:06 2024
# We are writing, in that order, G-matrix location, A-matrix location, G connectance, G nestedness, A connectance, A nestedness, A-mode, alpha0 value, total number of simulations, proportion of feasible, stable, unstable, marginal and dominant eigenvalue
matrices/Nr25_Nc25/consumption/RandTrix_Nr25_Nc25_Nest0.15_Conn0.08.txt matrices/Nr25_Nc25/syntrophy/optimized_gamma0=0.5/seed_0 0.0816 0.15 0.0560000000000001 0.303030303030303 random_structure_v2 0 100000 0 0 0 0 -nan
matrices/Nr25_Nc25/consumption/RandTrix_Nr25_Nc25_Nest0.15_Conn0.08.txt matrices/Nr25_Nc25/syntrophy/optimized_gamma0=0.5/seed_0 0.0816 0.15 0.0560000000000001 0.303030303030303 optimized_matrix_v2 0 100000 0 0 0 0 -nan
matrices/Nr25_Nc25/consumption/RandTrix_Nr25_Nc25_Nest0.15_Conn0.12.txt matrices/Nr25_Nc25/syntrophy/optimized_gamma0=0.5/seed_0 0.12 0.151419558359621 0.1264 0.19935691318328 random_structure_v2 0 100000 0 0 0 0 -nan
matrices/Nr25_Nc25/consumption/RandTrix_Nr25_Nc25_Nest0.15_Conn0.12.txt matrices/Nr25_Nc25/syntrophy/optimized_gamma0=0.5/seed_0 0.12 0.151419558359621 0.1264 0.19935691318328 optimized_matrix_v2 0 100000 0 0 0 0 -nan
matrices/Nr25_Nc25/consumption/RandTrix_Nr25_Nc25_Nest0.15_Conn0.1808.txt matrices/Nr25_Nc25/syntrophy/optimized_gamma0=0.5/seed_0 0.1808 0.158059467918623 0.1888 0.1872 random_structure_v2 0 100000 0 0 0 0 -nan
matrices/Nr25_Nc25/consumption/RandTrix_Nr25_Nc25_Nest0.15_Conn0.1808.txt matrices/Nr25_Nc25/syntrophy/optimized_gamma0=0.5/seed_0 0.1808 0.158059467918623 0.1888 0.1872 optimized_matrix_v2 0 100000 0 0 0 0 -nan
matrices/Nr25_Nc25/consumption/RandTrix_Nr25_Nc25_Nest0.1_Conn0.0816.txt matrices/Nr25_Nc25/syntrophy/optimized_gamma0=0.5/seed_0 0.0816 0.1 0.0655999999999999 0.139442231075697 optimized_matrix_v2 0 100000 0 0 0 0 -nan
matrices/Nr25_Nc25/consumption/RandTrix_Nr25_Nc25_Nest0.1_Conn0.0816.txt matrices/Nr25_Nc25/syntrophy/optimized_gamma0=0.5/seed_0 0.0816 0.1 0.0655999999999999 0.139442231075697 random_structure_v2 0 100000 0 0 0 0 -nan
matrices/Nr25_Nc25/consumption/RandTrix_Nr25_Nc25_Nest0.1_Conn0.1296.txt matrices/Nr25_Nc25/syntrophy/optimized_gamma0=0.5/seed_0 0.1296 0.10479375696767 0.1296 0.119709794437727 optimized_matrix_v2 0 100000 0 0 0 0 -nan
matrices/Nr25_Nc25/consumption/RandTrix_Nr25_Nc25_Nest0.1_Conn0.1296.txt matrices/Nr25_Nc25/syntrophy/optimized_gamma0=0.5/seed_0 0.1296 0.10479375696767 0.1296 0.119709794437727 random_structure_v2 0 100000 0 0 0 0 -nan
matrices/Nr25_Nc25/consumption/RandTrix_Nr25_Nc25_Nest0.25_Conn0.0832.txt matrices/Nr25_Nc25/syntrophy/optimized_gamma0=0.5/seed_0 0.0832 0.25 0.0816 0.383763837638376 optimized_matrix_v2 0 100000 0 0 0 0 -nan
matrices/Nr25_Nc25/consumption/RandTrix_Nr25_Nc25_Nest0.25_Conn0.0832.txt matrices/Nr25_Nc25/syntrophy/optimized_gamma0=0.5/seed_0 0.0832 0.25 0.0816 0.383763837638376 random_structure_v2 0 100000 0 0 0 0 -nan
matrices/Nr25_Nc25/consumption/RandTrix_Nr25_Nc25_Nest0.25_Conn0.1392.txt matrices/Nr25_Nc25/syntrophy/optimized_gamma0=0.5/seed_0 0.1392 0.25 0.1552 0.234857849196539 optimized_matrix_v2 0 100000 0 0 0 0 -nan
matrices/Nr25_Nc25/consumption/RandTrix_Nr25_Nc25_Nest0.25_Conn0.1392.txt matrices/Nr25_Nc25/syntrophy/optimized_gamma0=0.5/seed_0 0.1392 0.25 0.1552 0.234857849196539 random_structure_v2 0 100000 0 0 0 0 -nan
matrices/Nr25_Nc25/consumption/RandTrix_Nr25_Nc25_Nest0.25_Conn0.184.txt matrices/Nr25_Nc25/syntrophy/optimized_gamma0=0.5/seed_0 0.184 0.245901639344262 0.1968 0.263901147396293 optimized_matrix_v2 0 100000 0 0 0 0 -nan
matrices/Nr25_Nc25/consumption/RandTrix_Nr25_Nc25_Nest0.25_Conn0.184.txt matrices/Nr25_Nc25/syntrophy/optimized_gamma0=0.5/seed_0 0.184 0.245901639344262 0.1968 0.263901147396293 random_structure_v2 0 100000 0 0 0 0 -nan
matrices/Nr25_Nc25/consumption/RandTrix_Nr25_Nc25_Nest0.25_Conn0.2336.txt matrices/Nr25_Nc25/syntrophy/optimized_gamma0=0.5/seed_0 0.2336 0.252631578947368 0.2448 0.301823092505064 optimized_matrix_v2 0 100000 0 0 0 0 -nan
matrices/Nr25_Nc25/consumption/RandTrix_Nr25_Nc25_Nest0.25_Conn0.2336.txt matrices/Nr25_Nc25/syntrophy/optimized_gamma0=0.5/seed_0 0.2336 0.252631578947368 0.2448 0.301823092505064 random_structure_v2 0 100000 0 0 0 0 -nan
matrices/Nr25_Nc25/consumption/RandTrix_Nr25_Nc25_Nest0.2_Conn0.0896.txt matrices/Nr25_Nc25/syntrophy/optimized_gamma0=0.5/seed_0 0.0896 0.2 0.0832000000000001 0.185567010309278 optimized_matrix_v2 0 100000 0 0 0 0 -nan
matrices/Nr25_Nc25/consumption/RandTrix_Nr25_Nc25_Nest0.2_Conn0.0896.txt matrices/Nr25_Nc25/syntrophy/optimized_gamma0=0.5/seed_0 0.0896 0.2 0.0832000000000001 0.185567010309278 random_structure_v2 0 100000 0 0 0 0 -nan
matrices/Nr25_Nc25/consumption/RandTrix_Nr25_Nc25_Nest0.2_Conn0.1328.txt matrices/Nr25_Nc25/syntrophy/optimized_gamma0=0.5/seed_0 0.1328 0.2 0.1488 0.244695898161245 optimized_matrix_v2 0 100000 0 0 0 0 -nan
matrices/Nr25_Nc25/consumption/RandTrix_Nr25_Nc25_Nest0.2_Conn0.1328.txt matrices/Nr25_Nc25/syntrophy/optimized_gamma0=0.5/seed_0 0.1328 0.2 0.1488 0.244695898161245 random_structure_v2 0 100000 0 0 0 0 -nan
matrices/Nr25_Nc25/consumption/RandTrix_Nr25_Nc25_Nest0.2_Conn0.168.txt matrices/Nr25_Nc25/syntrophy/optimized_gamma0=0.5/seed_0 0.168 0.202270381836945 0.1808 0.241276171485543 optimized_matrix_v2 0 100000 0 0 0 0 -nan
matrices/Nr25_Nc25/consumption/RandTrix_Nr25_Nc25_Nest0.2_Conn0.168.txt matrices/Nr25_Nc25/syntrophy/optimized_gamma0=0.5/seed_0 0.168 0.202270381836945 0.1808 0.241276171485543 random_structure_v2 0 100000 0 0 0 0 -nan
matrices/Nr25_Nc25/consumption/RandTrix_Nr25_Nc25_Nest0.35_Conn0.08.txt matrices/Nr25_Nc25/syntrophy/optimized_gamma0=0.5/seed_0 0.08 0.35 0.0703999999999999 0.419463087248322 optimized_matrix_v2 0 100000 0 0 0 0 -nan
matrices/Nr25_Nc25/consumption/RandTrix_Nr25_Nc25_Nest0.35_Conn0.08.txt matrices/Nr25_Nc25/syntrophy/optimized_gamma0=0.5/seed_0 0.08 0.35 0.0703999999999999 0.419463087248322 random_structure_v2 0 100000 0 0 0 0 -nan
matrices/Nr25_Nc25/consumption/RandTrix_Nr25_Nc25_Nest0.35_Conn0.1328.txt matrices/Nr25_Nc25/syntrophy/optimized_gamma0=0.5/seed_0 0.1328 0.35 0.1536 0.325373134328358 optimized_matrix_v2 0 100000 0 0 0 0 -nan
matrices/Nr25_Nc25/consumption/RandTrix_Nr25_Nc25_Nest0.35_Conn0.1328.txt matrices/Nr25_Nc25/syntrophy/optimized_gamma0=0.5/seed_0 0.1328 0.35 0.1536 0.325373134328358 random_structure_v2 0 100000 0 0 0 0 -nan
matrices/Nr25_Nc25/consumption/RandTrix_Nr25_Nc25_Nest0.35_Conn0.1712.txt matrices/Nr25_Nc25/syntrophy/optimized_gamma0=0.5/seed_0 0.1712 0.35 0.1968 0.290721649484536 optimized_matrix_v2 0 100000 0 0 0 0 -nan
matrices/Nr25_Nc25/consumption/RandTrix_Nr25_Nc25_Nest0.35_Conn0.1712.txt matrices/Nr25_Nc25/syntrophy/optimized_gamma0=0.5/seed_0 0.1712 0.35 0.1968 0.290721649484536 random_structure_v2 0 100000 0 0 0 0 -nan
matrices/Nr25_Nc25/consumption/RandTrix_Nr25_Nc25_Nest0.35_Conn0.2208.txt matrices/Nr25_Nc25/syntrophy/optimized_gamma0=0.5/seed_0 0.2208 0.347043701799486 0.256 0.345964912280702 optimized_matrix_v2 0 100000 0 0 0 0 -nan
matrices/Nr25_Nc25/consumption/RandTrix_Nr25_Nc25_Nest0.35_Conn0.2208.txt matrices/Nr25_Nc25/syntrophy/optimized_gamma0=0.5/seed_0 0.2208 0.347043701799486 0.256 0.345964912280702 random_structure_v2 0 100000 0 0 0 0 -nan
matrices/Nr25_Nc25/consumption/RandTrix_Nr25_Nc25_Nest0.35_Conn0.272.txt matrices/Nr25_Nc25/syntrophy/optimized_gamma0=0.5/seed_0 0.272 0.346769413159455 0.232 0.271092669432919 optimized_matrix_v2 0 100000 0 0 0 0 -nan
matrices/Nr25_Nc25/consumption/RandTrix_Nr25_Nc25_Nest0.35_Conn0.272.txt matrices/Nr25_Nc25/syntrophy/optimized_gamma0=0.5/seed_0 0.272 0.346769413159455 0.232 0.271092669432919 random_structure_v2 0 100000 0 0 0 0 -nan
matrices/Nr25_Nc25/consumption/RandTrix_Nr25_Nc25_Nest0.35_Conn0.3216.txt matrices/Nr25_Nc25/syntrophy/optimized_gamma0=0.5/seed_0 0.3216 0.354089219330855 0.288 0.338630136986301 optimized_matrix_v2 0 100000 0 0 0 0 -nan
matrices/Nr25_Nc25/consumption/RandTrix_Nr25_Nc25_Nest0.35_Conn0.3216.txt matrices/Nr25_Nc25/syntrophy/optimized_gamma0=0.5/seed_0 0.3216 0.354089219330855 0.288 0.338630136986301 random_structure_v2 0 100000 0 0 0 0 -nan
matrices/Nr25_Nc25/consumption/RandTrix_Nr25_Nc25_Nest0.3_Conn0.0816.txt matrices/Nr25_Nc25/syntrophy/optimized_gamma0=0.5/seed_0 0.0816 0.297435897435897 0.0752 0.28 optimized_matrix_v2 0 100000 0 0 0 0 -nan
matrices/Nr25_Nc25/consumption/RandTrix_Nr25_Nc25_Nest0.3_Conn0.0816.txt matrices/Nr25_Nc25/syntrophy/optimized_gamma0=0.5/seed_0 0.0816 0.297435897435897 0.0752 0.28 random_structure_v2 0 100000 0 0 0 0 -nan
matrices/Nr25_Nc25/consumption/RandTrix_Nr25_Nc25_Nest0.3_Conn0.128.txt matrices/Nr25_Nc25/syntrophy/optimized_gamma0=0.5/seed_0 0.128 0.3 0.1408 0.320534223706177 optimized_matrix_v2 0 100000 0 0 0 0 -nan
matrices/Nr25_Nc25/consumption/RandTrix_Nr25_Nc25_Nest0.3_Conn0.1776.txt matrices/Nr25_Nc25/syntrophy/optimized_gamma0=0.5/seed_0 0.1776 0.3 0.2064 0.317325800376648 optimized_matrix_v2 0 100000 0 0 0 0 -nan
matrices/Nr25_Nc25/consumption/RandTrix_Nr25_Nc25_Nest0.3_Conn0.128.txt matrices/Nr25_Nc25/syntrophy/optimized_gamma0=0.5/seed_0 0.128 0.3 0.1408 0.320534223706177 random_structure_v2 0 100000 0 0 0 0 -nan
matrices/Nr25_Nc25/consumption/RandTrix_Nr25_Nc25_Nest0.3_Conn0.1776.txt matrices/Nr25_Nc25/syntrophy/optimized_gamma0=0.5/seed_0 0.1776 0.3 0.2064 0.317325800376648 random_structure_v2 0 100000 0 0 0 0 -nan
matrices/Nr25_Nc25/consumption/RandTrix_Nr25_Nc25_Nest0.3_Conn0.2272.txt matrices/Nr25_Nc25/syntrophy/optimized_gamma0=0.5/seed_0 0.2272 0.297439759036145 0.2336 0.289970930232559 optimized_matrix_v2 0 100000 0 0 0 0 -nan
matrices/Nr25_Nc25/consumption/RandTrix_Nr25_Nc25_Nest0.3_Conn0.2272.txt matrices/Nr25_Nc25/syntrophy/optimized_gamma0=0.5/seed_0 0.2272 0.297439759036145 0.2336 0.289970930232559 random_structure_v2 0 100000 0 0 0 0 -nan
matrices/Nr25_Nc25/consumption/RandTrix_Nr25_Nc25_Nest0.3_Conn0.2816.txt matrices/Nr25_Nc25/syntrophy/optimized_gamma0=0.5/seed_0 0.2816 0.302762430939227 0.2608 0.294220665499124 optimized_matrix_v2 0 100000 0 0 0 0 -nan
matrices/Nr25_Nc25/consumption/RandTrix_Nr25_Nc25_Nest0.3_Conn0.2816.txt matrices/Nr25_Nc25/syntrophy/optimized_gamma0=0.5/seed_0 0.2816 0.302762430939227 0.2608 0.294220665499124 random_structure_v2 0 100000 0 0 0 0 -nan
matrices/Nr25_Nc25/consumption/RandTrix_Nr25_Nc25_Nest0.45_Conn0.0816.txt matrices/Nr25_Nc25/syntrophy/optimized_gamma0=0.5/seed_0 0.0816 0.452 0.0736000000000001 0.671974522292994 optimized_matrix_v2 0 100000 0 0 0 0 -nan
matrices/Nr25_Nc25/consumption/RandTrix_Nr25_Nc25_Nest0.45_Conn0.0816.txt matrices/Nr25_Nc25/syntrophy/optimized_gamma0=0.5/seed_0 0.0816 0.452 0.0736000000000001 0.671974522292994 random_structure_v2 0 100000 0 0 0 0 -nan
matrices/Nr25_Nc25/consumption/RandTrix_Nr25_Nc25_Nest0.45_Conn0.1232.txt matrices/Nr25_Nc25/syntrophy/optimized_gamma0=0.5/seed_0 0.1232 0.45 0.1168 0.276785714285714 optimized_matrix_v2 0 100000 0 0 0 0 -nan
matrices/Nr25_Nc25/consumption/RandTrix_Nr25_Nc25_Nest0.45_Conn0.1232.txt matrices/Nr25_Nc25/syntrophy/optimized_gamma0=0.5/seed_0 0.1232 0.45 0.1168 0.276785714285714 random_structure_v2 0 100000 0 0 0 0 -nan
matrices/Nr25_Nc25/consumption/RandTrix_Nr25_Nc25_Nest0.45_Conn0.1856.txt matrices/Nr25_Nc25/syntrophy/optimized_gamma0=0.5/seed_0 0.1856 0.449874686716792 0.224 0.360103626943005 optimized_matrix_v2 0 100000 0 0 0 0 -nan
matrices/Nr25_Nc25/consumption/RandTrix_Nr25_Nc25_Nest0.45_Conn0.1856.txt matrices/Nr25_Nc25/syntrophy/optimized_gamma0=0.5/seed_0 0.1856 0.449874686716792 0.224 0.360103626943005 random_structure_v2 0 100000 0 0 0 0 -nan
matrices/Nr25_Nc25/consumption/RandTrix_Nr25_Nc25_Nest0.45_Conn0.216.txt matrices/Nr25_Nc25/syntrophy/optimized_gamma0=0.5/seed_0 0.216 0.45 0.2224 0.357805907172996 optimized_matrix_v2 0 100000 0 0 0 0 -nan
matrices/Nr25_Nc25/consumption/RandTrix_Nr25_Nc25_Nest0.45_Conn0.216.txt matrices/Nr25_Nc25/syntrophy/optimized_gamma0=0.5/seed_0 0.216 0.45 0.2224 0.357805907172996 random_structure_v2 0 100000 0 0 0 0 -nan
matrices/Nr25_Nc25/consumption/RandTrix_Nr25_Nc25_Nest0.45_Conn0.2672.txt matrices/Nr25_Nc25/syntrophy/optimized_gamma0=0.5/seed_0 0.2672 0.446518305814788 0.2688 0.370873786407767 optimized_matrix_v2 0 100000 0 0 0 0 -nan
matrices/Nr25_Nc25/consumption/RandTrix_Nr25_Nc25_Nest0.45_Conn0.2672.txt matrices/Nr25_Nc25/syntrophy/optimized_gamma0=0.5/seed_0 0.2672 0.446518305814788 0.2688 0.370873786407767 random_structure_v2 0 100000 0 0 0 0 -nan
matrices/Nr25_Nc25/consumption/RandTrix_Nr25_Nc25_Nest0.45_Conn0.3168.txt matrices/Nr25_Nc25/syntrophy/optimized_gamma0=0.5/seed_0 0.3168 0.445459430413756 0.2864 0.376518218623482 optimized_matrix_v2 0 100000 0 0 0 0 -nan
matrices/Nr25_Nc25/consumption/RandTrix_Nr25_Nc25_Nest0.45_Conn0.384.txt matrices/Nr25_Nc25/syntrophy/optimized_gamma0=0.5/seed_0 0.384 0.452352708580467 0.2912 0.342019543973942 optimized_matrix_v2 0 100000 0 0 0 0 -nan
matrices/Nr25_Nc25/consumption/RandTrix_Nr25_Nc25_Nest0.45_Conn0.3168.txt matrices/Nr25_Nc25/syntrophy/optimized_gamma0=0.5/seed_0 0.3168 0.445459430413756 0.2864 0.376518218623482 random_structure_v2 0 100000 0 0 0 0 -nan
matrices/Nr25_Nc25/consumption/RandTrix_Nr25_Nc25_Nest0.45_Conn0.424.txt matrices/Nr25_Nc25/syntrophy/optimized_gamma0=0.5/seed_0 0.424 0.454737583656217 0.3344 0.362800875273523 optimized_matrix_v2 0 100000 0 0 0 0 -nan
matrices/Nr25_Nc25/consumption/RandTrix_Nr25_Nc25_Nest0.45_Conn0.384.txt matrices/Nr25_Nc25/syntrophy/optimized_gamma0=0.5/seed_0 0.384 0.452352708580467 0.2912 0.342019543973942 random_structure_v2 0 100000 0 0 0 0 -nan
matrices/Nr25_Nc25/consumption/RandTrix_Nr25_Nc25_Nest0.4_Conn0.0784.txt matrices/Nr25_Nc25/syntrophy/optimized_gamma0=0.5/seed_0 0.0784 0.4 0.0592 0.588516746411483 optimized_matrix_v2 0 100000 0 0 0 0 -nan
matrices/Nr25_Nc25/consumption/RandTrix_Nr25_Nc25_Nest0.45_Conn0.424.txt matrices/Nr25_Nc25/syntrophy/optimized_gamma0=0.5/seed_0 0.424 0.454737583656217 0.3344 0.362800875273523 random_structure_v2 0 100000 0 0 0 0 -nan
matrices/Nr25_Nc25/consumption/RandTrix_Nr25_Nc25_Nest0.4_Conn0.1232.txt matrices/Nr25_Nc25/syntrophy/optimized_gamma0=0.5/seed_0 0.1232 0.399558498896247 0.1648 0.453168044077135 optimized_matrix_v2 0 100000 0 0 0 0 -nan
matrices/Nr25_Nc25/consumption/RandTrix_Nr25_Nc25_Nest0.4_Conn0.0784.txt matrices/Nr25_Nc25/syntrophy/optimized_gamma0=0.5/seed_0 0.0784 0.4 0.0592 0.588516746411483 random_structure_v2 0 100000 0 0 0 0 -nan
matrices/Nr25_Nc25/consumption/RandTrix_Nr25_Nc25_Nest0.4_Conn0.2032.txt matrices/Nr25_Nc25/syntrophy/optimized_gamma0=0.5/seed_0 0.2032 0.4 0.2048 0.333976833976834 optimized_matrix_v2 0 100000 0 0 0 0 -nan
matrices/Nr25_Nc25/consumption/RandTrix_Nr25_Nc25_Nest0.4_Conn0.1232.txt matrices/Nr25_Nc25/syntrophy/optimized_gamma0=0.5/seed_0 0.1232 0.399558498896247 0.1648 0.453168044077135 random_structure_v2 0 100000 0 0 0 0 -nan
matrices/Nr25_Nc25/consumption/RandTrix_Nr25_Nc25_Nest0.4_Conn0.2288.txt matrices/Nr25_Nc25/syntrophy/optimized_gamma0=0.5/seed_0 0.2288 0.4 0.2352 0.332275971451229 optimized_matrix_v2 0 100000 0 0 0 0 -nan
matrices/Nr25_Nc25/consumption/RandTrix_Nr25_Nc25_Nest0.4_Conn0.2032.txt matrices/Nr25_Nc25/syntrophy/optimized_gamma0=0.5/seed_0 0.2032 0.4 0.2048 0.333976833976834 random_structure_v2 0 100000 0 0 0 0 -nan
matrices/Nr25_Nc25/consumption/RandTrix_Nr25_Nc25_Nest0.4_Conn0.272.txt matrices/Nr25_Nc25/syntrophy/optimized_gamma0=0.5/seed_0 0.272 0.397260273972603 0.2912 0.38560561732007 optimized_matrix_v2 0 100000 0 0 0 0 -nan
matrices/Nr25_Nc25/consumption/RandTrix_Nr25_Nc25_Nest0.4_Conn0.2288.txt matrices/Nr25_Nc25/syntrophy/optimized_gamma0=0.5/seed_0 0.2288 0.4 0.2352 0.332275971451229 random_structure_v2 0 100000 0 0 0 0 -nan
matrices/Nr25_Nc25/consumption/RandTrix_Nr25_Nc25_Nest0.4_Conn0.3312.txt matrices/Nr25_Nc25/syntrophy/optimized_gamma0=0.5/seed_0 0.3312 0.396235521235521 0.2976 0.340682414698163 optimized_matrix_v2 0 100000 0 0 0 0 -nan
matrices/Nr25_Nc25/consumption/RandTrix_Nr25_Nc25_Nest0.4_Conn0.272.txt matrices/Nr25_Nc25/syntrophy/optimized_gamma0=0.5/seed_0 0.272 0.397260273972603 0.2912 0.38560561732007 random_structure_v2 0 100000 0 0 0 0 -nan
matrices/Nr25_Nc25/consumption/RandTrix_Nr25_Nc25_Nest0.4_Conn0.3712.txt matrices/Nr25_Nc25/syntrophy/optimized_gamma0=0.5/seed_0 0.3712 0.40494527766518 0.3264 0.356422018348623 optimized_matrix_v2 0 100000 0 0 0 0 -nan
matrices/Nr25_Nc25/consumption/RandTrix_Nr25_Nc25_Nest0.4_Conn0.3312.txt matrices/Nr25_Nc25/syntrophy/optimized_gamma0=0.5/seed_0 0.3312 0.396235521235521 0.2976 0.340682414698163 random_structure_v2 0 100000 0 0 0 0 -nan
matrices/Nr25_Nc25/consumption/RandTrix_Nr25_Nc25_Nest0.55_Conn0.0992.txt matrices/Nr25_Nc25/syntrophy/optimized_gamma0=0.5/seed_0 0.0992 0.548109965635739 0.0879999999999999 0.50997150997151 optimized_matrix_v2 0 100000 0 0 0 0 -nan
matrices/Nr25_Nc25/consumption/RandTrix_Nr25_Nc25_Nest0.4_Conn0.3712.txt matrices/Nr25_Nc25/syntrophy/optimized_gamma0=0.5/seed_0 0.3712 0.40494527766518 0.3264 0.356422018348623 random_structure_v2 0 100000 0 0 0 0 -nan
matrices/Nr25_Nc25/consumption/RandTrix_Nr25_Nc25_Nest0.55_Conn0.1248.txt matrices/Nr25_Nc25/syntrophy/optimized_gamma0=0.5/seed_0 0.1248 0.55 0.1136 0.428571428571429 optimized_matrix_v2 0 100000 0 0 0 0 -nan
matrices/Nr25_Nc25/consumption/RandTrix_Nr25_Nc25_Nest0.55_Conn0.0992.txt matrices/Nr25_Nc25/syntrophy/optimized_gamma0=0.5/seed_0 0.0992 0.548109965635739 0.0879999999999999 0.50997150997151 random_structure_v2 0 100000 0 0 0 0 -nan
matrices/Nr25_Nc25/consumption/RandTrix_Nr25_Nc25_Nest0.55_Conn0.184.txt matrices/Nr25_Nc25/syntrophy/optimized_gamma0=0.5/seed_0 0.184 0.55019556714472 0.1904 0.428398058252428 optimized_matrix_v2 0 100000 0 0 0 0 -nan
matrices/Nr25_Nc25/consumption/RandTrix_Nr25_Nc25_Nest0.55_Conn0.1248.txt matrices/Nr25_Nc25/syntrophy/optimized_gamma0=0.5/seed_0 0.1248 0.55 0.1136 0.428571428571429 random_structure_v2 0 100000 0 0 0 0 -nan
matrices/Nr25_Nc25/consumption/RandTrix_Nr25_Nc25_Nest0.55_Conn0.2304.txt matrices/Nr25_Nc25/syntrophy/optimized_gamma0=0.5/seed_0 0.2304 0.55 0.232 0.398994132439229 optimized_matrix_v2 0 100000 0 0 0 0 -nan
matrices/Nr25_Nc25/consumption/RandTrix_Nr25_Nc25_Nest0.55_Conn0.184.txt matrices/Nr25_Nc25/syntrophy/optimized_gamma0=0.5/seed_0 0.184 0.55019556714472 0.1904 0.428398058252428 random_structure_v2 0 100000 0 0 0 0 -nan
matrices/Nr25_Nc25/consumption/RandTrix_Nr25_Nc25_Nest0.55_Conn0.3024.txt matrices/Nr25_Nc25/syntrophy/optimized_gamma0=0.5/seed_0 0.3024 0.550095724313976 0.2736 0.379807692307692 optimized_matrix_v2 0 100000 0 0 0 0 -nan
matrices/Nr25_Nc25/consumption/RandTrix_Nr25_Nc25_Nest0.55_Conn0.2304.txt matrices/Nr25_Nc25/syntrophy/optimized_gamma0=0.5/seed_0 0.2304 0.55 0.232 0.398994132439229 random_structure_v2 0 100000 0 0 0 0 -nan
matrices/Nr25_Nc25/consumption/RandTrix_Nr25_Nc25_Nest0.55_Conn0.3344.txt matrices/Nr25_Nc25/syntrophy/optimized_gamma0=0.5/seed_0 0.3344 0.547425474254743 0.2864 0.366262276140959 optimized_matrix_v2 0 100000 0 0 0 0 -nan
matrices/Nr25_Nc25/consumption/RandTrix_Nr25_Nc25_Nest0.55_Conn0.3024.txt matrices/Nr25_Nc25/syntrophy/optimized_gamma0=0.5/seed_0 0.3024 0.550095724313976 0.2736 0.379807692307692 random_structure_v2 0 100000 0 0 0 0 -nan
matrices/Nr25_Nc25/consumption/RandTrix_Nr25_Nc25_Nest0.55_Conn0.3824.txt matrices/Nr25_Nc25/syntrophy/optimized_gamma0=0.5/seed_0 0.3824 0.547794117647059 0.3088 0.371699053313403 optimized_matrix_v2 0 100000 0 0 0 0 -nan
matrices/Nr25_Nc25/consumption/RandTrix_Nr25_Nc25_Nest0.55_Conn0.3344.txt matrices/Nr25_Nc25/syntrophy/optimized_gamma0=0.5/seed_0 0.3344 0.547425474254743 0.2864 0.366262276140959 random_structure_v2 0 100000 0 0 0 0 -nan
matrices/Nr25_Nc25/consumption/RandTrix_Nr25_Nc25_Nest0.55_Conn0.4176.txt matrices/Nr25_Nc25/syntrophy/optimized_gamma0=0.5/seed_0 0.4176 0.546571541815299 0.3072 0.35832083958021 optimized_matrix_v2 0 100000 0 0 0 0 -nan
matrices/Nr25_Nc25/consumption/RandTrix_Nr25_Nc25_Nest0.5_Conn0.0912.txt matrices/Nr25_Nc25/syntrophy/optimized_gamma0=0.5/seed_0 0.0912 0.50278293135436 0.0832000000000001 0.445121951219512 optimized_matrix_v2 0 100000 0 0 0 0 -nan
matrices/Nr25_Nc25/consumption/RandTrix_Nr25_Nc25_Nest0.55_Conn0.3824.txt matrices/Nr25_Nc25/syntrophy/optimized_gamma0=0.5/seed_0 0.3824 0.547794117647059 0.3088 0.371699053313403 random_structure_v2 0 100000 0 0 0 0 -nan
matrices/Nr25_Nc25/consumption/RandTrix_Nr25_Nc25_Nest0.5_Conn0.1248.txt matrices/Nr25_Nc25/syntrophy/optimized_gamma0=0.5/seed_0 0.1248 0.5 0.1312 0.388118811881188 optimized_matrix_v2 0 100000 0 0 0 0 -nan
matrices/Nr25_Nc25/consumption/RandTrix_Nr25_Nc25_Nest0.55_Conn0.4176.txt matrices/Nr25_Nc25/syntrophy/optimized_gamma0=0.5/seed_0 0.4176 0.546571541815299 0.3072 0.35832083958021 random_structure_v2 0 100000 0 0 0 0 -nan
matrices/Nr25_Nc25/consumption/RandTrix_Nr25_Nc25_Nest0.5_Conn0.1744.txt matrices/Nr25_Nc25/syntrophy/optimized_gamma0=0.5/seed_0 0.1744 0.5 0.2112 0.395209580838324 optimized_matrix_v2 0 100000 0 0 0 0 -nan
matrices/Nr25_Nc25/consumption/RandTrix_Nr25_Nc25_Nest0.5_Conn0.0912.txt matrices/Nr25_Nc25/syntrophy/optimized_gamma0=0.5/seed_0 0.0912 0.50278293135436 0.0832000000000001 0.445121951219512 random_structure_v2 0 100000 0 0 0 0 -nan
matrices/Nr25_Nc25/consumption/RandTrix_Nr25_Nc25_Nest0.5_Conn0.2496.txt matrices/Nr25_Nc25/syntrophy/optimized_gamma0=0.5/seed_0 0.2496 0.5 0.248 0.404354587869363 optimized_matrix_v2 0 100000 0 0 0 0 -nan
matrices/Nr25_Nc25/consumption/RandTrix_Nr25_Nc25_Nest0.5_Conn0.1248.txt matrices/Nr25_Nc25/syntrophy/optimized_gamma0=0.5/seed_0 0.1248 0.5 0.1312 0.388118811881188 random_structure_v2 0 100000 0 0 0 0 -nan
matrices/Nr25_Nc25/consumption/RandTrix_Nr25_Nc25_Nest0.5_Conn0.2928.txt matrices/Nr25_Nc25/syntrophy/optimized_gamma0=0.5/seed_0 0.2928 0.5 0.2896 0.371072910491997 optimized_matrix_v2 0 100000 0 0 0 0 -nan
matrices/Nr25_Nc25/consumption/RandTrix_Nr25_Nc25_Nest0.5_Conn0.1744.txt matrices/Nr25_Nc25/syntrophy/optimized_gamma0=0.5/seed_0 0.1744 0.5 0.2112 0.395209580838324 random_structure_v2 0 100000 0 0 0 0 -nan
matrices/Nr25_Nc25/consumption/RandTrix_Nr25_Nc25_Nest0.5_Conn0.32.txt matrices/Nr25_Nc25/syntrophy/optimized_gamma0=0.5/seed_0 0.32 0.498845265588915 0.2832 0.414462081128748 optimized_matrix_v2 0 100000 0 0 0 0 -nan
matrices/Nr25_Nc25/consumption/RandTrix_Nr25_Nc25_Nest0.5_Conn0.2496.txt matrices/Nr25_Nc25/syntrophy/optimized_gamma0=0.5/seed_0 0.2496 0.5 0.248 0.404354587869363 random_structure_v2 0 100000 0 0 0 0 -nan
matrices/Nr25_Nc25/consumption/RandTrix_Nr25_Nc25_Nest0.5_Conn0.3824.txt matrices/Nr25_Nc25/syntrophy/optimized_gamma0=0.5/seed_0 0.3824 0.496305953933073 0.32 0.367149758454107 optimized_matrix_v2 0 100000 0 0 0 0 -nan
matrices/Nr25_Nc25/consumption/RandTrix_Nr25_Nc25_Nest0.5_Conn0.2928.txt matrices/Nr25_Nc25/syntrophy/optimized_gamma0=0.5/seed_0 0.2928 0.5 0.2896 0.371072910491997 random_structure_v2 0 100000 0 0 0 0 -nan
matrices/Nr25_Nc25/consumption/RandTrix_Nr25_Nc25_Nest0.5_Conn0.416.txt matrices/Nr25_Nc25/syntrophy/optimized_gamma0=0.5/seed_0 0.416 0.504988488104375 0.3408 0.419516643866849 optimized_matrix_v2 0 100000 0 0 0 0 -nan
matrices/Nr25_Nc25/consumption/RandTrix_Nr25_Nc25_Nest0.5_Conn0.32.txt matrices/Nr25_Nc25/syntrophy/optimized_gamma0=0.5/seed_0 0.32 0.498845265588915 0.2832 0.414462081128748 random_structure_v2 0 100000 0 0 0 0 -nan
matrices/Nr25_Nc25/consumption/RandTrix_Nr25_Nc25_Nest0.6_Conn0.12.txt matrices/Nr25_Nc25/syntrophy/optimized_gamma0=0.5/seed_0 0.12 0.6 0.1136 0.365591397849462 optimized_matrix_v2 0 100000 0 0 0 0 -nan
matrices/Nr25_Nc25/consumption/RandTrix_Nr25_Nc25_Nest0.5_Conn0.3824.txt matrices/Nr25_Nc25/syntrophy/optimized_gamma0=0.5/seed_0 0.3824 0.496305953933073 0.32 0.367149758454107 random_structure_v2 0 100000 0 0 0 0 -nan
matrices/Nr25_Nc25/consumption/RandTrix_Nr25_Nc25_Nest0.6_Conn0.16.txt matrices/Nr25_Nc25/syntrophy/optimized_gamma0=0.5/seed_0 0.16 0.6 0.152 0.347222222222223 optimized_matrix_v2 0 100000 0 0 0 0 -nan
matrices/Nr25_Nc25/consumption/RandTrix_Nr25_Nc25_Nest0.5_Conn0.416.txt matrices/Nr25_Nc25/syntrophy/optimized_gamma0=0.5/seed_0 0.416 0.504988488104375 0.3408 0.419516643866849 random_structure_v2 0 100000 0 0 0 0 -nan
matrices/Nr25_Nc25/consumption/RandTrix_Nr25_Nc25_Nest0.6_Conn0.2048.txt matrices/Nr25_Nc25/syntrophy/optimized_gamma0=0.5/seed_0 0.2048 0.6 0.1904 0.333680917622523 optimized_matrix_v2 0 100000 0 0 0 0 -nan
matrices/Nr25_Nc25/consumption/RandTrix_Nr25_Nc25_Nest0.6_Conn0.12.txt matrices/Nr25_Nc25/syntrophy/optimized_gamma0=0.5/seed_0 0.12 0.6 0.1136 0.365591397849462 random_structure_v2 0 100000 0 0 0 0 -nan
matrices/Nr25_Nc25/consumption/RandTrix_Nr25_Nc25_Nest0.6_Conn0.3168.txt matrices/Nr25_Nc25/syntrophy/optimized_gamma0=0.5/seed_0 0.3168 0.599869024230517 0.288 0.463516746411483 optimized_matrix_v2 0 100000 0 0 0 0 -nan
matrices/Nr25_Nc25/consumption/RandTrix_Nr25_Nc25_Nest0.6_Conn0.16.txt matrices/Nr25_Nc25/syntrophy/optimized_gamma0=0.5/seed_0 0.16 0.6 0.152 0.347222222222223 random_structure_v2 0 100000 0 0 0 0 -nan
matrices/Nr25_Nc25/consumption/RandTrix_Nr25_Nc25_Nest0.6_Conn0.3712.txt matrices/Nr25_Nc25/syntrophy/optimized_gamma0=0.5/seed_0 0.3712 0.595085995085995 0.3056 0.387448132780083 optimized_matrix_v2 0 100000 0 0 0 0 -nan
matrices/Nr25_Nc25/consumption/RandTrix_Nr25_Nc25_Nest0.6_Conn0.2048.txt matrices/Nr25_Nc25/syntrophy/optimized_gamma0=0.5/seed_0 0.2048 0.6 0.1904 0.333680917622523 random_structure_v2 0 100000 0 0 0 0 -nan
matrices/Nr25_Nc25/consumption/RandTrix_Nr25_Nc25_Nest0.6_Conn0.44.txt matrices/Nr25_Nc25/syntrophy/optimized_gamma0=0.5/seed_0 0.44 0.6 0.3472 0.441506051098163 optimized_matrix_v2 0 100000 0 0 0 0 -nan
# File last opened on Fri May 10 10:38:56 2024
# We are writing, in that order, G-matrix location, A-matrix location, G connectance, G nestedness, A connectance, A nestedness, A-mode, alpha0 value, total number of simulations, proportion of feasible, stable, unstable, marginal and dominant eigenvalue
matrices/Nr25_Nc25/consumption/RandTrix_Nr25_Nc25_Nest0.6_Conn0.3168.txt matrices/Nr25_Nc25/syntrophy/optimized_gamma0=0.5/seed_0 0.3168 0.599869024230517 0.288 0.463516746411483 random_structure_v2 0 100000 0 0 0 0 -nan
matrices/Nr25_Nc25/consumption/RandTrix_Nr25_Nc25_Nest0.15_Conn0.08.txt matrices/Nr25_Nc25/syntrophy/optimized_gamma0=0.5/seed_0 0.0816 0.15 1 1 fully_connected_v2 0 100000 0 0 0 0 -nan
matrices/Nr25_Nc25/consumption/RandTrix_Nr25_Nc25_Nest0.6_Conn0.3712.txt matrices/Nr25_Nc25/syntrophy/optimized_gamma0=0.5/seed_0 0.3712 0.595085995085995 0.3056 0.387448132780083 random_structure_v2 0 100000 0 0 0 0 -nan
matrices/Nr25_Nc25/consumption/RandTrix_Nr25_Nc25_Nest0.15_Conn0.12.txt matrices/Nr25_Nc25/syntrophy/optimized_gamma0=0.5/seed_0 0.12 0.151419558359621 1 1 fully_connected_v2 0 100000 0 0 0 0 -nan
matrices/Nr25_Nc25/consumption/RandTrix_Nr25_Nc25_Nest0.6_Conn0.44.txt matrices/Nr25_Nc25/syntrophy/optimized_gamma0=0.5/seed_0 0.44 0.6 0.3472 0.441506051098163 random_structure_v2 0 100000 0 0 0 0 -nan
matrices/Nr25_Nc25/consumption/RandTrix_Nr25_Nc25_Nest0.15_Conn0.1808.txt matrices/Nr25_Nc25/syntrophy/optimized_gamma0=0.5/seed_0 0.1808 0.158059467918623 1 1 fully_connected_v2 0 100000 0 0 0 0 -nan
matrices/Nr25_Nc25/consumption/RandTrix_Nr25_Nc25_Nest0.1_Conn0.0816.txt matrices/Nr25_Nc25/syntrophy/optimized_gamma0=0.5/seed_0 0.0816 0.1 1 1 fully_connected_v2 0 100000 0 0 0 0 -nan
matrices/Nr25_Nc25/consumption/RandTrix_Nr25_Nc25_Nest0.1_Conn0.1296.txt matrices/Nr25_Nc25/syntrophy/optimized_gamma0=0.5/seed_0 0.1296 0.10479375696767 1 1 fully_connected_v2 0 100000 0 0 0 0 -nan
matrices/Nr25_Nc25/consumption/RandTrix_Nr25_Nc25_Nest0.25_Conn0.0832.txt matrices/Nr25_Nc25/syntrophy/optimized_gamma0=0.5/seed_0 0.0832 0.25 1 1 fully_connected_v2 0 100000 0 0 0 0 -nan
matrices/Nr25_Nc25/consumption/RandTrix_Nr25_Nc25_Nest0.25_Conn0.1392.txt matrices/Nr25_Nc25/syntrophy/optimized_gamma0=0.5/seed_0 0.1392 0.25 1 1 fully_connected_v2 0 100000 0 0 0 0 -nan
matrices/Nr25_Nc25/consumption/RandTrix_Nr25_Nc25_Nest0.25_Conn0.184.txt matrices/Nr25_Nc25/syntrophy/optimized_gamma0=0.5/seed_0 0.184 0.245901639344262 1 1 fully_connected_v2 0 100000 0 0 0 0 -nan
matrices/Nr25_Nc25/consumption/RandTrix_Nr25_Nc25_Nest0.25_Conn0.2336.txt matrices/Nr25_Nc25/syntrophy/optimized_gamma0=0.5/seed_0 0.2336 0.252631578947368 1 1 fully_connected_v2 0 100000 0 0 0 0 -nan
matrices/Nr25_Nc25/consumption/RandTrix_Nr25_Nc25_Nest0.2_Conn0.0896.txt matrices/Nr25_Nc25/syntrophy/optimized_gamma0=0.5/seed_0 0.0896 0.2 1 1 fully_connected_v2 0 100000 0 0 0 0 -nan
matrices/Nr25_Nc25/consumption/RandTrix_Nr25_Nc25_Nest0.2_Conn0.1328.txt matrices/Nr25_Nc25/syntrophy/optimized_gamma0=0.5/seed_0 0.1328 0.2 1 1 fully_connected_v2 0 100000 0 0 0 0 -nan
matrices/Nr25_Nc25/consumption/RandTrix_Nr25_Nc25_Nest0.2_Conn0.168.txt matrices/Nr25_Nc25/syntrophy/optimized_gamma0=0.5/seed_0 0.168 0.202270381836945 1 1 fully_connected_v2 0 100000 0 0 0 0 -nan
matrices/Nr25_Nc25/consumption/RandTrix_Nr25_Nc25_Nest0.35_Conn0.08.txt matrices/Nr25_Nc25/syntrophy/optimized_gamma0=0.5/seed_0 0.08 0.35 1 1 fully_connected_v2 0 100000 0 0 0 0 -nan
matrices/Nr25_Nc25/consumption/RandTrix_Nr25_Nc25_Nest0.35_Conn0.1328.txt matrices/Nr25_Nc25/syntrophy/optimized_gamma0=0.5/seed_0 0.1328 0.35 1 1 fully_connected_v2 0 100000 0 0 0 0 -nan
matrices/Nr25_Nc25/consumption/RandTrix_Nr25_Nc25_Nest0.35_Conn0.1712.txt matrices/Nr25_Nc25/syntrophy/optimized_gamma0=0.5/seed_0 0.1712 0.35 1 1 fully_connected_v2 0 100000 0 0 0 0 -nan
matrices/Nr25_Nc25/consumption/RandTrix_Nr25_Nc25_Nest0.35_Conn0.2208.txt matrices/Nr25_Nc25/syntrophy/optimized_gamma0=0.5/seed_0 0.2208 0.347043701799486 1 1 fully_connected_v2 0 100000 0 0 0 0 -nan
matrices/Nr25_Nc25/consumption/RandTrix_Nr25_Nc25_Nest0.35_Conn0.272.txt matrices/Nr25_Nc25/syntrophy/optimized_gamma0=0.5/seed_0 0.272 0.346769413159455 1 1 fully_connected_v2 0 100000 0 0 0 0 -nan
matrices/Nr25_Nc25/consumption/RandTrix_Nr25_Nc25_Nest0.35_Conn0.3216.txt matrices/Nr25_Nc25/syntrophy/optimized_gamma0=0.5/seed_0 0.3216 0.354089219330855 1 1 fully_connected_v2 0 100000 0 0 0 0 -nan
matrices/Nr25_Nc25/consumption/RandTrix_Nr25_Nc25_Nest0.3_Conn0.0816.txt matrices/Nr25_Nc25/syntrophy/optimized_gamma0=0.5/seed_0 0.0816 0.297435897435897 1 1 fully_connected_v2 0 100000 0 0 0 0 -nan
matrices/Nr25_Nc25/consumption/RandTrix_Nr25_Nc25_Nest0.3_Conn0.128.txt matrices/Nr25_Nc25/syntrophy/optimized_gamma0=0.5/seed_0 0.128 0.3 1 1 fully_connected_v2 0 100000 0 0 0 0 -nan
matrices/Nr25_Nc25/consumption/RandTrix_Nr25_Nc25_Nest0.3_Conn0.1776.txt matrices/Nr25_Nc25/syntrophy/optimized_gamma0=0.5/seed_0 0.1776 0.3 1 1 fully_connected_v2 0 100000 0 0 0 0 -nan
matrices/Nr25_Nc25/consumption/RandTrix_Nr25_Nc25_Nest0.3_Conn0.2272.txt matrices/Nr25_Nc25/syntrophy/optimized_gamma0=0.5/seed_0 0.2272 0.297439759036145 1 1 fully_connected_v2 0 100000 0 0 0 0 -nan
matrices/Nr25_Nc25/consumption/RandTrix_Nr25_Nc25_Nest0.3_Conn0.2816.txt matrices/Nr25_Nc25/syntrophy/optimized_gamma0=0.5/seed_0 0.2816 0.302762430939227 1 1 fully_connected_v2 0 100000 0 0 0 0 -nan
matrices/Nr25_Nc25/consumption/RandTrix_Nr25_Nc25_Nest0.45_Conn0.0816.txt matrices/Nr25_Nc25/syntrophy/optimized_gamma0=0.5/seed_0 0.0816 0.452 1 1 fully_connected_v2 0 100000 0 0 0 0 -nan
matrices/Nr25_Nc25/consumption/RandTrix_Nr25_Nc25_Nest0.45_Conn0.1232.txt matrices/Nr25_Nc25/syntrophy/optimized_gamma0=0.5/seed_0 0.1232 0.45 1 1 fully_connected_v2 0 100000 0 0 0 0 -nan
matrices/Nr25_Nc25/consumption/RandTrix_Nr25_Nc25_Nest0.45_Conn0.1856.txt matrices/Nr25_Nc25/syntrophy/optimized_gamma0=0.5/seed_0 0.1856 0.449874686716792 1 1 fully_connected_v2 0 100000 0 0 0 0 -nan
matrices/Nr25_Nc25/consumption/RandTrix_Nr25_Nc25_Nest0.45_Conn0.216.txt matrices/Nr25_Nc25/syntrophy/optimized_gamma0=0.5/seed_0 0.216 0.45 1 1 fully_connected_v2 0 100000 0 0 0 0 -nan
matrices/Nr25_Nc25/consumption/RandTrix_Nr25_Nc25_Nest0.45_Conn0.2672.txt matrices/Nr25_Nc25/syntrophy/optimized_gamma0=0.5/seed_0 0.2672 0.446518305814788 1 1 fully_connected_v2 0 100000 0 0 0 0 -nan
matrices/Nr25_Nc25/consumption/RandTrix_Nr25_Nc25_Nest0.45_Conn0.3168.txt matrices/Nr25_Nc25/syntrophy/optimized_gamma0=0.5/seed_0 0.3168 0.445459430413756 1 1 fully_connected_v2 0 100000 0 0 0 0 -nan
matrices/Nr25_Nc25/consumption/RandTrix_Nr25_Nc25_Nest0.45_Conn0.384.txt matrices/Nr25_Nc25/syntrophy/optimized_gamma0=0.5/seed_0 0.384 0.452352708580467 1 1 fully_connected_v2 0 100000 0 0 0 0 -nan
matrices/Nr25_Nc25/consumption/RandTrix_Nr25_Nc25_Nest0.45_Conn0.424.txt matrices/Nr25_Nc25/syntrophy/optimized_gamma0=0.5/seed_0 0.424 0.454737583656217 1 1 fully_connected_v2 0 100000 0 0 0 0 -nan
matrices/Nr25_Nc25/consumption/RandTrix_Nr25_Nc25_Nest0.4_Conn0.0784.txt matrices/Nr25_Nc25/syntrophy/optimized_gamma0=0.5/seed_0 0.0784 0.4 1 1 fully_connected_v2 0 100000 0 0 0 0 -nan
matrices/Nr25_Nc25/consumption/RandTrix_Nr25_Nc25_Nest0.4_Conn0.1232.txt matrices/Nr25_Nc25/syntrophy/optimized_gamma0=0.5/seed_0 0.1232 0.399558498896247 1 1 fully_connected_v2 0 100000 0 0 0 0 -nan
matrices/Nr25_Nc25/consumption/RandTrix_Nr25_Nc25_Nest0.4_Conn0.2032.txt matrices/Nr25_Nc25/syntrophy/optimized_gamma0=0.5/seed_0 0.2032 0.4 1 1 fully_connected_v2 0 100000 0 0 0 0 -nan
matrices/Nr25_Nc25/consumption/RandTrix_Nr25_Nc25_Nest0.4_Conn0.2288.txt matrices/Nr25_Nc25/syntrophy/optimized_gamma0=0.5/seed_0 0.2288 0.4 1 1 fully_connected_v2 0 100000 0 0 0 0 -nan
matrices/Nr25_Nc25/consumption/RandTrix_Nr25_Nc25_Nest0.4_Conn0.272.txt matrices/Nr25_Nc25/syntrophy/optimized_gamma0=0.5/seed_0 0.272 0.397260273972603 1 1 fully_connected_v2 0 100000 0 0 0 0 -nan
matrices/Nr25_Nc25/consumption/RandTrix_Nr25_Nc25_Nest0.4_Conn0.3312.txt matrices/Nr25_Nc25/syntrophy/optimized_gamma0=0.5/seed_0 0.3312 0.396235521235521 1 1 fully_connected_v2 0 100000 0 0 0 0 -nan
matrices/Nr25_Nc25/consumption/RandTrix_Nr25_Nc25_Nest0.4_Conn0.3712.txt matrices/Nr25_Nc25/syntrophy/optimized_gamma0=0.5/seed_0 0.3712 0.40494527766518 1 1 fully_connected_v2 0 100000 0 0 0 0 -nan
matrices/Nr25_Nc25/consumption/RandTrix_Nr25_Nc25_Nest0.55_Conn0.0992.txt matrices/Nr25_Nc25/syntrophy/optimized_gamma0=0.5/seed_0 0.0992 0.548109965635739 1 1 fully_connected_v2 0 100000 0 0 0 0 -nan
matrices/Nr25_Nc25/consumption/RandTrix_Nr25_Nc25_Nest0.55_Conn0.1248.txt matrices/Nr25_Nc25/syntrophy/optimized_gamma0=0.5/seed_0 0.1248 0.55 1 1 fully_connected_v2 0 100000 0 0 0 0 -nan
matrices/Nr25_Nc25/consumption/RandTrix_Nr25_Nc25_Nest0.55_Conn0.184.txt matrices/Nr25_Nc25/syntrophy/optimized_gamma0=0.5/seed_0 0.184 0.55019556714472 1 1 fully_connected_v2 0 100000 0 0 0 0 -nan
matrices/Nr25_Nc25/consumption/RandTrix_Nr25_Nc25_Nest0.55_Conn0.2304.txt matrices/Nr25_Nc25/syntrophy/optimized_gamma0=0.5/seed_0 0.2304 0.55 1 1 fully_connected_v2 0 100000 0 0 0 0 -nan
matrices/Nr25_Nc25/consumption/RandTrix_Nr25_Nc25_Nest0.55_Conn0.3024.txt matrices/Nr25_Nc25/syntrophy/optimized_gamma0=0.5/seed_0 0.3024 0.550095724313976 1 1 fully_connected_v2 0 100000 0 0 0 0 -nan
matrices/Nr25_Nc25/consumption/RandTrix_Nr25_Nc25_Nest0.55_Conn0.3344.txt matrices/Nr25_Nc25/syntrophy/optimized_gamma0=0.5/seed_0 0.3344 0.547425474254743 1 1 fully_connected_v2 0 100000 0 0 0 0 -nan
matrices/Nr25_Nc25/consumption/RandTrix_Nr25_Nc25_Nest0.55_Conn0.3824.txt matrices/Nr25_Nc25/syntrophy/optimized_gamma0=0.5/seed_0 0.3824 0.547794117647059 1 1 fully_connected_v2 0 100000 0 0 0 0 -nan
matrices/Nr25_Nc25/consumption/RandTrix_Nr25_Nc25_Nest0.55_Conn0.4176.txt matrices/Nr25_Nc25/syntrophy/optimized_gamma0=0.5/seed_0 0.4176 0.546571541815299 1 1 fully_connected_v2 0 100000 0 0 0 0 -nan
matrices/Nr25_Nc25/consumption/RandTrix_Nr25_Nc25_Nest0.5_Conn0.0912.txt matrices/Nr25_Nc25/syntrophy/optimized_gamma0=0.5/seed_0 0.0912 0.50278293135436 1 1 fully_connected_v2 0 100000 0 0 0 0 -nan
matrices/Nr25_Nc25/consumption/RandTrix_Nr25_Nc25_Nest0.5_Conn0.1248.txt matrices/Nr25_Nc25/syntrophy/optimized_gamma0=0.5/seed_0 0.1248 0.5 1 1 fully_connected_v2 0 100000 0 0 0 0 -nan
matrices/Nr25_Nc25/consumption/RandTrix_Nr25_Nc25_Nest0.5_Conn0.1744.txt matrices/Nr25_Nc25/syntrophy/optimized_gamma0=0.5/seed_0 0.1744 0.5 1 1 fully_connected_v2 0 100000 0 0 0 0 -nan
matrices/Nr25_Nc25/consumption/RandTrix_Nr25_Nc25_Nest0.5_Conn0.2496.txt matrices/Nr25_Nc25/syntrophy/optimized_gamma0=0.5/seed_0 0.2496 0.5 1 1 fully_connected_v2 0 100000 0 0 0 0 -nan
matrices/Nr25_Nc25/consumption/RandTrix_Nr25_Nc25_Nest0.5_Conn0.2928.txt matrices/Nr25_Nc25/syntrophy/optimized_gamma0=0.5/seed_0 0.2928 0.5 1 1 fully_connected_v2 0 100000 0 0 0 0 -nan
matrices/Nr25_Nc25/consumption/RandTrix_Nr25_Nc25_Nest0.5_Conn0.32.txt matrices/Nr25_Nc25/syntrophy/optimized_gamma0=0.5/seed_0 0.32 0.498845265588915 1 1 fully_connected_v2 0 100000 0 0 0 0 -nan
matrices/Nr25_Nc25/consumption/RandTrix_Nr25_Nc25_Nest0.5_Conn0.3824.txt matrices/Nr25_Nc25/syntrophy/optimized_gamma0=0.5/seed_0 0.3824 0.496305953933073 1 1 fully_connected_v2 0 100000 0 0 0 0 -nan
matrices/Nr25_Nc25/consumption/RandTrix_Nr25_Nc25_Nest0.5_Conn0.416.txt matrices/Nr25_Nc25/syntrophy/optimized_gamma0=0.5/seed_0 0.416 0.504988488104375 1 1 fully_connected_v2 0 100000 0 0 0 0 -nan
matrices/Nr25_Nc25/consumption/RandTrix_Nr25_Nc25_Nest0.6_Conn0.12.txt matrices/Nr25_Nc25/syntrophy/optimized_gamma0=0.5/seed_0 0.12 0.6 1 1 fully_connected_v2 0 100000 0 0 0 0 -nan
matrices/Nr25_Nc25/consumption/RandTrix_Nr25_Nc25_Nest0.6_Conn0.16.txt matrices/Nr25_Nc25/syntrophy/optimized_gamma0=0.5/seed_0 0.16 0.6 1 1 fully_connected_v2 0 100000 0 0 0 0 -nan
matrices/Nr25_Nc25/consumption/RandTrix_Nr25_Nc25_Nest0.6_Conn0.2048.txt matrices/Nr25_Nc25/syntrophy/optimized_gamma0=0.5/seed_0 0.2048 0.6 1 1 fully_connected_v2 0 100000 0 0 0 0 -nan
matrices/Nr25_Nc25/consumption/RandTrix_Nr25_Nc25_Nest0.6_Conn0.3168.txt matrices/Nr25_Nc25/syntrophy/optimized_gamma0=0.5/seed_0 0.3168 0.599869024230517 1 1 fully_connected_v2 0 100000 0 0 0 0 -nan
matrices/Nr25_Nc25/consumption/RandTrix_Nr25_Nc25_Nest0.6_Conn0.3712.txt matrices/Nr25_Nc25/syntrophy/optimized_gamma0=0.5/seed_0 0.3712 0.595085995085995 1 1 fully_connected_v2 0 100000 0 0 0 0 -nan
matrices/Nr25_Nc25/consumption/RandTrix_Nr25_Nc25_Nest0.6_Conn0.44.txt matrices/Nr25_Nc25/syntrophy/optimized_gamma0=0.5/seed_0 0.44 0.6 1 1 fully_connected_v2 0 100000 0 0 0 0 -nan
# File last opened on Wed May 22 22:15:59 2024
# We are writing, in that order, G-matrix location, A-matrix location, G connectance, G nestedness, A connectance, A nestedness, A-mode, alpha0 value, total number of simulations, proportion of feasible, stable, unstable, marginal and dominant eigenvalue
# File last opened on Mon May 27 10:15:56 2024
# We are writing, in that order, G-matrix location, A-matrix location, G connectance, G nestedness, A connectance, A nestedness, A-mode, alpha0 value, total number of simulations, proportion of feasible, stable, unstable, marginal and dominant eigenvalue
# File last opened on Mon May 27 10:15:56 2024
# We are writing, in that order, G-matrix location, A-matrix location, G connectance, G nestedness, A connectance, A nestedness, A-mode, alpha0 value, total number of simulations, proportion of feasible, stable, unstable, marginal and dominant eigenvalue
# File last opened on Mon May 27 10:15:56 2024
# We are writing, in that order, G-matrix location, A-matrix location, G connectance, G nestedness, A connectance, A nestedness, A-mode, alpha0 value, total number of simulations, proportion of feasible, stable, unstable, marginal and dominant eigenvalue
matrices/Nr25_Nc25/consumption/RandTrix_Nr25_Nc25_Nest0.15_Conn0.08.txt matrices/Nr25_Nc25/syntrophy/optimized_gamma0=0.5/seed_0 0.0816 0.15 0.512 0.56801416347005 optimized_matrix_v2 0 100000 0.17822 0.99631 0.00369 0 -0.000499211881794806
matrices/Nr25_Nc25/consumption/RandTrix_Nr25_Nc25_Nest0.15_Conn0.08.txt matrices/Nr25_Nc25/syntrophy/optimized_gamma0=0.5/seed_0 0.0816 0.15 1 1 fully_connected_v2 0 100000 0.11408 0.98168 0.01832 0 -0.000493503524912586
matrices/Nr25_Nc25/consumption/RandTrix_Nr25_Nc25_Nest0.15_Conn0.08.txt matrices/Nr25_Nc25/syntrophy/optimized_gamma0=0.5/seed_0 0.0816 0.15 0.512 0.56801416347005 random_structure_v2 0 100000 0.1779 0.9937 0.0063 0 -0.000492690120137569
matrices/Nr25_Nc25/consumption/RandTrix_Nr25_Nc25_Nest0.15_Conn0.12.txt matrices/Nr25_Nc25/syntrophy/optimized_gamma0=0.5/seed_0 0.12 0.151419558359621 1 1 fully_connected_v2 0 100000 0.20358 0.96455 0.03545 0 -7.70496270415405e-05
matrices/Nr25_Nc25/consumption/RandTrix_Nr25_Nc25_Nest0.15_Conn0.12.txt matrices/Nr25_Nc25/syntrophy/optimized_gamma0=0.5/seed_0 0.12 0.151419558359621 0.5168 0.561880487114132 optimized_matrix_v2 0 100000 0.28217 0.98829 0.01171 0 -7.69513489387932e-05
matrices/Nr25_Nc25/consumption/RandTrix_Nr25_Nc25_Nest0.15_Conn0.12.txt matrices/Nr25_Nc25/syntrophy/optimized_gamma0=0.5/seed_0 0.12 0.151419558359621 0.5168 0.561880487114132 random_structure_v2 0 100000 0.3004 0.97861 0.02139 0 -7.80922413369891e-05
matrices/Nr25_Nc25/consumption/RandTrix_Nr25_Nc25_Nest0.15_Conn0.1808.txt matrices/Nr25_Nc25/syntrophy/optimized_gamma0=0.5/seed_0 0.1808 0.158059467918623 0.5056 0.587009803921569 optimized_matrix_v2 0 100000 0.43797 0.99642 0.00358 0 -0.000417289344049744
matrices/Nr25_Nc25/consumption/RandTrix_Nr25_Nc25_Nest0.15_Conn0.1808.txt matrices/Nr25_Nc25/syntrophy/optimized_gamma0=0.5/seed_0 0.1808 0.158059467918623 1 1 fully_connected_v2 0 100000 0.4113 0.9932 0.0068 0 -0.000396212105086937
matrices/Nr25_Nc25/consumption/RandTrix_Nr25_Nc25_Nest0.15_Conn0.1808.txt matrices/Nr25_Nc25/syntrophy/optimized_gamma0=0.5/seed_0 0.1808 0.158059467918623 0.5056 0.587009803921569 random_structure_v2 0 100000 0.43874 0.99483 0.00517 0 -0.000402819889542364
matrices/Nr25_Nc25/consumption/RandTrix_Nr25_Nc25_Nest0.1_Conn0.0816.txt matrices/Nr25_Nc25/syntrophy/optimized_gamma0=0.5/seed_0 0.0816 0.1 0.512 0.571851851851852 optimized_matrix_v2 0 100000 0.3106 0.99135 0.00865 0 -0.00108844326942486
matrices/Nr25_Nc25/consumption/RandTrix_Nr25_Nc25_Nest0.1_Conn0.0816.txt matrices/Nr25_Nc25/syntrophy/optimized_gamma0=0.5/seed_0 0.0816 0.1 0.512 0.571851851851852 random_structure_v2 0 100000 0.30497 0.99251 0.00749 0 -0.00109966059359873
matrices/Nr25_Nc25/consumption/RandTrix_Nr25_Nc25_Nest0.1_Conn0.0816.txt matrices/Nr25_Nc25/syntrophy/optimized_gamma0=0.5/seed_0 0.0816 0.1 1 1 fully_connected_v2 0 100000 0.20486 0.97915 0.02085 0 -0.00109675212281967
matrices/Nr25_Nc25/consumption/RandTrix_Nr25_Nc25_Nest0.1_Conn0.1296.txt matrices/Nr25_Nc25/syntrophy/optimized_gamma0=0.5/seed_0 0.1296 0.10479375696767 0.488 0.56493715758943 optimized_matrix_v2 0 100000 0.49367 0.92104 0.07896 0 -5.11856553144979e-05
matrices/Nr25_Nc25/consumption/RandTrix_Nr25_Nc25_Nest0.1_Conn0.1296.txt matrices/Nr25_Nc25/syntrophy/optimized_gamma0=0.5/seed_0 0.1296 0.10479375696767 0.488 0.56493715758943 random_structure_v2 0 100000 0.49279 0.9425 0.0575 0 -5.26733178422516e-05
matrices/Nr25_Nc25/consumption/RandTrix_Nr25_Nc25_Nest0.1_Conn0.1296.txt matrices/Nr25_Nc25/syntrophy/optimized_gamma0=0.5/seed_0 0.1296 0.10479375696767 1 1 fully_connected_v2 0 100000 0.43527 0.94353 0.05647 0 -5.11922952458638e-05
matrices/Nr25_Nc25/consumption/RandTrix_Nr25_Nc25_Nest0.25_Conn0.0832.txt matrices/Nr25_Nc25/syntrophy/optimized_gamma0=0.5/seed_0 0.0832 0.25 0.4752 0.540237055520899 optimized_matrix_v2 0 100000 0.17517 0.99815 0.00185 0 -0.00329829764505581
matrices/Nr25_Nc25/consumption/RandTrix_Nr25_Nc25_Nest0.25_Conn0.0832.txt matrices/Nr25_Nc25/syntrophy/optimized_gamma0=0.5/seed_0 0.0832 0.25 0.4752 0.540237055520899 random_structure_v2 0 100000 0.15972 0.99612 0.00388 0 -0.00332935823683104
matrices/Nr25_Nc25/consumption/RandTrix_Nr25_Nc25_Nest0.25_Conn0.0832.txt matrices/Nr25_Nc25/syntrophy/optimized_gamma0=0.5/seed_0 0.0832 0.25 1 1 fully_connected_v2 0 100000 0.11196 0.9821 0.0179 0 -0.00338799625886139
matrices/Nr25_Nc25/consumption/RandTrix_Nr25_Nc25_Nest0.25_Conn0.1392.txt matrices/Nr25_Nc25/syntrophy/optimized_gamma0=0.5/seed_0 0.1392 0.25 0.513600000000001 0.578871201157742 optimized_matrix_v2 0 100000 0.17474 0.99856 0.00144 0 -0.000357372711560372
matrices/Nr25_Nc25/consumption/RandTrix_Nr25_Nc25_Nest0.25_Conn0.1392.txt matrices/Nr25_Nc25/syntrophy/optimized_gamma0=0.5/seed_0 0.1392 0.25 0.513600000000001 0.578871201157742 random_structure_v2 0 100000 0.17032 0.99307 0.00693 0 -0.000358886087084949
matrices/Nr25_Nc25/consumption/RandTrix_Nr25_Nc25_Nest0.25_Conn0.1392.txt matrices/Nr25_Nc25/syntrophy/optimized_gamma0=0.5/seed_0 0.1392 0.25 1 1 fully_connected_v2 0 100000 0.12295 0.99398 0.00602 0 -0.000350513667059012
matrices/Nr25_Nc25/consumption/RandTrix_Nr25_Nc25_Nest0.25_Conn0.184.txt matrices/Nr25_Nc25/syntrophy/optimized_gamma0=0.5/seed_0 0.184 0.245901639344262 0.5008 0.553640416047548 optimized_matrix_v2 0 100000 0.18636 0.95033 0.04967 0 -3.0193113553798e-05
matrices/Nr25_Nc25/consumption/RandTrix_Nr25_Nc25_Nest0.25_Conn0.184.txt matrices/Nr25_Nc25/syntrophy/optimized_gamma0=0.5/seed_0 0.184 0.245901639344262 0.5008 0.553640416047548 random_structure_v2 0 100000 0.21958 0.92949 0.07051 0 -3.05883899304682e-05
matrices/Nr25_Nc25/consumption/RandTrix_Nr25_Nc25_Nest0.25_Conn0.184.txt matrices/Nr25_Nc25/syntrophy/optimized_gamma0=0.5/seed_0 0.184 0.245901639344262 1 1 fully_connected_v2 0 100000 0.14401 0.9312 0.0688 0 -2.98295288748407e-05
matrices/Nr25_Nc25/consumption/RandTrix_Nr25_Nc25_Nest0.25_Conn0.2336.txt matrices/Nr25_Nc25/syntrophy/optimized_gamma0=0.5/seed_0 0.2336 0.252631578947368 0.4912 0.548053527980535 optimized_matrix_v2 0 100000 0.30548 0.99847 0.00153 0 -0.000594400885674845
matrices/Nr25_Nc25/consumption/RandTrix_Nr25_Nc25_Nest0.25_Conn0.2336.txt matrices/Nr25_Nc25/syntrophy/optimized_gamma0=0.5/seed_0 0.2336 0.252631578947368 0.4912 0.548053527980535 random_structure_v2 0 100000 0.31035 0.99677 0.00323 0 -0.000595086685416867
matrices/Nr25_Nc25/consumption/RandTrix_Nr25_Nc25_Nest0.25_Conn0.2336.txt matrices/Nr25_Nc25/syntrophy/optimized_gamma0=0.5/seed_0 0.2336 0.252631578947368 1 1 fully_connected_v2 0 100000 0.27326 0.9964 0.0036 0 -0.000584995285669012
matrices/Nr25_Nc25/consumption/RandTrix_Nr25_Nc25_Nest0.2_Conn0.0896.txt matrices/Nr25_Nc25/syntrophy/optimized_gamma0=0.5/seed_0 0.0896 0.2 0.488 0.541807044410414 optimized_matrix_v2 0 100000 0.14746 0.99466 0.00534 0 -0.00040445435527703
matrices/Nr25_Nc25/consumption/RandTrix_Nr25_Nc25_Nest0.2_Conn0.0896.txt matrices/Nr25_Nc25/syntrophy/optimized_gamma0=0.5/seed_0 0.0896 0.2 0.488 0.541807044410414 random_structure_v2 0 100000 0.13937 0.98958 0.01042 0 -0.000418166638251358
matrices/Nr25_Nc25/consumption/RandTrix_Nr25_Nc25_Nest0.2_Conn0.0896.txt matrices/Nr25_Nc25/syntrophy/optimized_gamma0=0.5/seed_0 0.0896 0.2 1 1 fully_connected_v2 0 100000 0.0966 0.97329 0.02671 0 -0.000413043778860165
matrices/Nr25_Nc25/consumption/RandTrix_Nr25_Nc25_Nest0.2_Conn0.1328.txt matrices/Nr25_Nc25/syntrophy/optimized_gamma0=0.5/seed_0 0.1328 0.2 0.4992 0.578915480157528 optimized_matrix_v2 0 100000 0.22396 0.89227 0.10773 0 -2.88252229848889e-05
matrices/Nr25_Nc25/consumption/RandTrix_Nr25_Nc25_Nest0.2_Conn0.1328.txt matrices/Nr25_Nc25/syntrophy/optimized_gamma0=0.5/seed_0 0.1328 0.2 0.4992 0.578915480157528 random_structure_v2 0 100000 0.23805 0.97148 0.02852 0 -3.08652727921007e-05
matrices/Nr25_Nc25/consumption/RandTrix_Nr25_Nc25_Nest0.2_Conn0.1328.txt matrices/Nr25_Nc25/syntrophy/optimized_gamma0=0.5/seed_0 0.1328 0.2 1 1 fully_connected_v2 0 100000 0.16065 0.97062 0.02938 0 -3.00881677611673e-05
matrices/Nr25_Nc25/consumption/RandTrix_Nr25_Nc25_Nest0.2_Conn0.168.txt matrices/Nr25_Nc25/syntrophy/optimized_gamma0=0.5/seed_0 0.168 0.202270381836945 0.512 0.578365804012795 optimized_matrix_v2 0 100000 0.25099 0.99998 2e-05 0 -9.78479032861751e-05
matrices/Nr25_Nc25/consumption/RandTrix_Nr25_Nc25_Nest0.2_Conn0.168.txt matrices/Nr25_Nc25/syntrophy/optimized_gamma0=0.5/seed_0 0.168 0.202270381836945 0.512 0.578365804012795 random_structure_v2 0 100000 0.22839 0.99028 0.00972 0 -9.75687387294419e-05
matrices/Nr25_Nc25/consumption/RandTrix_Nr25_Nc25_Nest0.2_Conn0.168.txt matrices/Nr25_Nc25/syntrophy/optimized_gamma0=0.5/seed_0 0.168 0.202270381836945 1 1 fully_connected_v2 0 100000 0.15938 0.99191 0.00809 0 -9.56982052078306e-05
matrices/Nr25_Nc25/consumption/RandTrix_Nr25_Nc25_Nest0.35_Conn0.08.txt matrices/Nr25_Nc25/syntrophy/optimized_gamma0=0.5/seed_0 0.08 0.35 0.4768 0.508750383788762 optimized_matrix_v2 0 100000 0.09134 0.99968 0.00032 0 -0.00217749206136638
matrices/Nr25_Nc25/consumption/RandTrix_Nr25_Nc25_Nest0.35_Conn0.08.txt matrices/Nr25_Nc25/syntrophy/optimized_gamma0=0.5/seed_0 0.08 0.35 0.4768 0.508750383788762 random_structure_v2 0 100000 0.09698 0.99778 0.00222 0 -0.0021853204448904
matrices/Nr25_Nc25/consumption/RandTrix_Nr25_Nc25_Nest0.35_Conn0.08.txt matrices/Nr25_Nc25/syntrophy/optimized_gamma0=0.5/seed_0 0.08 0.35 1 1 fully_connected_v2 0 100000 0.06132 0.99041 0.00959 0 -0.00217167580149707
matrices/Nr25_Nc25/consumption/RandTrix_Nr25_Nc25_Nest0.35_Conn0.1328.txt matrices/Nr25_Nc25/syntrophy/optimized_gamma0=0.5/seed_0 0.1328 0.35 0.4912 0.547990401919616 optimized_matrix_v2 0 100000 0.09464 0.97909 0.02091 0 -0.000186159421622345
matrices/Nr25_Nc25/consumption/RandTrix_Nr25_Nc25_Nest0.35_Conn0.1328.txt matrices/Nr25_Nc25/syntrophy/optimized_gamma0=0.5/seed_0 0.1328 0.35 0.4912 0.547990401919616 random_structure_v2 0 100000 0.09506 0.9905 0.0095 0 -0.00019397211925266
matrices/Nr25_Nc25/consumption/RandTrix_Nr25_Nc25_Nest0.35_Conn0.1328.txt matrices/Nr25_Nc25/syntrophy/optimized_gamma0=0.5/seed_0 0.1328 0.35 1 1 fully_connected_v2 0 100000 0.06291 0.98868 0.01132 0 -0.000190277422975108
matrices/Nr25_Nc25/consumption/RandTrix_Nr25_Nc25_Nest0.35_Conn0.1712.txt matrices/Nr25_Nc25/syntrophy/optimized_gamma0=0.5/seed_0 0.1712 0.35 0.486400000000001 0.557097791798107 optimized_matrix_v2 0 100000 0.09915 0.98859 0.01141 0 -2.71043309680977e-05
matrices/Nr25_Nc25/consumption/RandTrix_Nr25_Nc25_Nest0.35_Conn0.1712.txt matrices/Nr25_Nc25/syntrophy/optimized_gamma0=0.5/seed_0 0.1712 0.35 0.486400000000001 0.557097791798107 random_structure_v2 0 100000 0.10953 0.98201 0.01799 0 -2.57469426065055e-05
matrices/Nr25_Nc25/consumption/RandTrix_Nr25_Nc25_Nest0.35_Conn0.1712.txt matrices/Nr25_Nc25/syntrophy/optimized_gamma0=0.5/seed_0 0.1712 0.35 1 1 fully_connected_v2 0 100000 0.07074 0.98918 0.01082 0 -2.64709364161534e-05
matrices/Nr25_Nc25/consumption/RandTrix_Nr25_Nc25_Nest0.35_Conn0.2208.txt matrices/Nr25_Nc25/syntrophy/optimized_gamma0=0.5/seed_0 0.2208 0.347043701799486 0.5184 0.568851989693673 optimized_matrix_v2 0 100000 0.21273 0.94626 0.05374 0 -1.88157536549476e-05
matrices/Nr25_Nc25/consumption/RandTrix_Nr25_Nc25_Nest0.35_Conn0.2208.txt matrices/Nr25_Nc25/syntrophy/optimized_gamma0=0.5/seed_0 0.2208 0.347043701799486 0.5184 0.568851989693673 random_structure_v2 0 100000 0.20344 0.92135 0.07865 0 -2.05117876993088e-05
matrices/Nr25_Nc25/consumption/RandTrix_Nr25_Nc25_Nest0.35_Conn0.2208.txt matrices/Nr25_Nc25/syntrophy/optimized_gamma0=0.5/seed_0 0.2208 0.347043701799486 1 1 fully_connected_v2 0 100000 0.15658 0.93109 0.06891 0 -2.00287504554943e-05
matrices/Nr25_Nc25/consumption/RandTrix_Nr25_Nc25_Nest0.35_Conn0.272.txt matrices/Nr25_Nc25/syntrophy/optimized_gamma0=0.5/seed_0 0.272 0.346769413159455 0.4992 0.550266114725015 optimized_matrix_v2 0 100000 0.25177 0.97894 0.02106 0 -0.000478393727687355
matrices/Nr25_Nc25/consumption/RandTrix_Nr25_Nc25_Nest0.35_Conn0.272.txt matrices/Nr25_Nc25/syntrophy/optimized_gamma0=0.5/seed_0 0.272 0.346769413159455 0.4992 0.550266114725015 random_structure_v2 0 100000 0.2462 0.99562 0.00438 0 -0.000494194794122473
matrices/Nr25_Nc25/consumption/RandTrix_Nr25_Nc25_Nest0.35_Conn0.272.txt matrices/Nr25_Nc25/syntrophy/optimized_gamma0=0.5/seed_0 0.272 0.346769413159455 1 1 fully_connected_v2 0 100000 0.21743 0.99696 0.00304 0 -0.000483333524107496
matrices/Nr25_Nc25/consumption/RandTrix_Nr25_Nc25_Nest0.35_Conn0.3216.txt matrices/Nr25_Nc25/syntrophy/optimized_gamma0=0.5/seed_0 0.3216 0.354089219330855 0.513600000000001 0.565732447269575 optimized_matrix_v2 0 100000 0.25456 0.94253 0.05747 0 -0.000148886764504777
matrices/Nr25_Nc25/consumption/RandTrix_Nr25_Nc25_Nest0.35_Conn0.3216.txt matrices/Nr25_Nc25/syntrophy/optimized_gamma0=0.5/seed_0 0.3216 0.354089219330855 0.513600000000001 0.565732447269575 random_structure_v2 0 100000 0.25487 0.97327 0.02673 0 -0.000148020312787797
matrices/Nr25_Nc25/consumption/RandTrix_Nr25_Nc25_Nest0.35_Conn0.3216.txt matrices/Nr25_Nc25/syntrophy/optimized_gamma0=0.5/seed_0 0.3216 0.354089219330855 1 1 fully_connected_v2 0 100000 0.23512 0.97583 0.02417 0 -0.000144579210069917
matrices/Nr25_Nc25/consumption/RandTrix_Nr25_Nc25_Nest0.3_Conn0.0816.txt matrices/Nr25_Nc25/syntrophy/optimized_gamma0=0.5/seed_0 0.0816 0.297435897435897 0.5168 0.594805194805195 optimized_matrix_v2 0 100000 0.12035 0.99308 0.00692 0 -0.00237015014161062
matrices/Nr25_Nc25/consumption/RandTrix_Nr25_Nc25_Nest0.3_Conn0.0816.txt matrices/Nr25_Nc25/syntrophy/optimized_gamma0=0.5/seed_0 0.0816 0.297435897435897 0.5168 0.594805194805195 random_structure_v2 0 100000 0.11743 0.99486 0.00514 0 -0.00240756016663104
matrices/Nr25_Nc25/consumption/RandTrix_Nr25_Nc25_Nest0.3_Conn0.0816.txt matrices/Nr25_Nc25/syntrophy/optimized_gamma0=0.5/seed_0 0.0816 0.297435897435897 1 1 fully_connected_v2 0 100000 0.08605 0.98187 0.01813 0 -0.00238308374921202
matrices/Nr25_Nc25/consumption/RandTrix_Nr25_Nc25_Nest0.3_Conn0.128.txt matrices/Nr25_Nc25/syntrophy/optimized_gamma0=0.5/seed_0 0.128 0.3 0.4896 0.549360146252285 optimized_matrix_v2 0 100000 0.09971 0.98797 0.01203 0 -0.000266058106428031
matrices/Nr25_Nc25/consumption/RandTrix_Nr25_Nc25_Nest0.3_Conn0.128.txt matrices/Nr25_Nc25/syntrophy/optimized_gamma0=0.5/seed_0 0.128 0.3 0.4896 0.549360146252285 random_structure_v2 0 100000 0.12191 0.99242 0.00758 0 -0.000262902141493669
matrices/Nr25_Nc25/consumption/RandTrix_Nr25_Nc25_Nest0.3_Conn0.128.txt matrices/Nr25_Nc25/syntrophy/optimized_gamma0=0.5/seed_0 0.128 0.3 1 1 fully_connected_v2 0 100000 0.08212 0.98855 0.01145 0 -0.000259641630819675
matrices/Nr25_Nc25/consumption/RandTrix_Nr25_Nc25_Nest0.3_Conn0.1776.txt matrices/Nr25_Nc25/syntrophy/optimized_gamma0=0.5/seed_0 0.1776 0.3 0.4928 0.549590536851683 optimized_matrix_v2 0 100000 0.19851 0.98348 0.01652 0 -0.000341275500607375
matrices/Nr25_Nc25/consumption/RandTrix_Nr25_Nc25_Nest0.3_Conn0.1776.txt matrices/Nr25_Nc25/syntrophy/optimized_gamma0=0.5/seed_0 0.1776 0.3 0.4928 0.549590536851683 random_structure_v2 0 100000 0.20051 0.99135 0.00865 0 -0.000348094833849066
matrices/Nr25_Nc25/consumption/RandTrix_Nr25_Nc25_Nest0.3_Conn0.1776.txt matrices/Nr25_Nc25/syntrophy/optimized_gamma0=0.5/seed_0 0.1776 0.3 1 1 fully_connected_v2 0 100000 0.13346 0.99328 0.00672 0 -0.000341669355828523
matrices/Nr25_Nc25/consumption/RandTrix_Nr25_Nc25_Nest0.3_Conn0.2272.txt matrices/Nr25_Nc25/syntrophy/optimized_gamma0=0.5/seed_0 0.2272 0.297439759036145 0.486400000000001 0.547758887171561 optimized_matrix_v2 0 100000 0.25706 0.98605 0.01395 0 -0.000362663542474714
matrices/Nr25_Nc25/consumption/RandTrix_Nr25_Nc25_Nest0.3_Conn0.2272.txt matrices/Nr25_Nc25/syntrophy/optimized_gamma0=0.5/seed_0 0.2272 0.297439759036145 0.486400000000001 0.547758887171561 random_structure_v2 0 100000 0.25883 0.99413 0.00587 0 -0.00036172849239899
matrices/Nr25_Nc25/consumption/RandTrix_Nr25_Nc25_Nest0.3_Conn0.2272.txt matrices/Nr25_Nc25/syntrophy/optimized_gamma0=0.5/seed_0 0.2272 0.297439759036145 1 1 fully_connected_v2 0 100000 0.19897 0.99466 0.00534 0 -0.000355738366321247
matrices/Nr25_Nc25/consumption/RandTrix_Nr25_Nc25_Nest0.3_Conn0.2816.txt matrices/Nr25_Nc25/syntrophy/optimized_gamma0=0.5/seed_0 0.2816 0.302762430939227 0.4608 0.521580345285525 optimized_matrix_v2 0 100000 0.29235 0.98433 0.01567 0 -0.000148625513382075
matrices/Nr25_Nc25/consumption/RandTrix_Nr25_Nc25_Nest0.3_Conn0.2816.txt matrices/Nr25_Nc25/syntrophy/optimized_gamma0=0.5/seed_0 0.2816 0.302762430939227 0.4608 0.521580345285525 random_structure_v2 0 100000 0.29262 0.97668 0.02332 0 -0.000141665853073209
matrices/Nr25_Nc25/consumption/RandTrix_Nr25_Nc25_Nest0.3_Conn0.2816.txt matrices/Nr25_Nc25/syntrophy/optimized_gamma0=0.5/seed_0 0.2816 0.302762430939227 1 1 fully_connected_v2 0 100000 0.25361 0.97827 0.02173 0 -0.00013855824000314
matrices/Nr25_Nc25/consumption/RandTrix_Nr25_Nc25_Nest0.45_Conn0.0816.txt matrices/Nr25_Nc25/syntrophy/optimized_gamma0=0.5/seed_0 0.0816 0.452 0.4928 0.577117572692794 optimized_matrix_v2 0 100000 0.07609 1 0 0 -0.00192589831666631
matrices/Nr25_Nc25/consumption/RandTrix_Nr25_Nc25_Nest0.45_Conn0.0816.txt matrices/Nr25_Nc25/syntrophy/optimized_gamma0=0.5/seed_0 0.0816 0.452 0.4928 0.577117572692794 random_structure_v2 0 100000 0.07842 0.99881 0.00119 0 -0.00187850320972352
matrices/Nr25_Nc25/consumption/RandTrix_Nr25_Nc25_Nest0.45_Conn0.0816.txt matrices/Nr25_Nc25/syntrophy/optimized_gamma0=0.5/seed_0 0.0816 0.452 1 1 fully_connected_v2 0 100000 0.0545 0.99587 0.00413 0 -0.00186915942986174
matrices/Nr25_Nc25/consumption/RandTrix_Nr25_Nc25_Nest0.45_Conn0.1232.txt matrices/Nr25_Nc25/syntrophy/optimized_gamma0=0.5/seed_0 0.1232 0.45 0.5008 0.567814690643097 optimized_matrix_v2 0 100000 0.08733 0.98672 0.01328 0 -0.000575380964290565
matrices/Nr25_Nc25/consumption/RandTrix_Nr25_Nc25_Nest0.45_Conn0.1232.txt matrices/Nr25_Nc25/syntrophy/optimized_gamma0=0.5/seed_0 0.1232 0.45 0.5008 0.567814690643097 random_structure_v2 0 100000 0.08689 0.99527 0.00473 0 -0.000593045705323031
matrices/Nr25_Nc25/consumption/RandTrix_Nr25_Nc25_Nest0.45_Conn0.1232.txt matrices/Nr25_Nc25/syntrophy/optimized_gamma0=0.5/seed_0 0.1232 0.45 1 1 fully_connected_v2 0 100000 0.05825 0.99492 0.00508 0 -0.000583279469467292
matrices/Nr25_Nc25/consumption/RandTrix_Nr25_Nc25_Nest0.45_Conn0.1856.txt matrices/Nr25_Nc25/syntrophy/optimized_gamma0=0.5/seed_0 0.1856 0.449874686716792 0.497599999999999 0.565429093122337 optimized_matrix_v2 0 100000 0.1403 0.99792 0.00208 0 -0.000287196679852549
matrices/Nr25_Nc25/consumption/RandTrix_Nr25_Nc25_Nest0.45_Conn0.1856.txt matrices/Nr25_Nc25/syntrophy/optimized_gamma0=0.5/seed_0 0.1856 0.449874686716792 0.497599999999999 0.565429093122337 random_structure_v2 0 100000 0.13075 0.99043 0.00957 0 -0.000276763621196266
matrices/Nr25_Nc25/consumption/RandTrix_Nr25_Nc25_Nest0.45_Conn0.1856.txt matrices/Nr25_Nc25/syntrophy/optimized_gamma0=0.5/seed_0 0.1856 0.449874686716792 1 1 fully_connected_v2 0 100000 0.08827 0.99234 0.00766 0 -0.00026798375623823
matrices/Nr25_Nc25/consumption/RandTrix_Nr25_Nc25_Nest0.45_Conn0.216.txt matrices/Nr25_Nc25/syntrophy/optimized_gamma0=0.5/seed_0 0.216 0.45 0.5488 0.611911884688605 optimized_matrix_v2 0 100000 0.09481 0.9464 0.0536 0 -9.64499746698538e-05
matrices/Nr25_Nc25/consumption/RandTrix_Nr25_Nc25_Nest0.45_Conn0.216.txt matrices/Nr25_Nc25/syntrophy/optimized_gamma0=0.5/seed_0 0.216 0.45 0.5488 0.611911884688605 random_structure_v2 0 100000 0.09925 0.9851 0.0149 0 -9.70033508730165e-05
matrices/Nr25_Nc25/consumption/RandTrix_Nr25_Nc25_Nest0.45_Conn0.216.txt matrices/Nr25_Nc25/syntrophy/optimized_gamma0=0.5/seed_0 0.216 0.45 1 1 fully_connected_v2 0 100000 0.06848 0.98877 0.01123 0 -9.56497466363712e-05
matrices/Nr25_Nc25/consumption/RandTrix_Nr25_Nc25_Nest0.45_Conn0.2672.txt matrices/Nr25_Nc25/syntrophy/optimized_gamma0=0.5/seed_0 0.2672 0.446518305814788 0.488 0.571793235481813 optimized_matrix_v2 0 100000 0.13229 0.971 0.029 0 -5.44191833270293e-05
matrices/Nr25_Nc25/consumption/RandTrix_Nr25_Nc25_Nest0.45_Conn0.2672.txt matrices/Nr25_Nc25/syntrophy/optimized_gamma0=0.5/seed_0 0.2672 0.446518305814788 0.488 0.571793235481813 random_structure_v2 0 100000 0.15487 0.95489 0.04511 0 -5.5560626641309e-05
matrices/Nr25_Nc25/consumption/RandTrix_Nr25_Nc25_Nest0.45_Conn0.2672.txt matrices/Nr25_Nc25/syntrophy/optimized_gamma0=0.5/seed_0 0.2672 0.446518305814788 1 1 fully_connected_v2 0 100000 0.09735 0.95695 0.04305 0 -5.48579544656044e-05
matrices/Nr25_Nc25/consumption/RandTrix_Nr25_Nc25_Nest0.45_Conn0.3168.txt matrices/Nr25_Nc25/syntrophy/optimized_gamma0=0.5/seed_0 0.3168 0.445459430413756 0.497599999999999 0.554861730597681 optimized_matrix_v2 0 100000 0.16737 0.99221 0.00779 0 -0.000108774738586555
matrices/Nr25_Nc25/consumption/RandTrix_Nr25_Nc25_Nest0.45_Conn0.3168.txt matrices/Nr25_Nc25/syntrophy/optimized_gamma0=0.5/seed_0 0.3168 0.445459430413756 0.497599999999999 0.554861730597681 random_structure_v2 0 100000 0.19546 0.9734 0.0266 0 -0.000112392459822252
matrices/Nr25_Nc25/consumption/RandTrix_Nr25_Nc25_Nest0.45_Conn0.3168.txt matrices/Nr25_Nc25/syntrophy/optimized_gamma0=0.5/seed_0 0.3168 0.445459430413756 1 1 fully_connected_v2 0 100000 0.15737 0.97569 0.02431 0 -0.000108982469546832
matrices/Nr25_Nc25/consumption/RandTrix_Nr25_Nc25_Nest0.45_Conn0.384.txt matrices/Nr25_Nc25/syntrophy/optimized_gamma0=0.5/seed_0 0.384 0.452352708580467 0.470399999999999 0.528462998102466 optimized_matrix_v2 0 100000 0.20452 0.99849 0.00151 0 -0.000419884454752679
matrices/Nr25_Nc25/consumption/RandTrix_Nr25_Nc25_Nest0.45_Conn0.384.txt matrices/Nr25_Nc25/syntrophy/optimized_gamma0=0.5/seed_0 0.384 0.452352708580467 0.470399999999999 0.528462998102466 random_structure_v2 0 100000 0.20945 0.99323 0.00677 0 -0.000427639062947101
matrices/Nr25_Nc25/consumption/RandTrix_Nr25_Nc25_Nest0.45_Conn0.384.txt matrices/Nr25_Nc25/syntrophy/optimized_gamma0=0.5/seed_0 0.384 0.452352708580467 1 1 fully_connected_v2 0 100000 0.19168 0.99444 0.00556 0 -0.000416475563929829
matrices/Nr25_Nc25/consumption/RandTrix_Nr25_Nc25_Nest0.45_Conn0.424.txt matrices/Nr25_Nc25/syntrophy/optimized_gamma0=0.5/seed_0 0.424 0.454737583656217 0.502400000000001 0.568291215403129 optimized_matrix_v2 0 100000 0.24382 0.99866 0.00134 0 -0.000391948766232878
matrices/Nr25_Nc25/consumption/RandTrix_Nr25_Nc25_Nest0.45_Conn0.424.txt matrices/Nr25_Nc25/syntrophy/optimized_gamma0=0.5/seed_0 0.424 0.454737583656217 0.502400000000001 0.568291215403129 random_structure_v2 0 100000 0.23468 0.99368 0.00632 0 -0.000387214332114343
matrices/Nr25_Nc25/consumption/RandTrix_Nr25_Nc25_Nest0.45_Conn0.424.txt matrices/Nr25_Nc25/syntrophy/optimized_gamma0=0.5/seed_0 0.424 0.454737583656217 1 1 fully_connected_v2 0 100000 0.21329 0.99402 0.00598 0 -0.00038214121378792
matrices/Nr25_Nc25/consumption/RandTrix_Nr25_Nc25_Nest0.4_Conn0.0784.txt matrices/Nr25_Nc25/syntrophy/optimized_gamma0=0.5/seed_0 0.0784 0.4 0.4912 0.534394713127065 optimized_matrix_v2 0 100000 0.08598 0.99691 0.00309 0 -0.0021574171814794
matrices/Nr25_Nc25/consumption/RandTrix_Nr25_Nc25_Nest0.4_Conn0.0784.txt matrices/Nr25_Nc25/syntrophy/optimized_gamma0=0.5/seed_0 0.0784 0.4 0.4912 0.534394713127065 random_structure_v2 0 100000 0.08683 0.99746 0.00254 0 -0.00212665681285999
matrices/Nr25_Nc25/consumption/RandTrix_Nr25_Nc25_Nest0.4_Conn0.0784.txt matrices/Nr25_Nc25/syntrophy/optimized_gamma0=0.5/seed_0 0.0784 0.4 1 1 fully_connected_v2 0 100000 0.05518 0.98894 0.01106 0 -0.00209095157613012
matrices/Nr25_Nc25/consumption/RandTrix_Nr25_Nc25_Nest0.4_Conn0.1232.txt matrices/Nr25_Nc25/syntrophy/optimized_gamma0=0.5/seed_0 0.1232 0.399558498896247 0.528 0.596148399886718 optimized_matrix_v2 0 100000 0.13681 1 0 0 -0.00137861813312749
matrices/Nr25_Nc25/consumption/RandTrix_Nr25_Nc25_Nest0.4_Conn0.1232.txt matrices/Nr25_Nc25/syntrophy/optimized_gamma0=0.5/seed_0 0.1232 0.399558498896247 0.528 0.596148399886718 random_structure_v2 0 100000 0.12727 0.99842 0.00158 0 -0.00136924483063888
matrices/Nr25_Nc25/consumption/RandTrix_Nr25_Nc25_Nest0.4_Conn0.1232.txt matrices/Nr25_Nc25/syntrophy/optimized_gamma0=0.5/seed_0 0.1232 0.399558498896247 1 1 fully_connected_v2 0 100000 0.09304 0.9971 0.0029 0 -0.0013668578805541
matrices/Nr25_Nc25/consumption/RandTrix_Nr25_Nc25_Nest0.4_Conn0.2032.txt matrices/Nr25_Nc25/syntrophy/optimized_gamma0=0.5/seed_0 0.2032 0.4 0.496000000000001 0.568379921851518 optimized_matrix_v2 0 100000 0.14193 0.98992 0.01008 0 -0.000180911485648556
matrices/Nr25_Nc25/consumption/RandTrix_Nr25_Nc25_Nest0.4_Conn0.2032.txt matrices/Nr25_Nc25/syntrophy/optimized_gamma0=0.5/seed_0 0.2032 0.4 0.496000000000001 0.568379921851518 random_structure_v2 0 100000 0.15362 0.99142 0.00858 0 -0.000179178710086026
matrices/Nr25_Nc25/consumption/RandTrix_Nr25_Nc25_Nest0.4_Conn0.2032.txt matrices/Nr25_Nc25/syntrophy/optimized_gamma0=0.5/seed_0 0.2032 0.4 1 1 fully_connected_v2 0 100000 0.11639 0.99432 0.00568 0 -0.000177827738235877
matrices/Nr25_Nc25/consumption/RandTrix_Nr25_Nc25_Nest0.4_Conn0.2288.txt matrices/Nr25_Nc25/syntrophy/optimized_gamma0=0.5/seed_0 0.2288 0.4 0.496000000000001 0.569512195121951 optimized_matrix_v2 0 100000 0.15053 0.98461 0.01539 0 -1.79078939116591e-05
matrices/Nr25_Nc25/consumption/RandTrix_Nr25_Nc25_Nest0.4_Conn0.2288.txt matrices/Nr25_Nc25/syntrophy/optimized_gamma0=0.5/seed_0 0.2288 0.4 0.496000000000001 0.569512195121951 random_structure_v2 0 100000 0.13457 0.93142 0.06858 0 -1.98433840973428e-05
matrices/Nr25_Nc25/consumption/RandTrix_Nr25_Nc25_Nest0.4_Conn0.2288.txt matrices/Nr25_Nc25/syntrophy/optimized_gamma0=0.5/seed_0 0.2288 0.4 1 1 fully_connected_v2 0 100000 0.08932 0.93735 0.06265 0 -1.92934756059335e-05
matrices/Nr25_Nc25/consumption/RandTrix_Nr25_Nc25_Nest0.4_Conn0.272.txt matrices/Nr25_Nc25/syntrophy/optimized_gamma0=0.5/seed_0 0.272 0.397260273972603 0.4848 0.547071450475315 optimized_matrix_v2 0 100000 0.17942 0.99766 0.00234 0 -0.000174199929789454
matrices/Nr25_Nc25/consumption/RandTrix_Nr25_Nc25_Nest0.4_Conn0.272.txt matrices/Nr25_Nc25/syntrophy/optimized_gamma0=0.5/seed_0 0.272 0.397260273972603 0.4848 0.547071450475315 random_structure_v2 0 100000 0.15934 0.98947 0.01053 0 -0.000173804100579669
matrices/Nr25_Nc25/consumption/RandTrix_Nr25_Nc25_Nest0.4_Conn0.272.txt matrices/Nr25_Nc25/syntrophy/optimized_gamma0=0.5/seed_0 0.272 0.397260273972603 1 1 fully_connected_v2 0 100000 0.10121 0.99185 0.00815 0 -0.000171041299291582
matrices/Nr25_Nc25/consumption/RandTrix_Nr25_Nc25_Nest0.4_Conn0.3312.txt matrices/Nr25_Nc25/syntrophy/optimized_gamma0=0.5/seed_0 0.3312 0.396235521235521 0.5088 0.590532544378698 optimized_matrix_v2 0 100000 0.20408 0.97886 0.02114 0 -0.000111509710392512
matrices/Nr25_Nc25/consumption/RandTrix_Nr25_Nc25_Nest0.4_Conn0.3312.txt matrices/Nr25_Nc25/syntrophy/optimized_gamma0=0.5/seed_0 0.3312 0.396235521235521 0.5088 0.590532544378698 random_structure_v2 0 100000 0.21054 0.96477 0.03523 0 -0.000110634614706819
matrices/Nr25_Nc25/consumption/RandTrix_Nr25_Nc25_Nest0.4_Conn0.3312.txt matrices/Nr25_Nc25/syntrophy/optimized_gamma0=0.5/seed_0 0.3312 0.396235521235521 1 1 fully_connected_v2 0 100000 0.17427 0.96797 0.03203 0 -0.00010820971872143
matrices/Nr25_Nc25/consumption/RandTrix_Nr25_Nc25_Nest0.4_Conn0.3712.txt matrices/Nr25_Nc25/syntrophy/optimized_gamma0=0.5/seed_0 0.3712 0.40494527766518 0.464 0.532762594665788 optimized_matrix_v2 0 100000 0.23465 0.9999 0.0001 0 -0.000531145378002775
matrices/Nr25_Nc25/consumption/RandTrix_Nr25_Nc25_Nest0.4_Conn0.3712.txt matrices/Nr25_Nc25/syntrophy/optimized_gamma0=0.5/seed_0 0.3712 0.40494527766518 0.464 0.532762594665788 random_structure_v2 0 100000 0.24217 0.99619 0.00381 0 -0.000534387930776626
matrices/Nr25_Nc25/consumption/RandTrix_Nr25_Nc25_Nest0.4_Conn0.3712.txt matrices/Nr25_Nc25/syntrophy/optimized_gamma0=0.5/seed_0 0.3712 0.40494527766518 1 1 fully_connected_v2 0 100000 0.22601 0.99568 0.00432 0 -0.00052266723643282
matrices/Nr25_Nc25/consumption/RandTrix_Nr25_Nc25_Nest0.55_Conn0.0992.txt matrices/Nr25_Nc25/syntrophy/optimized_gamma0=0.5/seed_0 0.0992 0.548109965635739 0.529600000000001 0.574403946286653 optimized_matrix_v2 0 100000 0.06917 0.99999 1e-05 0 -0.00185069375148126
matrices/Nr25_Nc25/consumption/RandTrix_Nr25_Nc25_Nest0.55_Conn0.0992.txt matrices/Nr25_Nc25/syntrophy/optimized_gamma0=0.5/seed_0 0.0992 0.548109965635739 0.529600000000001 0.574403946286653 random_structure_v2 0 100000 0.07396 0.9985 0.0015 0 -0.00186168624159066
matrices/Nr25_Nc25/consumption/RandTrix_Nr25_Nc25_Nest0.55_Conn0.0992.txt matrices/Nr25_Nc25/syntrophy/optimized_gamma0=0.5/seed_0 0.0992 0.548109965635739 1 1 fully_connected_v2 0 100000 0.05094 0.99799 0.00201 0 -nan
matrices/Nr25_Nc25/consumption/RandTrix_Nr25_Nc25_Nest0.55_Conn0.1248.txt matrices/Nr25_Nc25/syntrophy/optimized_gamma0=0.5/seed_0 0.1248 0.55 0.4992 0.541715628672151 optimized_matrix_v2 0 100000 0.07888 0.99999 1e-05 0 -0.000795197450752267
matrices/Nr25_Nc25/consumption/RandTrix_Nr25_Nc25_Nest0.55_Conn0.1248.txt matrices/Nr25_Nc25/syntrophy/optimized_gamma0=0.5/seed_0 0.1248 0.55 0.4992 0.541715628672151 random_structure_v2 0 100000 0.07543 0.99528 0.00472 0 -0.000806212757258851
matrices/Nr25_Nc25/consumption/RandTrix_Nr25_Nc25_Nest0.55_Conn0.1248.txt matrices/Nr25_Nc25/syntrophy/optimized_gamma0=0.5/seed_0 0.1248 0.55 1 1 fully_connected_v2 0 100000 0.05023 0.99428 0.00572 0 -0.000786681846268896
matrices/Nr25_Nc25/consumption/RandTrix_Nr25_Nc25_Nest0.55_Conn0.184.txt matrices/Nr25_Nc25/syntrophy/optimized_gamma0=0.5/seed_0 0.184 0.55019556714472 0.5168 0.587282896673535 optimized_matrix_v2 0 100000 0.09241 0.96571 0.03429 0 -0.000197710614952018
matrices/Nr25_Nc25/consumption/RandTrix_Nr25_Nc25_Nest0.55_Conn0.184.txt matrices/Nr25_Nc25/syntrophy/optimized_gamma0=0.5/seed_0 0.184 0.55019556714472 0.5168 0.587282896673535 random_structure_v2 0 100000 0.0971 0.99108 0.00892 0 -0.000200065414052971
matrices/Nr25_Nc25/consumption/RandTrix_Nr25_Nc25_Nest0.55_Conn0.184.txt matrices/Nr25_Nc25/syntrophy/optimized_gamma0=0.5/seed_0 0.184 0.55019556714472 1 1 fully_connected_v2 0 100000 0.06448 0.99206 0.00794 0 -0.000198621377770736
matrices/Nr25_Nc25/consumption/RandTrix_Nr25_Nc25_Nest0.55_Conn0.2304.txt matrices/Nr25_Nc25/syntrophy/optimized_gamma0=0.5/seed_0 0.2304 0.55 0.470399999999999 0.532601678502259 optimized_matrix_v2 0 100000 0.08623 0.92816 0.07184 0 -8.11555869911321e-05
matrices/Nr25_Nc25/consumption/RandTrix_Nr25_Nc25_Nest0.55_Conn0.2304.txt matrices/Nr25_Nc25/syntrophy/optimized_gamma0=0.5/seed_0 0.2304 0.55 0.470399999999999 0.532601678502259 random_structure_v2 0 100000 0.08617 0.98344 0.01656 0 -8.64487444615049e-05
matrices/Nr25_Nc25/consumption/RandTrix_Nr25_Nc25_Nest0.55_Conn0.2304.txt matrices/Nr25_Nc25/syntrophy/optimized_gamma0=0.5/seed_0 0.2304 0.55 1 1 fully_connected_v2 0 100000 0.05613 0.98364 0.01636 0 -8.3391707584449e-05
matrices/Nr25_Nc25/consumption/RandTrix_Nr25_Nc25_Nest0.55_Conn0.3024.txt matrices/Nr25_Nc25/syntrophy/optimized_gamma0=0.5/seed_0 0.3024 0.550095724313976 0.512 0.575908558030481 optimized_matrix_v2 0 100000 0.12618 0.92376 0.07624 0 -5.34779411348351e-05
matrices/Nr25_Nc25/consumption/RandTrix_Nr25_Nc25_Nest0.55_Conn0.3024.txt matrices/Nr25_Nc25/syntrophy/optimized_gamma0=0.5/seed_0 0.3024 0.550095724313976 0.512 0.575908558030481 random_structure_v2 0 100000 0.11252 0.96158 0.03842 0 -5.50242677156429e-05
matrices/Nr25_Nc25/consumption/RandTrix_Nr25_Nc25_Nest0.55_Conn0.3024.txt matrices/Nr25_Nc25/syntrophy/optimized_gamma0=0.5/seed_0 0.3024 0.550095724313976 1 1 fully_connected_v2 0 100000 0.07378 0.95921 0.04079 0 -5.43271830414275e-05
matrices/Nr25_Nc25/consumption/RandTrix_Nr25_Nc25_Nest0.55_Conn0.3344.txt matrices/Nr25_Nc25/syntrophy/optimized_gamma0=0.5/seed_0 0.3344 0.547425474254743 0.4896 0.570687418936447 optimized_matrix_v2 0 100000 0.15757 0.9979 0.0021 0 -0.00018303126531571
matrices/Nr25_Nc25/consumption/RandTrix_Nr25_Nc25_Nest0.55_Conn0.3344.txt matrices/Nr25_Nc25/syntrophy/optimized_gamma0=0.5/seed_0 0.3344 0.547425474254743 0.4896 0.570687418936447 random_structure_v2 0 100000 0.14916 0.98452 0.01548 0 -0.000182271553526916
matrices/Nr25_Nc25/consumption/RandTrix_Nr25_Nc25_Nest0.55_Conn0.3344.txt matrices/Nr25_Nc25/syntrophy/optimized_gamma0=0.5/seed_0 0.3344 0.547425474254743 1 1 fully_connected_v2 0 100000 0.1095 0.98325 0.01675 0 -0.000175429102776025
matrices/Nr25_Nc25/consumption/RandTrix_Nr25_Nc25_Nest0.55_Conn0.3824.txt matrices/Nr25_Nc25/syntrophy/optimized_gamma0=0.5/seed_0 0.3824 0.547794117647059 0.4928 0.557674561673331 optimized_matrix_v2 0 100000 0.17978 0.91832 0.08168 0 -3.08395891537401e-05
matrices/Nr25_Nc25/consumption/RandTrix_Nr25_Nc25_Nest0.55_Conn0.3824.txt matrices/Nr25_Nc25/syntrophy/optimized_gamma0=0.5/seed_0 0.3824 0.547794117647059 0.4928 0.557674561673331 random_structure_v2 0 100000 0.16067 0.92791 0.07209 0 -3.04037753476602e-05
matrices/Nr25_Nc25/consumption/RandTrix_Nr25_Nc25_Nest0.55_Conn0.3824.txt matrices/Nr25_Nc25/syntrophy/optimized_gamma0=0.5/seed_0 0.3824 0.547794117647059 1 1 fully_connected_v2 0 100000 0.11653 0.93442 0.06558 0 -2.98119825075516e-05
matrices/Nr25_Nc25/consumption/RandTrix_Nr25_Nc25_Nest0.55_Conn0.4176.txt matrices/Nr25_Nc25/syntrophy/optimized_gamma0=0.5/seed_0 0.4176 0.546571541815299 0.496000000000001 0.577535101404056 optimized_matrix_v2 0 100000 0.19887 0.97483 0.02517 0 -5.72580400128883e-05
matrices/Nr25_Nc25/consumption/RandTrix_Nr25_Nc25_Nest0.55_Conn0.4176.txt matrices/Nr25_Nc25/syntrophy/optimized_gamma0=0.5/seed_0 0.4176 0.546571541815299 0.496000000000001 0.577535101404056 random_structure_v2 0 100000 0.19471 0.94087 0.05913 0 -5.98787820280465e-05
matrices/Nr25_Nc25/consumption/RandTrix_Nr25_Nc25_Nest0.55_Conn0.4176.txt matrices/Nr25_Nc25/syntrophy/optimized_gamma0=0.5/seed_0 0.4176 0.546571541815299 1 1 fully_connected_v2 0 100000 0.17151 0.93297 0.06703 0 -5.8638199601542e-05
matrices/Nr25_Nc25/consumption/RandTrix_Nr25_Nc25_Nest0.5_Conn0.0912.txt matrices/Nr25_Nc25/syntrophy/optimized_gamma0=0.5/seed_0 0.0912 0.50278293135436 0.5104 0.576631701631701 optimized_matrix_v2 0 100000 0.06843 0.99798 0.00202 0 -0.00179309567862623
matrices/Nr25_Nc25/consumption/RandTrix_Nr25_Nc25_Nest0.5_Conn0.0912.txt matrices/Nr25_Nc25/syntrophy/optimized_gamma0=0.5/seed_0 0.0912 0.50278293135436 0.5104 0.576631701631701 random_structure_v2 0 100000 0.07559 0.99827 0.00173 0 -0.00178298998455873
matrices/Nr25_Nc25/consumption/RandTrix_Nr25_Nc25_Nest0.5_Conn0.0912.txt matrices/Nr25_Nc25/syntrophy/optimized_gamma0=0.5/seed_0 0.0912 0.50278293135436 1 1 fully_connected_v2 0 100000 0.05047 0.99553 0.00447 0 -0.00174553103168678
matrices/Nr25_Nc25/consumption/RandTrix_Nr25_Nc25_Nest0.5_Conn0.1248.txt matrices/Nr25_Nc25/syntrophy/optimized_gamma0=0.5/seed_0 0.1248 0.5 0.48 0.561341853035144 optimized_matrix_v2 0 100000 0.09999 0.99565 0.00435 0 -0.00103820509063433
matrices/Nr25_Nc25/consumption/RandTrix_Nr25_Nc25_Nest0.5_Conn0.1248.txt matrices/Nr25_Nc25/syntrophy/optimized_gamma0=0.5/seed_0 0.1248 0.5 0.48 0.561341853035144 random_structure_v2 0 100000 0.08742 0.99599 0.00401 0 -0.00104142501724641
matrices/Nr25_Nc25/consumption/RandTrix_Nr25_Nc25_Nest0.5_Conn0.1248.txt matrices/Nr25_Nc25/syntrophy/optimized_gamma0=0.5/seed_0 0.1248 0.5 1 1 fully_connected_v2 0 100000 0.05641 0.99035 0.00965 0 -0.00102557269329117
matrices/Nr25_Nc25/consumption/RandTrix_Nr25_Nc25_Nest0.5_Conn0.1744.txt matrices/Nr25_Nc25/syntrophy/optimized_gamma0=0.5/seed_0 0.1744 0.5 0.4848 0.551552795031056 optimized_matrix_v2 0 100000 0.12601 1 0 0 -0.000519927437569058
matrices/Nr25_Nc25/consumption/RandTrix_Nr25_Nc25_Nest0.5_Conn0.1744.txt matrices/Nr25_Nc25/syntrophy/optimized_gamma0=0.5/seed_0 0.1744 0.5 0.4848 0.551552795031056 random_structure_v2 0 100000 0.12097 0.99338 0.00662 0 -0.000520230359160876
matrices/Nr25_Nc25/consumption/RandTrix_Nr25_Nc25_Nest0.5_Conn0.1744.txt matrices/Nr25_Nc25/syntrophy/optimized_gamma0=0.5/seed_0 0.1744 0.5 1 1 fully_connected_v2 0 100000 0.07945 0.99312 0.00688 0 -0.00050898783327717
matrices/Nr25_Nc25/consumption/RandTrix_Nr25_Nc25_Nest0.5_Conn0.2496.txt matrices/Nr25_Nc25/syntrophy/optimized_gamma0=0.5/seed_0 0.2496 0.5 0.5088 0.574397590361446 optimized_matrix_v2 0 100000 0.14311 0.99236 0.00764 0 -0.000162548682722387
matrices/Nr25_Nc25/consumption/RandTrix_Nr25_Nc25_Nest0.5_Conn0.2496.txt matrices/Nr25_Nc25/syntrophy/optimized_gamma0=0.5/seed_0 0.2496 0.5 0.5088 0.574397590361446 random_structure_v2 0 100000 0.13564 0.98957 0.01043 0 -0.000163186702028562
matrices/Nr25_Nc25/consumption/RandTrix_Nr25_Nc25_Nest0.5_Conn0.2496.txt matrices/Nr25_Nc25/syntrophy/optimized_gamma0=0.5/seed_0 0.2496 0.5 1 1 fully_connected_v2 0 100000 0.09061 0.99167 0.00833 0 -0.000160414139907407
matrices/Nr25_Nc25/consumption/RandTrix_Nr25_Nc25_Nest0.5_Conn0.2928.txt matrices/Nr25_Nc25/syntrophy/optimized_gamma0=0.5/seed_0 0.2928 0.5 0.513600000000001 0.602144133412746 optimized_matrix_v2 0 100000 0.16734 0.96733 0.03267 0 -0.000125161975355711
matrices/Nr25_Nc25/consumption/RandTrix_Nr25_Nc25_Nest0.5_Conn0.2928.txt matrices/Nr25_Nc25/syntrophy/optimized_gamma0=0.5/seed_0 0.2928 0.5 0.513600000000001 0.602144133412746 random_structure_v2 0 100000 0.16074 0.98562 0.01438 0 -0.000125825718694765
matrices/Nr25_Nc25/consumption/RandTrix_Nr25_Nc25_Nest0.5_Conn0.2928.txt matrices/Nr25_Nc25/syntrophy/optimized_gamma0=0.5/seed_0 0.2928 0.5 1 1 fully_connected_v2 0 100000 0.12303 0.98981 0.01019 0 -0.000124338196213792
matrices/Nr25_Nc25/consumption/RandTrix_Nr25_Nc25_Nest0.5_Conn0.32.txt matrices/Nr25_Nc25/syntrophy/optimized_gamma0=0.5/seed_0 0.32 0.498845265588915 0.5104 0.553746842548414 optimized_matrix_v2 0 100000 0.17077 0.95842 0.04158 0 -8.46182148202595e-05
matrices/Nr25_Nc25/consumption/RandTrix_Nr25_Nc25_Nest0.5_Conn0.32.txt matrices/Nr25_Nc25/syntrophy/optimized_gamma0=0.5/seed_0 0.32 0.498845265588915 0.5104 0.553746842548414 random_structure_v2 0 100000 0.1762 0.95883 0.04117 0 -8.72662083944141e-05
matrices/Nr25_Nc25/consumption/RandTrix_Nr25_Nc25_Nest0.5_Conn0.32.txt matrices/Nr25_Nc25/syntrophy/optimized_gamma0=0.5/seed_0 0.32 0.498845265588915 1 1 fully_connected_v2 0 100000 0.14618 0.96261 0.03739 0 -8.48228206011696e-05
matrices/Nr25_Nc25/consumption/RandTrix_Nr25_Nc25_Nest0.5_Conn0.3824.txt matrices/Nr25_Nc25/syntrophy/optimized_gamma0=0.5/seed_0 0.3824 0.496305953933073 0.4944 0.546494131808606 optimized_matrix_v2 0 100000 0.20435 0.96323 0.03677 0 -0.000119785824375294
matrices/Nr25_Nc25/consumption/RandTrix_Nr25_Nc25_Nest0.5_Conn0.3824.txt matrices/Nr25_Nc25/syntrophy/optimized_gamma0=0.5/seed_0 0.3824 0.496305953933073 0.4944 0.546494131808606 random_structure_v2 0 100000 0.19239 0.96828 0.03172 0 -0.000110768264871714
matrices/Nr25_Nc25/consumption/RandTrix_Nr25_Nc25_Nest0.5_Conn0.3824.txt matrices/Nr25_Nc25/syntrophy/optimized_gamma0=0.5/seed_0 0.3824 0.496305953933073 1 1 fully_connected_v2 0 100000 0.16771 0.97172 0.02828 0 -0.000107565780032152
matrices/Nr25_Nc25/consumption/RandTrix_Nr25_Nc25_Nest0.5_Conn0.416.txt matrices/Nr25_Nc25/syntrophy/optimized_gamma0=0.5/seed_0 0.416 0.504988488104375 0.4928 0.543622141997593 optimized_matrix_v2 0 100000 0.20364 0.95459 0.04541 0 -9.88559309257034e-05
matrices/Nr25_Nc25/consumption/RandTrix_Nr25_Nc25_Nest0.5_Conn0.416.txt matrices/Nr25_Nc25/syntrophy/optimized_gamma0=0.5/seed_0 0.416 0.504988488104375 0.4928 0.543622141997593 random_structure_v2 0 100000 0.19064 0.95611 0.04389 0 -0.000100258410336986
matrices/Nr25_Nc25/consumption/RandTrix_Nr25_Nc25_Nest0.5_Conn0.416.txt matrices/Nr25_Nc25/syntrophy/optimized_gamma0=0.5/seed_0 0.416 0.504988488104375 1 1 fully_connected_v2 0 100000 0.15481 0.96054 0.03946 0 -9.77841453163204e-05
matrices/Nr25_Nc25/consumption/RandTrix_Nr25_Nc25_Nest0.6_Conn0.12.txt matrices/Nr25_Nc25/syntrophy/optimized_gamma0=0.5/seed_0 0.12 0.6 0.4768 0.559016393442623 optimized_matrix_v2 0 100000 0.07185 0.99841 0.00159 0 -0.00152009925263004
matrices/Nr25_Nc25/consumption/RandTrix_Nr25_Nc25_Nest0.6_Conn0.12.txt matrices/Nr25_Nc25/syntrophy/optimized_gamma0=0.5/seed_0 0.12 0.6 0.4768 0.559016393442623 random_structure_v2 0 100000 0.07444 0.99819 0.00181 0 -0.00153042856301512
matrices/Nr25_Nc25/consumption/RandTrix_Nr25_Nc25_Nest0.6_Conn0.12.txt matrices/Nr25_Nc25/syntrophy/optimized_gamma0=0.5/seed_0 0.12 0.6 1 1 fully_connected_v2 0 100000 0.04729 0.99737 0.00263 0 -0.00147788812926483
matrices/Nr25_Nc25/consumption/RandTrix_Nr25_Nc25_Nest0.6_Conn0.16.txt matrices/Nr25_Nc25/syntrophy/optimized_gamma0=0.5/seed_0 0.16 0.6 0.4784 0.527069072806471 optimized_matrix_v2 0 100000 0.08726 0.99841 0.00159 0 -0.00024921621663155
matrices/Nr25_Nc25/consumption/RandTrix_Nr25_Nc25_Nest0.6_Conn0.16.txt matrices/Nr25_Nc25/syntrophy/optimized_gamma0=0.5/seed_0 0.16 0.6 0.4784 0.527069072806471 random_structure_v2 0 100000 0.08005 0.99352 0.00648 0 -0.000252097168512614
matrices/Nr25_Nc25/consumption/RandTrix_Nr25_Nc25_Nest0.6_Conn0.16.txt matrices/Nr25_Nc25/syntrophy/optimized_gamma0=0.5/seed_0 0.16 0.6 1 1 fully_connected_v2 0 100000 0.05222 0.99403 0.00597 0 -0.000244577037051213
matrices/Nr25_Nc25/consumption/RandTrix_Nr25_Nc25_Nest0.6_Conn0.2048.txt matrices/Nr25_Nc25/syntrophy/optimized_gamma0=0.5/seed_0 0.2048 0.6 0.4816 0.559485530546624 optimized_matrix_v2 0 100000 0.08142 0.98889 0.01111 0 -0.000115898372930895
matrices/Nr25_Nc25/consumption/RandTrix_Nr25_Nc25_Nest0.6_Conn0.2048.txt matrices/Nr25_Nc25/syntrophy/optimized_gamma0=0.5/seed_0 0.2048 0.6 0.4816 0.559485530546624 random_structure_v2 0 100000 0.07656 0.98313 0.01687 0 -0.000115320119216399
matrices/Nr25_Nc25/consumption/RandTrix_Nr25_Nc25_Nest0.6_Conn0.2048.txt matrices/Nr25_Nc25/syntrophy/optimized_gamma0=0.5/seed_0 0.2048 0.6 1 1 fully_connected_v2 0 100000 0.04953 0.98098 0.01902 0 -0.00011176235814652
matrices/Nr25_Nc25/consumption/RandTrix_Nr25_Nc25_Nest0.6_Conn0.3168.txt matrices/Nr25_Nc25/syntrophy/optimized_gamma0=0.5/seed_0 0.3168 0.599869024230517 0.4848 0.539701855795558 optimized_matrix_v2 0 100000 0.11351 0.99597 0.00403 0 -0.000111757843005993
matrices/Nr25_Nc25/consumption/RandTrix_Nr25_Nc25_Nest0.6_Conn0.3168.txt matrices/Nr25_Nc25/syntrophy/optimized_gamma0=0.5/seed_0 0.3168 0.599869024230517 0.4848 0.539701855795558 random_structure_v2 0 100000 0.11127 0.98166 0.01834 0 -0.00010990192186475
matrices/Nr25_Nc25/consumption/RandTrix_Nr25_Nc25_Nest0.6_Conn0.3168.txt matrices/Nr25_Nc25/syntrophy/optimized_gamma0=0.5/seed_0 0.3168 0.599869024230517 1 1 fully_connected_v2 0 100000 0.06884 0.97853 0.02147 0 -0.000107628067661123
matrices/Nr25_Nc25/consumption/RandTrix_Nr25_Nc25_Nest0.6_Conn0.3712.txt matrices/Nr25_Nc25/syntrophy/optimized_gamma0=0.5/seed_0 0.3712 0.595085995085995 0.504 0.569601427721594 optimized_matrix_v2 0 100000 0.12705 0.94098 0.05902 0 -5.40397828278422e-05
matrices/Nr25_Nc25/consumption/RandTrix_Nr25_Nc25_Nest0.6_Conn0.3712.txt matrices/Nr25_Nc25/syntrophy/optimized_gamma0=0.5/seed_0 0.3712 0.595085995085995 0.504 0.569601427721594 random_structure_v2 0 100000 0.14545 0.94415 0.05585 0 -5.53591069061832e-05
matrices/Nr25_Nc25/consumption/RandTrix_Nr25_Nc25_Nest0.6_Conn0.3712.txt matrices/Nr25_Nc25/syntrophy/optimized_gamma0=0.5/seed_0 0.3712 0.595085995085995 1 1 fully_connected_v2 0 100000 0.10854 0.94823 0.05177 0 -5.32302339858881e-05
matrices/Nr25_Nc25/consumption/RandTrix_Nr25_Nc25_Nest0.6_Conn0.44.txt matrices/Nr25_Nc25/syntrophy/optimized_gamma0=0.5/seed_0 0.44 0.6 0.5008 0.561127596439169 optimized_matrix_v2 0 100000 0.15608 0.97554 0.02446 0 -0.000247832844194608
matrices/Nr25_Nc25/consumption/RandTrix_Nr25_Nc25_Nest0.6_Conn0.44.txt matrices/Nr25_Nc25/syntrophy/optimized_gamma0=0.5/seed_0 0.44 0.6 0.5008 0.561127596439169 random_structure_v2 0 100000 0.16183 0.98275 0.01725 0 -0.000249598208491978
matrices/Nr25_Nc25/consumption/RandTrix_Nr25_Nc25_Nest0.6_Conn0.44.txt matrices/Nr25_Nc25/syntrophy/optimized_gamma0=0.5/seed_0 0.44 0.6 1 1 fully_connected_v2 0 100000 0.13583 0.98533 0.01467 0 -0.00024235464151737
