# File last opened on Wed Apr  3 21:01:27 2024
# We are writing, in that order, G-matrix location, A-matrix location, G connectance, G nestedness, A connectance, A nestedness, A-mode, alpha0 value, total number of simulations, proportion of feasible, stable, unstable, marginal and dominant eigenvalue
# File last opened on Wed Apr  3 21:01:27 2024
# We are writing, in that order, G-matrix location, A-matrix location, G connectance, G nestedness, A connectance, A nestedness, A-mode, alpha0 value, total number of simulations, proportion of feasible, stable, unstable, marginal and dominant eigenvalue
# File last opened on Wed Apr  3 21:01:27 2024
# We are writing, in that order, G-matrix location, A-matrix location, G connectance, G nestedness, A connectance, A nestedness, A-mode, alpha0 value, total number of simulations, proportion of feasible, stable, unstable, marginal and dominant eigenvalue
matrices/Nr25_Nc25/consumption/RandTrix_Nr25_Nc25_Nest0.15_Conn0.08.txt matrices/Nr25_Nc25/syntrophy/optimized_alpha=0.005_gamma=0.5/Metamatrices 0.0816 0.15 1 1 fully_connected 0.0065 100000 0.03026 0.03026 0 0 -0.000138873053865348
matrices/Nr25_Nc25/consumption/RandTrix_Nr25_Nc25_Nest0.15_Conn0.08.txt matrices/Nr25_Nc25/syntrophy/optimized_alpha=0.005_gamma=0.5/Metamatrices 0.0816 0.15 0.200596624 0.479473368067334 optimized_matrix 0.0104 100000 0.06037 0.06037 0 0 -0.000124682350197806
matrices/Nr25_Nc25/consumption/RandTrix_Nr25_Nc25_Nest0.15_Conn0.12.txt matrices/Nr25_Nc25/syntrophy/optimized_alpha=0.005_gamma=0.5/Metamatrices 0.12 0.151419558359621 1 1 fully_connected 0.0065 100000 0.05442 0.05442 0 0 -3.33489825904855e-05
matrices/Nr25_Nc25/consumption/RandTrix_Nr25_Nc25_Nest0.15_Conn0.08.txt matrices/Nr25_Nc25/syntrophy/optimized_alpha=0.005_gamma=0.5/Metamatrices 0.0816 0.15 0.08154344 0.12759537929065 random_structure 0.0026 100000 0.28683 0.28683 0 0 -4.98994209439506e-05
matrices/Nr25_Nc25/consumption/RandTrix_Nr25_Nc25_Nest0.15_Conn0.12.txt matrices/Nr25_Nc25/syntrophy/optimized_alpha=0.005_gamma=0.5/Metamatrices 0.12 0.151419558359621 0.367452176 0.502377319154476 optimized_matrix 0.0104 100000 0.11216 0.11215 1e-05 0 -2.97714521256644e-05
matrices/Nr25_Nc25/consumption/RandTrix_Nr25_Nc25_Nest0.15_Conn0.1808.txt matrices/Nr25_Nc25/syntrophy/optimized_alpha=0.005_gamma=0.5/Metamatrices 0.1808 0.158059467918623 1 1 fully_connected 0.0065 100000 0.32516 0.32515 1e-05 0 -0.000101313689883141
matrices/Nr25_Nc25/consumption/RandTrix_Nr25_Nc25_Nest0.1_Conn0.0816.txt matrices/Nr25_Nc25/syntrophy/optimized_alpha=0.005_gamma=0.5/Metamatrices 0.0816 0.1 1 1 fully_connected 0.0065 100000 0.04979 0.04979 0 0 -0.00049967527493536
matrices/Nr25_Nc25/consumption/RandTrix_Nr25_Nc25_Nest0.15_Conn0.1808.txt matrices/Nr25_Nc25/syntrophy/optimized_alpha=0.005_gamma=0.5/Metamatrices 0.1808 0.158059467918623 0.498304336 0.560898611504969 optimized_matrix 0.0104 100000 0.31897 0.31874 0.00023 0 -9.98440306856525e-05
matrices/Nr25_Nc25/consumption/RandTrix_Nr25_Nc25_Nest0.15_Conn0.12.txt matrices/Nr25_Nc25/syntrophy/optimized_alpha=0.005_gamma=0.5/Metamatrices 0.12 0.151419558359621 0.1200596 0.170176625039745 random_structure 0.0026 100000 0.41224 0.41207 0.00017 0 -1.40029611342181e-05
matrices/Nr25_Nc25/consumption/RandTrix_Nr25_Nc25_Nest0.1_Conn0.1296.txt matrices/Nr25_Nc25/syntrophy/optimized_alpha=0.005_gamma=0.5/Metamatrices 0.1296 0.10479375696767 1 1 fully_connected 0.0065 100000 0.26505 0.26314 0.00191 0 -2.01791605514921e-05
matrices/Nr25_Nc25/consumption/RandTrix_Nr25_Nc25_Nest0.1_Conn0.0816.txt matrices/Nr25_Nc25/syntrophy/optimized_alpha=0.005_gamma=0.5/Metamatrices 0.0816 0.1 0.138218576 0.291928496041915 optimized_matrix 0.0104 100000 0.15946 0.15946 0 0 -0.000385202930580798
matrices/Nr25_Nc25/consumption/RandTrix_Nr25_Nc25_Nest0.25_Conn0.0832.txt matrices/Nr25_Nc25/syntrophy/optimized_alpha=0.005_gamma=0.5/Metamatrices 0.0832 0.25 1 1 fully_connected 0.0065 100000 0.02684 0.02684 0 0 -0.00100341342508306
matrices/Nr25_Nc25/consumption/RandTrix_Nr25_Nc25_Nest0.25_Conn0.1392.txt matrices/Nr25_Nc25/syntrophy/optimized_alpha=0.005_gamma=0.5/Metamatrices 0.1392 0.25 1 1 fully_connected 0.0065 100000 0.03102 0.03102 0 0 -9.9785681893482e-05
matrices/Nr25_Nc25/consumption/RandTrix_Nr25_Nc25_Nest0.25_Conn0.184.txt matrices/Nr25_Nc25/syntrophy/optimized_alpha=0.005_gamma=0.5/Metamatrices 0.184 0.245901639344262 1 1 fully_connected 0.0065 100000 0.04383 0.04347 0.00036 0 -8.43670435697845e-06
matrices/Nr25_Nc25/consumption/RandTrix_Nr25_Nc25_Nest0.15_Conn0.1808.txt matrices/Nr25_Nc25/syntrophy/optimized_alpha=0.005_gamma=0.5/Metamatrices 0.1808 0.158059467918623 0.180786336 0.235835684910872 random_structure 0.0026 100000 0.45513 0.4548 0.00033 0 -7.08006451221418e-05
matrices/Nr25_Nc25/consumption/RandTrix_Nr25_Nc25_Nest0.25_Conn0.2336.txt matrices/Nr25_Nc25/syntrophy/optimized_alpha=0.005_gamma=0.5/Metamatrices 0.2336 0.252631578947368 1 1 fully_connected 0.0065 100000 0.16985 0.16985 0 0 -0.000104699286539392
matrices/Nr25_Nc25/consumption/RandTrix_Nr25_Nc25_Nest0.2_Conn0.0896.txt matrices/Nr25_Nc25/syntrophy/optimized_alpha=0.005_gamma=0.5/Metamatrices 0.0896 0.2 1 1 fully_connected 0.0065 100000 0.02435 0.02435 0 0 -9.80573207461731e-05
matrices/Nr25_Nc25/consumption/RandTrix_Nr25_Nc25_Nest0.2_Conn0.1328.txt matrices/Nr25_Nc25/syntrophy/optimized_alpha=0.005_gamma=0.5/Metamatrices 0.1328 0.2 1 1 fully_connected 0.0065 100000 0.04541 0.0454 1e-05 0 -1.08030775258793e-05
matrices/Nr25_Nc25/consumption/RandTrix_Nr25_Nc25_Nest0.1_Conn0.1296.txt matrices/Nr25_Nc25/syntrophy/optimized_alpha=0.005_gamma=0.5/Metamatrices 0.1296 0.10479375696767 0.28123296 0.329929482337338 optimized_matrix 0.0104 100000 0.40909 0.37751 0.03158 0 -1.77244764187088e-05
matrices/Nr25_Nc25/consumption/RandTrix_Nr25_Nc25_Nest0.2_Conn0.168.txt matrices/Nr25_Nc25/syntrophy/optimized_alpha=0.005_gamma=0.5/Metamatrices 0.168 0.202270381836945 1 1 fully_connected 0.0065 100000 0.04345 0.04345 0 0 -3.25731491787332e-05
matrices/Nr25_Nc25/consumption/RandTrix_Nr25_Nc25_Nest0.35_Conn0.08.txt matrices/Nr25_Nc25/syntrophy/optimized_alpha=0.005_gamma=0.5/Metamatrices 0.08 0.35 1 1 fully_connected 0.0065 100000 0.0148 0.0148 0 0 -0.000358051714503982
matrices/Nr25_Nc25/consumption/RandTrix_Nr25_Nc25_Nest0.25_Conn0.0832.txt matrices/Nr25_Nc25/syntrophy/optimized_alpha=0.005_gamma=0.5/Metamatrices 0.0832 0.25 0.322301312 0.578597739891471 optimized_matrix 0.0104 100000 0.04652 0.04652 0 0 -0.00091939633501158
matrices/Nr25_Nc25/consumption/RandTrix_Nr25_Nc25_Nest0.35_Conn0.1328.txt matrices/Nr25_Nc25/syntrophy/optimized_alpha=0.005_gamma=0.5/Metamatrices 0.1328 0.35 1 1 fully_connected 0.0065 100000 0.01578 0.01578 0 0 -3.21750652946809e-05
matrices/Nr25_Nc25/consumption/RandTrix_Nr25_Nc25_Nest0.35_Conn0.1712.txt matrices/Nr25_Nc25/syntrophy/optimized_alpha=0.005_gamma=0.5/Metamatrices 0.1712 0.35 1 1 fully_connected 0.0065 100000 0.01984 0.01984 0 0 -4.95821274063171e-06
matrices/Nr25_Nc25/consumption/RandTrix_Nr25_Nc25_Nest0.25_Conn0.1392.txt matrices/Nr25_Nc25/syntrophy/optimized_alpha=0.005_gamma=0.5/Metamatrices 0.1392 0.25 0.495091616 0.558237780261642 optimized_matrix 0.0104 100000 0.04049 0.04049 0 0 -9.69595565750096e-05
matrices/Nr25_Nc25/consumption/RandTrix_Nr25_Nc25_Nest0.1_Conn0.0816.txt matrices/Nr25_Nc25/syntrophy/optimized_alpha=0.005_gamma=0.5/Metamatrices 0.0816 0.1 0.0816504 0.127706230677181 random_structure 0.0026 100000 0.41953 0.41953 0 0 -0.000201850218549825
matrices/Nr25_Nc25/consumption/RandTrix_Nr25_Nc25_Nest0.35_Conn0.2208.txt matrices/Nr25_Nc25/syntrophy/optimized_alpha=0.005_gamma=0.5/Metamatrices 0.2208 0.347043701799486 1 1 fully_connected 0.0065 100000 0.08521 0.08333 0.00188 0 -3.44256054900625e-06
matrices/Nr25_Nc25/consumption/RandTrix_Nr25_Nc25_Nest0.25_Conn0.184.txt matrices/Nr25_Nc25/syntrophy/optimized_alpha=0.005_gamma=0.5/Metamatrices 0.184 0.245901639344262 0.497657056 0.560293097275365 optimized_matrix 0.0104 100000 0.06855 0.0622 0.00635 0 -8.05984546058014e-06
matrices/Nr25_Nc25/consumption/RandTrix_Nr25_Nc25_Nest0.35_Conn0.272.txt matrices/Nr25_Nc25/syntrophy/optimized_alpha=0.005_gamma=0.5/Metamatrices 0.272 0.346769413159455 1 1 fully_connected 0.0065 100000 0.14831 0.14831 0 0 -5.99778748447271e-05
matrices/Nr25_Nc25/consumption/RandTrix_Nr25_Nc25_Nest0.25_Conn0.2336.txt matrices/Nr25_Nc25/syntrophy/optimized_alpha=0.005_gamma=0.5/Metamatrices 0.2336 0.252631578947368 0.504302112 0.566586879574538 optimized_matrix 0.0104 100000 0.19075 0.19074 1e-05 0 -9.86612311656485e-05
matrices/Nr25_Nc25/consumption/RandTrix_Nr25_Nc25_Nest0.35_Conn0.3216.txt matrices/Nr25_Nc25/syntrophy/optimized_alpha=0.005_gamma=0.5/Metamatrices 0.3216 0.354089219330855 1 1 fully_connected 0.0065 100000 0.16744 0.1668 0.00064 0 -1.63908156423469e-05
matrices/Nr25_Nc25/consumption/RandTrix_Nr25_Nc25_Nest0.3_Conn0.0816.txt matrices/Nr25_Nc25/syntrophy/optimized_alpha=0.005_gamma=0.5/Metamatrices 0.0816 0.297435897435897 1 1 fully_connected 0.0065 100000 0.02023 0.02023 0 0 -0.00054342309456973
matrices/Nr25_Nc25/consumption/RandTrix_Nr25_Nc25_Nest0.2_Conn0.0896.txt matrices/Nr25_Nc25/syntrophy/optimized_alpha=0.005_gamma=0.5/Metamatrices 0.0896 0.2 0.203452512 0.450963617779204 optimized_matrix 0.0104 100000 0.11715 0.11715 0 0 -6.34830544909296e-05
matrices/Nr25_Nc25/consumption/RandTrix_Nr25_Nc25_Nest0.3_Conn0.128.txt matrices/Nr25_Nc25/syntrophy/optimized_alpha=0.005_gamma=0.5/Metamatrices 0.128 0.3 1 1 fully_connected 0.0065 100000 0.01998 0.01998 0 0 -4.99523617146637e-05
matrices/Nr25_Nc25/consumption/RandTrix_Nr25_Nc25_Nest0.3_Conn0.1776.txt matrices/Nr25_Nc25/syntrophy/optimized_alpha=0.005_gamma=0.5/Metamatrices 0.1776 0.3 1 1 fully_connected 0.0065 100000 0.03914 0.03914 0 0 -9.8107772334374e-05
matrices/Nr25_Nc25/consumption/RandTrix_Nr25_Nc25_Nest0.1_Conn0.1296.txt matrices/Nr25_Nc25/syntrophy/optimized_alpha=0.005_gamma=0.5/Metamatrices 0.1296 0.10479375696767 0.129591072 0.180493497009967 random_structure 0.0026 100000 0.5373 0.5155 0.0218 0 -1.2504977676758e-05
matrices/Nr25_Nc25/consumption/RandTrix_Nr25_Nc25_Nest0.2_Conn0.1328.txt matrices/Nr25_Nc25/syntrophy/optimized_alpha=0.005_gamma=0.5/Metamatrices 0.1328 0.2 0.469595888 0.552937595455866 optimized_matrix 0.0104 100000 0.05931 0.05904 0.00027 0 -9.79870352254268e-06
matrices/Nr25_Nc25/consumption/RandTrix_Nr25_Nc25_Nest0.2_Conn0.168.txt matrices/Nr25_Nc25/syntrophy/optimized_alpha=0.005_gamma=0.5/Metamatrices 0.168 0.202270381836945 0.501259312 0.56371747763855 optimized_matrix 0.0104 100000 0.05626 0.05625 1e-05 0 -3.0472443551821e-05
matrices/Nr25_Nc25/consumption/RandTrix_Nr25_Nc25_Nest0.3_Conn0.2272.txt matrices/Nr25_Nc25/syntrophy/optimized_alpha=0.005_gamma=0.5/Metamatrices 0.2272 0.297439759036145 1 1 fully_connected 0.0065 100000 0.10536 0.10536 0 0 -6.95056286441462e-05
matrices/Nr25_Nc25/consumption/RandTrix_Nr25_Nc25_Nest0.35_Conn0.08.txt matrices/Nr25_Nc25/syntrophy/optimized_alpha=0.005_gamma=0.5/Metamatrices 0.08 0.35 0.288467216 0.582240537065094 optimized_matrix 0.0104 100000 0.01141 0.01141 0 0 -0.000397451120582738
matrices/Nr25_Nc25/consumption/RandTrix_Nr25_Nc25_Nest0.35_Conn0.1328.txt matrices/Nr25_Nc25/syntrophy/optimized_alpha=0.005_gamma=0.5/Metamatrices 0.1328 0.35 0.501616608 0.56437859817906 optimized_matrix 0.0104 100000 0.02067 0.02067 0 0 -3.05009296673137e-05
matrices/Nr25_Nc25/consumption/RandTrix_Nr25_Nc25_Nest0.25_Conn0.0832.txt matrices/Nr25_Nc25/syntrophy/optimized_alpha=0.005_gamma=0.5/Metamatrices 0.0832 0.25 0.083113376 0.129358581384574 random_structure 0.0026 100000 0.27685 0.27685 0 0 -0.000337074218518987
matrices/Nr25_Nc25/consumption/RandTrix_Nr25_Nc25_Nest0.3_Conn0.2816.txt matrices/Nr25_Nc25/syntrophy/optimized_alpha=0.005_gamma=0.5/Metamatrices 0.2816 0.302762430939227 1 1 fully_connected 0.0065 100000 0.15937 0.15903 0.00034 0 -2.31033976053452e-05
matrices/Nr25_Nc25/consumption/RandTrix_Nr25_Nc25_Nest0.35_Conn0.1712.txt matrices/Nr25_Nc25/syntrophy/optimized_alpha=0.005_gamma=0.5/Metamatrices 0.1712 0.35 0.500647344 0.563419028700934 optimized_matrix 0.0104 100000 0.02806 0.02806 0 0 -4.44483259361311e-06
matrices/Nr25_Nc25/consumption/RandTrix_Nr25_Nc25_Nest0.45_Conn0.0816.txt matrices/Nr25_Nc25/syntrophy/optimized_alpha=0.005_gamma=0.5/Metamatrices 0.0816 0.452 1 1 fully_connected 0.0065 100000 0.01312 0.01312 0 0 -0.000281629736531301
matrices/Nr25_Nc25/consumption/RandTrix_Nr25_Nc25_Nest0.45_Conn0.1232.txt matrices/Nr25_Nc25/syntrophy/optimized_alpha=0.005_gamma=0.5/Metamatrices 0.1232 0.45 1 1 fully_connected 0.0065 100000 0.01445 0.01445 0 0 -8.64924921081779e-05
matrices/Nr25_Nc25/consumption/RandTrix_Nr25_Nc25_Nest0.45_Conn0.1856.txt matrices/Nr25_Nc25/syntrophy/optimized_alpha=0.005_gamma=0.5/Metamatrices 0.1856 0.449874686716792 1 1 fully_connected 0.0065 100000 0.02324 0.02324 0 0 -5.96669551020926e-05
matrices/Nr25_Nc25/consumption/RandTrix_Nr25_Nc25_Nest0.35_Conn0.2208.txt matrices/Nr25_Nc25/syntrophy/optimized_alpha=0.005_gamma=0.5/Metamatrices 0.2208 0.347043701799486 0.503702352 0.566092980942237 optimized_matrix 0.0104 100000 0.09087 0.07987 0.011 0 -3.73512879051188e-06
matrices/Nr25_Nc25/consumption/RandTrix_Nr25_Nc25_Nest0.45_Conn0.216.txt matrices/Nr25_Nc25/syntrophy/optimized_alpha=0.005_gamma=0.5/Metamatrices 0.216 0.45 1 1 fully_connected 0.0065 100000 0.01866 0.01866 0 0 -1.56630392795187e-05
matrices/Nr25_Nc25/consumption/RandTrix_Nr25_Nc25_Nest0.45_Conn0.2672.txt matrices/Nr25_Nc25/syntrophy/optimized_alpha=0.005_gamma=0.5/Metamatrices 0.2672 0.446518305814788 1 1 fully_connected 0.0065 100000 0.02941 0.02911 0.0003 0 -1.10244439436917e-05
matrices/Nr25_Nc25/consumption/RandTrix_Nr25_Nc25_Nest0.25_Conn0.1392.txt matrices/Nr25_Nc25/syntrophy/optimized_alpha=0.005_gamma=0.5/Metamatrices 0.1392 0.25 0.13922688 0.19102487756611 random_structure 0.0026 100000 0.26552 0.26552 0 0 -3.8632090003772e-05
matrices/Nr25_Nc25/consumption/RandTrix_Nr25_Nc25_Nest0.45_Conn0.3168.txt matrices/Nr25_Nc25/syntrophy/optimized_alpha=0.005_gamma=0.5/Metamatrices 0.3168 0.445459430413756 1 1 fully_connected 0.0065 100000 0.09509 0.09467 0.00042 0 -1.17308517946871e-05
matrices/Nr25_Nc25/consumption/RandTrix_Nr25_Nc25_Nest0.35_Conn0.272.txt matrices/Nr25_Nc25/syntrophy/optimized_alpha=0.005_gamma=0.5/Metamatrices 0.272 0.346769413159455 0.498463872 0.560870723792059 optimized_matrix 0.0104 100000 0.15844 0.15824 0.0002 0 -5.53348773955878e-05
matrices/Nr25_Nc25/consumption/RandTrix_Nr25_Nc25_Nest0.45_Conn0.384.txt matrices/Nr25_Nc25/syntrophy/optimized_alpha=0.005_gamma=0.5/Metamatrices 0.384 0.452352708580467 1 1 fully_connected 0.0065 100000 0.14158 0.14154 4e-05 0 -3.41433120087928e-05
matrices/Nr25_Nc25/consumption/RandTrix_Nr25_Nc25_Nest0.25_Conn0.184.txt matrices/Nr25_Nc25/syntrophy/optimized_alpha=0.005_gamma=0.5/Metamatrices 0.184 0.245901639344262 0.183953904 0.239255313202819 random_structure 0.0026 100000 0.289 0.26937 0.01963 0 -3.40268350757767e-06
matrices/Nr25_Nc25/consumption/RandTrix_Nr25_Nc25_Nest0.35_Conn0.3216.txt matrices/Nr25_Nc25/syntrophy/optimized_alpha=0.005_gamma=0.5/Metamatrices 0.3216 0.354089219330855 0.498219312 0.560944453661425 optimized_matrix 0.0104 100000 0.17434 0.16179 0.01255 0 -1.60293141377079e-05
matrices/Nr25_Nc25/consumption/RandTrix_Nr25_Nc25_Nest0.45_Conn0.424.txt matrices/Nr25_Nc25/syntrophy/optimized_alpha=0.005_gamma=0.5/Metamatrices 0.424 0.454737583656217 1 1 fully_connected 0.0065 100000 0.15183 0.15177 6e-05 0 -3.75788528228732e-05
matrices/Nr25_Nc25/consumption/RandTrix_Nr25_Nc25_Nest0.3_Conn0.0816.txt matrices/Nr25_Nc25/syntrophy/optimized_alpha=0.005_gamma=0.5/Metamatrices 0.0816 0.297435897435897 0.256733552 0.581259499621654 optimized_matrix 0.0104 100000 0.03807 0.03807 0 0 -0.000477319312513613
matrices/Nr25_Nc25/consumption/RandTrix_Nr25_Nc25_Nest0.4_Conn0.0784.txt matrices/Nr25_Nc25/syntrophy/optimized_alpha=0.005_gamma=0.5/Metamatrices 0.0784 0.4 1 1 fully_connected 0.0065 100000 0.0145 0.0145 0 0 -0.000333501722089975
matrices/Nr25_Nc25/consumption/RandTrix_Nr25_Nc25_Nest0.4_Conn0.1232.txt matrices/Nr25_Nc25/syntrophy/optimized_alpha=0.005_gamma=0.5/Metamatrices 0.1232 0.399558498896247 1 1 fully_connected 0.0065 100000 0.02331 0.02331 0 0 -0.000348861880429768
matrices/Nr25_Nc25/consumption/RandTrix_Nr25_Nc25_Nest0.3_Conn0.128.txt matrices/Nr25_Nc25/syntrophy/optimized_alpha=0.005_gamma=0.5/Metamatrices 0.128 0.3 0.491515728 0.55940010194379 optimized_matrix 0.0104 100000 0.0268 0.0268 0 0 -4.64419382839892e-05
matrices/Nr25_Nc25/consumption/RandTrix_Nr25_Nc25_Nest0.4_Conn0.2032.txt matrices/Nr25_Nc25/syntrophy/optimized_alpha=0.005_gamma=0.5/Metamatrices 0.2032 0.4 1 1 fully_connected 0.0065 100000 0.06186 0.06186 0 0 -2.38914063899759e-05
matrices/Nr25_Nc25/consumption/RandTrix_Nr25_Nc25_Nest0.25_Conn0.2336.txt matrices/Nr25_Nc25/syntrophy/optimized_alpha=0.005_gamma=0.5/Metamatrices 0.2336 0.252631578947368 0.233576848 0.291840549287964 random_structure 0.0026 100000 0.32463 0.32452 0.00011 0 -6.1466824643315e-05
matrices/Nr25_Nc25/consumption/RandTrix_Nr25_Nc25_Nest0.4_Conn0.2288.txt matrices/Nr25_Nc25/syntrophy/optimized_alpha=0.005_gamma=0.5/Metamatrices 0.2288 0.4 1 1 fully_connected 0.0065 100000 0.02458 0.02434 0.00024 0 -3.8348273242053e-06
matrices/Nr25_Nc25/consumption/RandTrix_Nr25_Nc25_Nest0.3_Conn0.1776.txt matrices/Nr25_Nc25/syntrophy/optimized_alpha=0.005_gamma=0.5/Metamatrices 0.1776 0.3 0.496905008 0.559188524086186 optimized_matrix 0.0104 100000 0.05494 0.05494 0 0 -9.0591505498565e-05
matrices/Nr25_Nc25/consumption/RandTrix_Nr25_Nc25_Nest0.4_Conn0.272.txt matrices/Nr25_Nc25/syntrophy/optimized_alpha=0.005_gamma=0.5/Metamatrices 0.272 0.397260273972603 1 1 fully_connected 0.0065 100000 0.02983 0.02981 2e-05 0 -3.57210594212097e-05
matrices/Nr25_Nc25/consumption/RandTrix_Nr25_Nc25_Nest0.4_Conn0.3312.txt matrices/Nr25_Nc25/syntrophy/optimized_alpha=0.005_gamma=0.5/Metamatrices 0.3312 0.396235521235521 1 1 fully_connected 0.0065 100000 0.10701 0.10654 0.00047 0 -1.31527284919027e-05
matrices/Nr25_Nc25/consumption/RandTrix_Nr25_Nc25_Nest0.3_Conn0.2272.txt matrices/Nr25_Nc25/syntrophy/optimized_alpha=0.005_gamma=0.5/Metamatrices 0.2272 0.297439759036145 0.5007808 0.562879496929306 optimized_matrix 0.0104 100000 0.12097 0.12094 3e-05 0 -6.57376685800943e-05
matrices/Nr25_Nc25/consumption/RandTrix_Nr25_Nc25_Nest0.2_Conn0.0896.txt matrices/Nr25_Nc25/syntrophy/optimized_alpha=0.005_gamma=0.5/Metamatrices 0.0896 0.2 0.089666384 0.136644480958498 random_structure 0.0026 100000 0.24043 0.24043 0 0 -3.44044597479635e-05
matrices/Nr25_Nc25/consumption/RandTrix_Nr25_Nc25_Nest0.4_Conn0.3712.txt matrices/Nr25_Nc25/syntrophy/optimized_alpha=0.005_gamma=0.5/Metamatrices 0.3712 0.40494527766518 1 1 fully_connected 0.0065 100000 0.16992 0.16991 1e-05 0 -5.05647007604096e-05
matrices/Nr25_Nc25/consumption/RandTrix_Nr25_Nc25_Nest0.3_Conn0.2816.txt matrices/Nr25_Nc25/syntrophy/optimized_alpha=0.005_gamma=0.5/Metamatrices 0.2816 0.302762430939227 0.49851608 0.561183825493516 optimized_matrix 0.0104 100000 0.18587 0.1781 0.00777 0 -2.20148731087345e-05
matrices/Nr25_Nc25/consumption/RandTrix_Nr25_Nc25_Nest0.55_Conn0.0992.txt matrices/Nr25_Nc25/syntrophy/optimized_alpha=0.005_gamma=0.5/Metamatrices 0.0992 0.548109965635739 1 1 fully_connected 0.0065 100000 0.01246 0.01246 0 0 -0.000242736093280959
matrices/Nr25_Nc25/consumption/RandTrix_Nr25_Nc25_Nest0.55_Conn0.1248.txt matrices/Nr25_Nc25/syntrophy/optimized_alpha=0.005_gamma=0.5/Metamatrices 0.1248 0.55 1 1 fully_connected 0.0065 100000 0.01213 0.01213 0 0 -0.000110129990902486
matrices/Nr25_Nc25/consumption/RandTrix_Nr25_Nc25_Nest0.45_Conn0.0816.txt matrices/Nr25_Nc25/syntrophy/optimized_alpha=0.005_gamma=0.5/Metamatrices 0.0816 0.452 0.360060096 0.604172194080551 optimized_matrix 0.0104 100000 0.00548 0.00548 0 0 -0.000329756082944175
matrices/Nr25_Nc25/consumption/RandTrix_Nr25_Nc25_Nest0.55_Conn0.184.txt matrices/Nr25_Nc25/syntrophy/optimized_alpha=0.005_gamma=0.5/Metamatrices 0.184 0.55019556714472 1 1 fully_connected 0.0065 100000 0.01683 0.01683 0 0 -3.52441781746585e-05
matrices/Nr25_Nc25/consumption/RandTrix_Nr25_Nc25_Nest0.55_Conn0.2304.txt matrices/Nr25_Nc25/syntrophy/optimized_alpha=0.005_gamma=0.5/Metamatrices 0.2304 0.55 1 1 fully_connected 0.0065 100000 0.01564 0.01564 0 0 -1.25892768653412e-05
matrices/Nr25_Nc25/consumption/RandTrix_Nr25_Nc25_Nest0.45_Conn0.1232.txt matrices/Nr25_Nc25/syntrophy/optimized_alpha=0.005_gamma=0.5/Metamatrices 0.1232 0.45 0.502075808 0.574615309387194 optimized_matrix 0.0104 100000 0.022 0.022 0 0 -7.93863631741305e-05
matrices/Nr25_Nc25/consumption/RandTrix_Nr25_Nc25_Nest0.2_Conn0.1328.txt matrices/Nr25_Nc25/syntrophy/optimized_alpha=0.005_gamma=0.5/Metamatrices 0.1328 0.2 0.132755312 0.183949064170993 random_structure 0.0026 100000 0.34304 0.34066 0.00238 0 -4.27098884285279e-06
matrices/Nr25_Nc25/consumption/RandTrix_Nr25_Nc25_Nest0.55_Conn0.3024.txt matrices/Nr25_Nc25/syntrophy/optimized_alpha=0.005_gamma=0.5/Metamatrices 0.3024 0.550095724313976 1 1 fully_connected 0.0065 100000 0.02105 0.02089 0.00016 0 -8.30452212278146e-06
matrices/Nr25_Nc25/consumption/RandTrix_Nr25_Nc25_Nest0.45_Conn0.1856.txt matrices/Nr25_Nc25/syntrophy/optimized_alpha=0.005_gamma=0.5/Metamatrices 0.1856 0.449874686716792 0.498675296 0.561411217025832 optimized_matrix 0.0104 100000 0.02961 0.02961 0 0 -5.64598803000866e-05
matrices/Nr25_Nc25/consumption/RandTrix_Nr25_Nc25_Nest0.55_Conn0.3344.txt matrices/Nr25_Nc25/syntrophy/optimized_alpha=0.005_gamma=0.5/Metamatrices 0.3344 0.547425474254743 1 1 fully_connected 0.0065 100000 0.06002 0.05982 0.0002 0 -2.0224831191945e-05
matrices/Nr25_Nc25/consumption/RandTrix_Nr25_Nc25_Nest0.45_Conn0.216.txt matrices/Nr25_Nc25/syntrophy/optimized_alpha=0.005_gamma=0.5/Metamatrices 0.216 0.45 0.4995548 0.561973923231633 optimized_matrix 0.0104 100000 0.02542 0.02542 0 0 -1.40015664008632e-05
matrices/Nr25_Nc25/consumption/RandTrix_Nr25_Nc25_Nest0.55_Conn0.3824.txt matrices/Nr25_Nc25/syntrophy/optimized_alpha=0.005_gamma=0.5/Metamatrices 0.3824 0.547794117647059 1 1 fully_connected 0.0065 100000 0.06162 0.05973 0.00189 0 -3.39635987401549e-06
matrices/Nr25_Nc25/consumption/RandTrix_Nr25_Nc25_Nest0.45_Conn0.2672.txt matrices/Nr25_Nc25/syntrophy/optimized_alpha=0.005_gamma=0.5/Metamatrices 0.2672 0.446518305814788 0.493152096 0.555945919306402 optimized_matrix 0.0104 100000 0.04198 0.03988 0.0021 0 -1.00805801960299e-05
matrices/Nr25_Nc25/consumption/RandTrix_Nr25_Nc25_Nest0.2_Conn0.168.txt matrices/Nr25_Nc25/syntrophy/optimized_alpha=0.005_gamma=0.5/Metamatrices 0.168 0.202270381836945 0.167912752 0.22211544267562 random_structure 0.0026 100000 0.31542 0.31531 0.00011 0 -1.28533185513761e-05
matrices/Nr25_Nc25/consumption/RandTrix_Nr25_Nc25_Nest0.55_Conn0.4176.txt matrices/Nr25_Nc25/syntrophy/optimized_alpha=0.005_gamma=0.5/Metamatrices 0.4176 0.546571541815299 1 1 fully_connected 0.0065 100000 0.11842 0.10455 0.01387 0 -5.07588250974599e-06
matrices/Nr25_Nc25/consumption/RandTrix_Nr25_Nc25_Nest0.5_Conn0.0912.txt matrices/Nr25_Nc25/syntrophy/optimized_alpha=0.005_gamma=0.5/Metamatrices 0.0912 0.50278293135436 1 1 fully_connected 0.0065 100000 0.01322 0.01322 0 0 -0.000244739544097649
matrices/Nr25_Nc25/consumption/RandTrix_Nr25_Nc25_Nest0.5_Conn0.1248.txt matrices/Nr25_Nc25/syntrophy/optimized_alpha=0.005_gamma=0.5/Metamatrices 0.1248 0.5 1 1 fully_connected 0.0065 100000 0.01504 0.01504 0 0 -0.00016232085766563
matrices/Nr25_Nc25/consumption/RandTrix_Nr25_Nc25_Nest0.45_Conn0.3168.txt matrices/Nr25_Nc25/syntrophy/optimized_alpha=0.005_gamma=0.5/Metamatrices 0.3168 0.445459430413756 0.500818544 0.563550849076594 optimized_matrix 0.0104 100000 0.11015 0.1053 0.00485 0 -1.17085837597442e-05
matrices/Nr25_Nc25/consumption/RandTrix_Nr25_Nc25_Nest0.5_Conn0.1744.txt matrices/Nr25_Nc25/syntrophy/optimized_alpha=0.005_gamma=0.5/Metamatrices 0.1744 0.5 1 1 fully_connected 0.0065 100000 0.02014 0.02014 0 0 -0.000107942419115472
matrices/Nr25_Nc25/consumption/RandTrix_Nr25_Nc25_Nest0.35_Conn0.08.txt matrices/Nr25_Nc25/syntrophy/optimized_alpha=0.005_gamma=0.5/Metamatrices 0.08 0.35 0.079996976 0.125904242912168 random_structure 0.0026 100000 0.16849 0.16849 0 0 -0.00011694626704473
matrices/Nr25_Nc25/consumption/RandTrix_Nr25_Nc25_Nest0.5_Conn0.2496.txt matrices/Nr25_Nc25/syntrophy/optimized_alpha=0.005_gamma=0.5/Metamatrices 0.2496 0.5 1 1 fully_connected 0.0065 100000 0.0247 0.0247 0 0 -3.42926548682947e-05
matrices/Nr25_Nc25/consumption/RandTrix_Nr25_Nc25_Nest0.45_Conn0.384.txt matrices/Nr25_Nc25/syntrophy/optimized_alpha=0.005_gamma=0.5/Metamatrices 0.384 0.452352708580467 0.502455872 0.565166774902208 optimized_matrix 0.0104 100000 0.14659 0.14364 0.00295 0 -3.30048540558351e-05
matrices/Nr25_Nc25/consumption/RandTrix_Nr25_Nc25_Nest0.5_Conn0.2928.txt matrices/Nr25_Nc25/syntrophy/optimized_alpha=0.005_gamma=0.5/Metamatrices 0.2928 0.5 1 1 fully_connected 0.0065 100000 0.06877 0.06872 5e-05 0 -1.71633251406629e-05
matrices/Nr25_Nc25/consumption/RandTrix_Nr25_Nc25_Nest0.35_Conn0.1328.txt matrices/Nr25_Nc25/syntrophy/optimized_alpha=0.005_gamma=0.5/Metamatrices 0.1328 0.35 0.132751504 0.184081525089024 random_structure 0.0026 100000 0.15547 0.15547 0 0 -1.10871571669724e-05
matrices/Nr25_Nc25/consumption/RandTrix_Nr25_Nc25_Nest0.5_Conn0.32.txt matrices/Nr25_Nc25/syntrophy/optimized_alpha=0.005_gamma=0.5/Metamatrices 0.32 0.498845265588915 1 1 fully_connected 0.0065 100000 0.08976 0.08932 0.00044 0 -8.90585325804792e-06
matrices/Nr25_Nc25/consumption/RandTrix_Nr25_Nc25_Nest0.45_Conn0.424.txt matrices/Nr25_Nc25/syntrophy/optimized_alpha=0.005_gamma=0.5/Metamatrices 0.424 0.454737583656217 0.500930096 0.563617660803111 optimized_matrix 0.0104 100000 0.16389 0.1613 0.00259 0 -3.62546858392022e-05
matrices/Nr25_Nc25/consumption/RandTrix_Nr25_Nc25_Nest0.35_Conn0.1712.txt matrices/Nr25_Nc25/syntrophy/optimized_alpha=0.005_gamma=0.5/Metamatrices 0.1712 0.35 0.171143824 0.225487657296449 random_structure 0.0026 100000 0.16603 0.16506 0.00097 0 -1.54438290183315e-06
matrices/Nr25_Nc25/consumption/RandTrix_Nr25_Nc25_Nest0.5_Conn0.3824.txt matrices/Nr25_Nc25/syntrophy/optimized_alpha=0.005_gamma=0.5/Metamatrices 0.3824 0.496305953933073 1 1 fully_connected 0.0065 100000 0.10634 0.10601 0.00033 0 -9.91886308696387e-06
matrices/Nr25_Nc25/consumption/RandTrix_Nr25_Nc25_Nest0.4_Conn0.0784.txt matrices/Nr25_Nc25/syntrophy/optimized_alpha=0.005_gamma=0.5/Metamatrices 0.0784 0.4 0.293158336 0.635183956228774 optimized_matrix 0.0104 100000 0.01256 0.01256 0 0 -0.000359672083847553
matrices/Nr25_Nc25/consumption/RandTrix_Nr25_Nc25_Nest0.5_Conn0.416.txt matrices/Nr25_Nc25/syntrophy/optimized_alpha=0.005_gamma=0.5/Metamatrices 0.416 0.504988488104375 1 1 fully_connected 0.0065 100000 0.09413 0.09338 0.00075 0 -9.98454050634423e-06
matrices/Nr25_Nc25/consumption/RandTrix_Nr25_Nc25_Nest0.4_Conn0.1232.txt matrices/Nr25_Nc25/syntrophy/optimized_alpha=0.005_gamma=0.5/Metamatrices 0.1232 0.399558498896247 0.501398928 0.564091008002285 optimized_matrix 0.0104 100000 0.02748 0.02748 0 0 -0.000330662957849451
matrices/Nr25_Nc25/consumption/RandTrix_Nr25_Nc25_Nest0.6_Conn0.12.txt matrices/Nr25_Nc25/syntrophy/optimized_alpha=0.005_gamma=0.5/Metamatrices 0.12 0.6 1 1 fully_connected 0.0065 100000 0.01206 0.01206 0 0 -0.000199758500786281
matrices/Nr25_Nc25/consumption/RandTrix_Nr25_Nc25_Nest0.6_Conn0.16.txt matrices/Nr25_Nc25/syntrophy/optimized_alpha=0.005_gamma=0.5/Metamatrices 0.16 0.6 1 1 fully_connected 0.0065 100000 0.01381 0.01381 0 0 -2.87067592198179e-05
matrices/Nr25_Nc25/consumption/RandTrix_Nr25_Nc25_Nest0.35_Conn0.2208.txt matrices/Nr25_Nc25/syntrophy/optimized_alpha=0.005_gamma=0.5/Metamatrices 0.2208 0.347043701799486 0.220786352 0.278331875332429 random_structure 0.0026 100000 0.24458 0.22385 0.02073 0 -1.73684556038811e-06
matrices/Nr25_Nc25/consumption/RandTrix_Nr25_Nc25_Nest0.6_Conn0.2048.txt matrices/Nr25_Nc25/syntrophy/optimized_alpha=0.005_gamma=0.5/Metamatrices 0.2048 0.6 1 1 fully_connected 0.0065 100000 0.0137 0.0137 0 0 -1.44501202255166e-05
matrices/Nr25_Nc25/consumption/RandTrix_Nr25_Nc25_Nest0.4_Conn0.2032.txt matrices/Nr25_Nc25/syntrophy/optimized_alpha=0.005_gamma=0.5/Metamatrices 0.2032 0.4 0.504881888 0.567364699624277 optimized_matrix 0.0104 100000 0.06594 0.0659 4e-05 0 -2.2224787807667e-05
matrices/Nr25_Nc25/consumption/RandTrix_Nr25_Nc25_Nest0.6_Conn0.3168.txt matrices/Nr25_Nc25/syntrophy/optimized_alpha=0.005_gamma=0.5/Metamatrices 0.3168 0.599869024230517 1 1 fully_connected 0.0065 100000 0.02076 0.02076 0 0 -1.64991968584933e-05
matrices/Nr25_Nc25/consumption/RandTrix_Nr25_Nc25_Nest0.4_Conn0.2288.txt matrices/Nr25_Nc25/syntrophy/optimized_alpha=0.005_gamma=0.5/Metamatrices 0.2288 0.4 0.499326512 0.561893487100161 optimized_matrix 0.0104 100000 0.03545 0.03247 0.00298 0 -3.66126803639469e-06
matrices/Nr25_Nc25/consumption/RandTrix_Nr25_Nc25_Nest0.6_Conn0.3712.txt matrices/Nr25_Nc25/syntrophy/optimized_alpha=0.005_gamma=0.5/Metamatrices 0.3712 0.595085995085995 1 1 fully_connected 0.0065 100000 0.05652 0.05589 0.00063 0 -5.94189491044028e-06
matrices/Nr25_Nc25/consumption/RandTrix_Nr25_Nc25_Nest0.35_Conn0.272.txt matrices/Nr25_Nc25/syntrophy/optimized_alpha=0.005_gamma=0.5/Metamatrices 0.272 0.346769413159455 0.272006016 0.331959923704815 random_structure 0.0026 100000 0.25932 0.25909 0.00023 0 -3.65674024536673e-05
matrices/Nr25_Nc25/consumption/RandTrix_Nr25_Nc25_Nest0.4_Conn0.272.txt matrices/Nr25_Nc25/syntrophy/optimized_alpha=0.005_gamma=0.5/Metamatrices 0.272 0.397260273972603 0.497837472 0.560156860055058 optimized_matrix 0.0104 100000 0.04872 0.04864 8e-05 0 -2.96332519844089e-05
matrices/Nr25_Nc25/consumption/RandTrix_Nr25_Nc25_Nest0.6_Conn0.44.txt matrices/Nr25_Nc25/syntrophy/optimized_alpha=0.005_gamma=0.5/Metamatrices 0.44 0.6 1 1 fully_connected 0.0065 100000 0.08632 0.08589 0.00043 0 -1.88791394510414e-05
# File last opened on Wed Apr  3 22:05:53 2024
# We are writing, in that order, G-matrix location, A-matrix location, G connectance, G nestedness, A connectance, A nestedness, A-mode, alpha0 value, total number of simulations, proportion of feasible, stable, unstable, marginal and dominant eigenvalue
matrices/Nr25_Nc25/consumption/RandTrix_Nr25_Nc25_Nest0.15_Conn0.08.txt matrices/Nr25_Nc25/syntrophy/optimized_alpha=0.005_gamma=0.5/Metamatrices 0.0816 0.15 0.200596624 0.479473368067334 optimized_matrix 0.0091 100000 0.07375 0.07375 0 0 -0.000116851895344039
matrices/Nr25_Nc25/consumption/RandTrix_Nr25_Nc25_Nest0.4_Conn0.3312.txt matrices/Nr25_Nc25/syntrophy/optimized_alpha=0.005_gamma=0.5/Metamatrices 0.3312 0.396235521235521 0.495861664 0.558513839582349 optimized_matrix 0.0104 100000 0.12461 0.11599 0.00862 0 -1.22132912166643e-05
matrices/Nr25_Nc25/consumption/RandTrix_Nr25_Nc25_Nest0.35_Conn0.3216.txt matrices/Nr25_Nc25/syntrophy/optimized_alpha=0.005_gamma=0.5/Metamatrices 0.3216 0.354089219330855 0.32158664 0.383217870166608 random_structure 0.0026 100000 0.26189 0.25195 0.00994 0 -1.10426884478473e-05
matrices/Nr25_Nc25/consumption/RandTrix_Nr25_Nc25_Nest0.15_Conn0.12.txt matrices/Nr25_Nc25/syntrophy/optimized_alpha=0.005_gamma=0.5/Metamatrices 0.12 0.151419558359621 0.367452176 0.502377319154476 optimized_matrix 0.0091 100000 0.13417 0.13416 1e-05 0 -2.80473400834371e-05
matrices/Nr25_Nc25/consumption/RandTrix_Nr25_Nc25_Nest0.4_Conn0.3712.txt matrices/Nr25_Nc25/syntrophy/optimized_alpha=0.005_gamma=0.5/Metamatrices 0.3712 0.40494527766518 0.499912496 0.562542229846622 optimized_matrix 0.0104 100000 0.17504 0.17355 0.00149 0 -4.93362487712609e-05
matrices/Nr25_Nc25/consumption/RandTrix_Nr25_Nc25_Nest0.55_Conn0.0992.txt matrices/Nr25_Nc25/syntrophy/optimized_alpha=0.005_gamma=0.5/Metamatrices 0.0992 0.548109965635739 0.464281968 0.679690522514822 optimized_matrix 0.0104 100000 0.00682 0.00682 0 0 -0.000262740159997231
matrices/Nr25_Nc25/consumption/RandTrix_Nr25_Nc25_Nest0.3_Conn0.0816.txt matrices/Nr25_Nc25/syntrophy/optimized_alpha=0.005_gamma=0.5/Metamatrices 0.0816 0.297435897435897 0.081578816 0.127690488446893 random_structure 0.0026 100000 0.22273 0.22273 0 0 -0.000183581307342109
matrices/Nr25_Nc25/consumption/RandTrix_Nr25_Nc25_Nest0.55_Conn0.1248.txt matrices/Nr25_Nc25/syntrophy/optimized_alpha=0.005_gamma=0.5/Metamatrices 0.1248 0.55 0.508859584 0.589706801525264 optimized_matrix 0.0104 100000 0.02046 0.02046 0 0 -9.84719648303206e-05
matrices/Nr25_Nc25/consumption/RandTrix_Nr25_Nc25_Nest0.55_Conn0.184.txt matrices/Nr25_Nc25/syntrophy/optimized_alpha=0.005_gamma=0.5/Metamatrices 0.184 0.55019556714472 0.503517248 0.566467214844569 optimized_matrix 0.0104 100000 0.02217 0.02217 0 0 -3.40565769951199e-05
matrices/Nr25_Nc25/consumption/RandTrix_Nr25_Nc25_Nest0.3_Conn0.128.txt matrices/Nr25_Nc25/syntrophy/optimized_alpha=0.005_gamma=0.5/Metamatrices 0.128 0.3 0.12796384 0.178782387295096 random_structure 0.0026 100000 0.18904 0.18904 0 0 -1.74980202978372e-05
matrices/Nr25_Nc25/consumption/RandTrix_Nr25_Nc25_Nest0.55_Conn0.2304.txt matrices/Nr25_Nc25/syntrophy/optimized_alpha=0.005_gamma=0.5/Metamatrices 0.2304 0.55 0.503091104 0.565258420492982 optimized_matrix 0.0104 100000 0.02069 0.02069 0 0 -1.14353243635339e-05
matrices/Nr25_Nc25/consumption/RandTrix_Nr25_Nc25_Nest0.15_Conn0.1808.txt matrices/Nr25_Nc25/syntrophy/optimized_alpha=0.005_gamma=0.5/Metamatrices 0.1808 0.158059467918623 0.498304336 0.560898611504969 optimized_matrix 0.0091 100000 0.33849 0.33824 0.00025 0 -9.52745866761763e-05
matrices/Nr25_Nc25/consumption/RandTrix_Nr25_Nc25_Nest0.55_Conn0.3024.txt matrices/Nr25_Nc25/syntrophy/optimized_alpha=0.005_gamma=0.5/Metamatrices 0.3024 0.550095724313976 0.503229216 0.565672099390899 optimized_matrix 0.0104 100000 0.03422 0.03304 0.00118 0 -7.06778141126112e-06
matrices/Nr25_Nc25/consumption/RandTrix_Nr25_Nc25_Nest0.55_Conn0.3344.txt matrices/Nr25_Nc25/syntrophy/optimized_alpha=0.005_gamma=0.5/Metamatrices 0.3344 0.547425474254743 0.500012784 0.562561422105708 optimized_matrix 0.0104 100000 0.06825 0.06741 0.00084 0 -1.95074591802636e-05
matrices/Nr25_Nc25/consumption/RandTrix_Nr25_Nc25_Nest0.3_Conn0.1776.txt matrices/Nr25_Nc25/syntrophy/optimized_alpha=0.005_gamma=0.5/Metamatrices 0.1776 0.3 0.177644912 0.232486576088497 random_structure 0.0026 100000 0.28075 0.28075 0 0 -3.9089858106633e-05
matrices/Nr25_Nc25/consumption/RandTrix_Nr25_Nc25_Nest0.1_Conn0.0816.txt matrices/Nr25_Nc25/syntrophy/optimized_alpha=0.005_gamma=0.5/Metamatrices 0.0816 0.1 0.138218576 0.291928496041915 optimized_matrix 0.0091 100000 0.1827 0.1827 0 0 -0.000362982414655717
matrices/Nr25_Nc25/consumption/RandTrix_Nr25_Nc25_Nest0.55_Conn0.3824.txt matrices/Nr25_Nc25/syntrophy/optimized_alpha=0.005_gamma=0.5/Metamatrices 0.3824 0.547794117647059 0.499039568 0.561571315178137 optimized_matrix 0.0104 100000 0.07284 0.06338 0.00946 0 -3.38716414053689e-06
matrices/Nr25_Nc25/consumption/RandTrix_Nr25_Nc25_Nest0.55_Conn0.4176.txt matrices/Nr25_Nc25/syntrophy/optimized_alpha=0.005_gamma=0.5/Metamatrices 0.4176 0.546571541815299 0.497876448 0.560086229776802 optimized_matrix 0.0104 100000 0.12581 0.10423 0.02158 0 -5.17708271238366e-06
matrices/Nr25_Nc25/consumption/RandTrix_Nr25_Nc25_Nest0.3_Conn0.2272.txt matrices/Nr25_Nc25/syntrophy/optimized_alpha=0.005_gamma=0.5/Metamatrices 0.2272 0.297439759036145 0.227270352 0.285125069449428 random_structure 0.0026 100000 0.28825 0.28802 0.00023 0 -3.53083031591417e-05
matrices/Nr25_Nc25/consumption/RandTrix_Nr25_Nc25_Nest0.5_Conn0.0912.txt matrices/Nr25_Nc25/syntrophy/optimized_alpha=0.005_gamma=0.5/Metamatrices 0.0912 0.50278293135436 0.418946272 0.678039387814745 optimized_matrix 0.0104 100000 0.00586 0.00586 0 0 -0.000280990777736253
matrices/Nr25_Nc25/consumption/RandTrix_Nr25_Nc25_Nest0.5_Conn0.1248.txt matrices/Nr25_Nc25/syntrophy/optimized_alpha=0.005_gamma=0.5/Metamatrices 0.1248 0.5 0.50265856 0.565084952528763 optimized_matrix 0.0104 100000 0.01996 0.01996 0 0 -0.000156431652626392
matrices/Nr25_Nc25/consumption/RandTrix_Nr25_Nc25_Nest0.5_Conn0.1744.txt matrices/Nr25_Nc25/syntrophy/optimized_alpha=0.005_gamma=0.5/Metamatrices 0.1744 0.5 0.500272816 0.56308568135412 optimized_matrix 0.0104 100000 0.02643 0.02643 0 0 -0.000100786481420702
matrices/Nr25_Nc25/consumption/RandTrix_Nr25_Nc25_Nest0.1_Conn0.1296.txt matrices/Nr25_Nc25/syntrophy/optimized_alpha=0.005_gamma=0.5/Metamatrices 0.1296 0.10479375696767 0.28123296 0.329929482337338 optimized_matrix 0.0091 100000 0.42736 0.39625 0.03111 0 -1.68863347295832e-05
matrices/Nr25_Nc25/consumption/RandTrix_Nr25_Nc25_Nest0.5_Conn0.2496.txt matrices/Nr25_Nc25/syntrophy/optimized_alpha=0.005_gamma=0.5/Metamatrices 0.2496 0.5 0.501362496 0.563730805037855 optimized_matrix 0.0104 100000 0.03467 0.03467 0 0 -3.18991979954378e-05
matrices/Nr25_Nc25/consumption/RandTrix_Nr25_Nc25_Nest0.3_Conn0.2816.txt matrices/Nr25_Nc25/syntrophy/optimized_alpha=0.005_gamma=0.5/Metamatrices 0.2816 0.302762430939227 0.281599216 0.341924575730716 random_structure 0.0026 100000 0.30817 0.30028 0.00789 0 -1.37504346170307e-05
matrices/Nr25_Nc25/consumption/RandTrix_Nr25_Nc25_Nest0.25_Conn0.0832.txt matrices/Nr25_Nc25/syntrophy/optimized_alpha=0.005_gamma=0.5/Metamatrices 0.0832 0.25 0.322301312 0.578597739891471 optimized_matrix 0.0091 100000 0.05922 0.05922 0 0 -0.000857803248964216
matrices/Nr25_Nc25/consumption/RandTrix_Nr25_Nc25_Nest0.5_Conn0.2928.txt matrices/Nr25_Nc25/syntrophy/optimized_alpha=0.005_gamma=0.5/Metamatrices 0.2928 0.5 0.498913408 0.561445044870755 optimized_matrix 0.0104 100000 0.07768 0.07727 0.00041 0 -1.71016575065807e-05
matrices/Nr25_Nc25/consumption/RandTrix_Nr25_Nc25_Nest0.25_Conn0.1392.txt matrices/Nr25_Nc25/syntrophy/optimized_alpha=0.005_gamma=0.5/Metamatrices 0.1392 0.25 0.495091616 0.558237780261642 optimized_matrix 0.0091 100000 0.05387 0.05387 0 0 -9.00558135540938e-05
matrices/Nr25_Nc25/consumption/RandTrix_Nr25_Nc25_Nest0.45_Conn0.0816.txt matrices/Nr25_Nc25/syntrophy/optimized_alpha=0.005_gamma=0.5/Metamatrices 0.0816 0.452 0.081576784 0.127621490825271 random_structure 0.0026 100000 0.14634 0.14634 0 0 -8.43326868731211e-05
matrices/Nr25_Nc25/consumption/RandTrix_Nr25_Nc25_Nest0.5_Conn0.32.txt matrices/Nr25_Nc25/syntrophy/optimized_alpha=0.005_gamma=0.5/Metamatrices 0.32 0.498845265588915 0.497300064 0.559801131172187 optimized_matrix 0.0104 100000 0.09834 0.09085 0.00749 0 -8.76630057481783e-06
matrices/Nr25_Nc25/consumption/RandTrix_Nr25_Nc25_Nest0.25_Conn0.184.txt matrices/Nr25_Nc25/syntrophy/optimized_alpha=0.005_gamma=0.5/Metamatrices 0.184 0.245901639344262 0.497657056 0.560293097275365 optimized_matrix 0.0091 100000 0.08263 0.0754 0.00723 0 -7.53958100044597e-06
matrices/Nr25_Nc25/consumption/RandTrix_Nr25_Nc25_Nest0.45_Conn0.1232.txt matrices/Nr25_Nc25/syntrophy/optimized_alpha=0.005_gamma=0.5/Metamatrices 0.1232 0.45 0.12315704 0.173517349826708 random_structure 0.0026 100000 0.14313 0.14313 0 0 -2.9838674794113e-05
matrices/Nr25_Nc25/consumption/RandTrix_Nr25_Nc25_Nest0.5_Conn0.3824.txt matrices/Nr25_Nc25/syntrophy/optimized_alpha=0.005_gamma=0.5/Metamatrices 0.3824 0.496305953933073 0.49495056 0.557501210027864 optimized_matrix 0.0104 100000 0.11923 0.11082 0.00841 0 -9.86110977986291e-06
matrices/Nr25_Nc25/consumption/RandTrix_Nr25_Nc25_Nest0.45_Conn0.1856.txt matrices/Nr25_Nc25/syntrophy/optimized_alpha=0.005_gamma=0.5/Metamatrices 0.1856 0.449874686716792 0.185651904 0.241018467824665 random_structure 0.0026 100000 0.19257 0.19257 0 0 -2.3142705685471e-05
matrices/Nr25_Nc25/consumption/RandTrix_Nr25_Nc25_Nest0.5_Conn0.416.txt matrices/Nr25_Nc25/syntrophy/optimized_alpha=0.005_gamma=0.5/Metamatrices 0.416 0.504988488104375 0.504755248 0.567321137320389 optimized_matrix 0.0104 100000 0.10639 0.09683 0.00956 0 -1.03830050798596e-05
matrices/Nr25_Nc25/consumption/RandTrix_Nr25_Nc25_Nest0.25_Conn0.2336.txt matrices/Nr25_Nc25/syntrophy/optimized_alpha=0.005_gamma=0.5/Metamatrices 0.2336 0.252631578947368 0.504302112 0.566586879574538 optimized_matrix 0.0091 100000 0.20567 0.20565 2e-05 0 -9.37675683088345e-05
matrices/Nr25_Nc25/consumption/RandTrix_Nr25_Nc25_Nest0.6_Conn0.12.txt matrices/Nr25_Nc25/syntrophy/optimized_alpha=0.005_gamma=0.5/Metamatrices 0.12 0.6 0.529462608 0.631296148843929 optimized_matrix 0.0104 100000 0.01685 0.01685 0 0 -0.000184262016151784
matrices/Nr25_Nc25/consumption/RandTrix_Nr25_Nc25_Nest0.45_Conn0.216.txt matrices/Nr25_Nc25/syntrophy/optimized_alpha=0.005_gamma=0.5/Metamatrices 0.216 0.45 0.215925744 0.273228251723648 random_structure 0.0026 100000 0.14466 0.14454 0.00012 0 -5.82967625767524e-06
matrices/Nr25_Nc25/consumption/RandTrix_Nr25_Nc25_Nest0.6_Conn0.16.txt matrices/Nr25_Nc25/syntrophy/optimized_alpha=0.005_gamma=0.5/Metamatrices 0.16 0.6 0.501244208 0.563787597994317 optimized_matrix 0.0104 100000 0.02226 0.02226 0 0 -2.4842396149281e-05
matrices/Nr25_Nc25/consumption/RandTrix_Nr25_Nc25_Nest0.2_Conn0.0896.txt matrices/Nr25_Nc25/syntrophy/optimized_alpha=0.005_gamma=0.5/Metamatrices 0.0896 0.2 0.203452512 0.450963617779204 optimized_matrix 0.0091 100000 0.12831 0.12831 0 0 -5.97591936082084e-05
matrices/Nr25_Nc25/consumption/RandTrix_Nr25_Nc25_Nest0.6_Conn0.2048.txt matrices/Nr25_Nc25/syntrophy/optimized_alpha=0.005_gamma=0.5/Metamatrices 0.2048 0.6 0.503371424 0.566238458800141 optimized_matrix 0.0104 100000 0.02074 0.02074 0 0 -1.29112881130991e-05
matrices/Nr25_Nc25/consumption/RandTrix_Nr25_Nc25_Nest0.45_Conn0.2672.txt matrices/Nr25_Nc25/syntrophy/optimized_alpha=0.005_gamma=0.5/Metamatrices 0.2672 0.446518305814788 0.26723264 0.327031051778052 random_structure 0.0026 100000 0.19491 0.18743 0.00748 0 -4.55496667202707e-06
matrices/Nr25_Nc25/consumption/RandTrix_Nr25_Nc25_Nest0.2_Conn0.1328.txt matrices/Nr25_Nc25/syntrophy/optimized_alpha=0.005_gamma=0.5/Metamatrices 0.1328 0.2 0.469595888 0.552937595455866 optimized_matrix 0.0091 100000 0.07624 0.07594 0.0003 0 -9.24367449896224e-06
matrices/Nr25_Nc25/consumption/RandTrix_Nr25_Nc25_Nest0.6_Conn0.3168.txt matrices/Nr25_Nc25/syntrophy/optimized_alpha=0.005_gamma=0.5/Metamatrices 0.3168 0.599869024230517 0.500857664 0.563969828604277 optimized_matrix 0.0104 100000 0.03257 0.03257 0 0 -1.43324252826727e-05
matrices/Nr25_Nc25/consumption/RandTrix_Nr25_Nc25_Nest0.2_Conn0.168.txt matrices/Nr25_Nc25/syntrophy/optimized_alpha=0.005_gamma=0.5/Metamatrices 0.168 0.202270381836945 0.501259312 0.56371747763855 optimized_matrix 0.0091 100000 0.07284 0.07283 1e-05 0 -2.86621390707498e-05
matrices/Nr25_Nc25/consumption/RandTrix_Nr25_Nc25_Nest0.6_Conn0.3712.txt matrices/Nr25_Nc25/syntrophy/optimized_alpha=0.005_gamma=0.5/Metamatrices 0.3712 0.595085995085995 0.502839824 0.565265158044994 optimized_matrix 0.0104 100000 0.07006 0.06386 0.0062 0 -5.6863410408127e-06
matrices/Nr25_Nc25/consumption/RandTrix_Nr25_Nc25_Nest0.35_Conn0.08.txt matrices/Nr25_Nc25/syntrophy/optimized_alpha=0.005_gamma=0.5/Metamatrices 0.08 0.35 0.288467216 0.582240537065094 optimized_matrix 0.0091 100000 0.01833 0.01833 0 0 -0.000371885028474433
matrices/Nr25_Nc25/consumption/RandTrix_Nr25_Nc25_Nest0.45_Conn0.3168.txt matrices/Nr25_Nc25/syntrophy/optimized_alpha=0.005_gamma=0.5/Metamatrices 0.3168 0.445459430413756 0.316826432 0.378293594942214 random_structure 0.0026 100000 0.21009 0.20223 0.00786 0 -6.89504639420742e-06
matrices/Nr25_Nc25/consumption/RandTrix_Nr25_Nc25_Nest0.35_Conn0.1328.txt matrices/Nr25_Nc25/syntrophy/optimized_alpha=0.005_gamma=0.5/Metamatrices 0.1328 0.35 0.501616608 0.56437859817906 optimized_matrix 0.0091 100000 0.02759 0.02759 0 0 -2.86495609328253e-05
matrices/Nr25_Nc25/consumption/RandTrix_Nr25_Nc25_Nest0.6_Conn0.44.txt matrices/Nr25_Nc25/syntrophy/optimized_alpha=0.005_gamma=0.5/Metamatrices 0.44 0.6 0.500261616 0.562683873203563 optimized_matrix 0.0104 100000 0.09594 0.09191 0.00403 0 -1.74577514335158e-05
# File last opened on Wed Apr  3 22:38:13 2024
# We are writing, in that order, G-matrix location, A-matrix location, G connectance, G nestedness, A connectance, A nestedness, A-mode, alpha0 value, total number of simulations, proportion of feasible, stable, unstable, marginal and dominant eigenvalue
matrices/Nr25_Nc25/consumption/RandTrix_Nr25_Nc25_Nest0.35_Conn0.1712.txt matrices/Nr25_Nc25/syntrophy/optimized_alpha=0.005_gamma=0.5/Metamatrices 0.1712 0.35 0.500647344 0.563419028700934 optimized_matrix 0.0091 100000 0.03544 0.03543 1e-05 0 -4.13562673098552e-06
matrices/Nr25_Nc25/consumption/RandTrix_Nr25_Nc25_Nest0.45_Conn0.384.txt matrices/Nr25_Nc25/syntrophy/optimized_alpha=0.005_gamma=0.5/Metamatrices 0.384 0.452352708580467 0.38407128 0.44681058644526 random_structure 0.0026 100000 0.21416 0.21254 0.00162 0 -2.33135118247152e-05
matrices/Nr25_Nc25/consumption/RandTrix_Nr25_Nc25_Nest0.35_Conn0.2208.txt matrices/Nr25_Nc25/syntrophy/optimized_alpha=0.005_gamma=0.5/Metamatrices 0.2208 0.347043701799486 0.503702352 0.566092980942237 optimized_matrix 0.0091 100000 0.10171 0.09003 0.01168 0 -3.49173436619909e-06
matrices/Nr25_Nc25/consumption/RandTrix_Nr25_Nc25_Nest0.15_Conn0.08.txt matrices/Nr25_Nc25/syntrophy/optimized_alpha=0.005_gamma=0.5/Metamatrices 0.0816 0.15 0.08154344 0.12759537929065 random_structure 0.0039 100000 0.26554 0.26554 0 0 -5.35496751899485e-05
matrices/Nr25_Nc25/consumption/RandTrix_Nr25_Nc25_Nest0.45_Conn0.424.txt matrices/Nr25_Nc25/syntrophy/optimized_alpha=0.005_gamma=0.5/Metamatrices 0.424 0.454737583656217 0.423948672 0.486930577884256 random_structure 0.0026 100000 0.23759 0.2356 0.00199 0 -2.55848568661432e-05
matrices/Nr25_Nc25/consumption/RandTrix_Nr25_Nc25_Nest0.35_Conn0.272.txt matrices/Nr25_Nc25/syntrophy/optimized_alpha=0.005_gamma=0.5/Metamatrices 0.272 0.346769413159455 0.498463872 0.560870723792059 optimized_matrix 0.0091 100000 0.16919 0.16904 0.00015 0 -5.28086415416279e-05
matrices/Nr25_Nc25/consumption/RandTrix_Nr25_Nc25_Nest0.4_Conn0.0784.txt matrices/Nr25_Nc25/syntrophy/optimized_alpha=0.005_gamma=0.5/Metamatrices 0.0784 0.4 0.078354096 0.124042620653117 random_structure 0.0026 100000 0.15807 0.15807 0 0 -0.000107671350319465
matrices/Nr25_Nc25/consumption/RandTrix_Nr25_Nc25_Nest0.15_Conn0.12.txt matrices/Nr25_Nc25/syntrophy/optimized_alpha=0.005_gamma=0.5/Metamatrices 0.12 0.151419558359621 0.1200596 0.170176625039745 random_structure 0.0039 100000 0.38581 0.38545 0.00036 0 -1.4883206215178e-05
matrices/Nr25_Nc25/consumption/RandTrix_Nr25_Nc25_Nest0.35_Conn0.3216.txt matrices/Nr25_Nc25/syntrophy/optimized_alpha=0.005_gamma=0.5/Metamatrices 0.3216 0.354089219330855 0.498219312 0.560944453661425 optimized_matrix 0.0091 100000 0.18576 0.17296 0.0128 0 -1.5259539584589e-05
matrices/Nr25_Nc25/consumption/RandTrix_Nr25_Nc25_Nest0.3_Conn0.0816.txt matrices/Nr25_Nc25/syntrophy/optimized_alpha=0.005_gamma=0.5/Metamatrices 0.0816 0.297435897435897 0.256733552 0.581259499621654 optimized_matrix 0.0091 100000 0.04805 0.04805 0 0 -0.00044820425654953
matrices/Nr25_Nc25/consumption/RandTrix_Nr25_Nc25_Nest0.4_Conn0.1232.txt matrices/Nr25_Nc25/syntrophy/optimized_alpha=0.005_gamma=0.5/Metamatrices 0.1232 0.399558498896247 0.12320344 0.173573905125253 random_structure 0.0026 100000 0.22265 0.22265 0 0 -0.000119427275291318
matrices/Nr25_Nc25/consumption/RandTrix_Nr25_Nc25_Nest0.3_Conn0.128.txt matrices/Nr25_Nc25/syntrophy/optimized_alpha=0.005_gamma=0.5/Metamatrices 0.128 0.3 0.491515728 0.55940010194379 optimized_matrix 0.0091 100000 0.03453 0.03453 0 0 -4.37756516729168e-05
matrices/Nr25_Nc25/consumption/RandTrix_Nr25_Nc25_Nest0.4_Conn0.2032.txt matrices/Nr25_Nc25/syntrophy/optimized_alpha=0.005_gamma=0.5/Metamatrices 0.2032 0.4 0.203216288 0.259765429244098 random_structure 0.0026 100000 0.18886 0.18855 0.00031 0 -1.06103012875221e-05
matrices/Nr25_Nc25/consumption/RandTrix_Nr25_Nc25_Nest0.3_Conn0.1776.txt matrices/Nr25_Nc25/syntrophy/optimized_alpha=0.005_gamma=0.5/Metamatrices 0.1776 0.3 0.496905008 0.559188524086186 optimized_matrix 0.0091 100000 0.06863 0.06863 0 0 -8.55642408877253e-05
matrices/Nr25_Nc25/consumption/RandTrix_Nr25_Nc25_Nest0.15_Conn0.1808.txt matrices/Nr25_Nc25/syntrophy/optimized_alpha=0.005_gamma=0.5/Metamatrices 0.1808 0.158059467918623 0.180786336 0.235835684910872 random_structure 0.0039 100000 0.44605 0.4455 0.00055 0 -7.24387186870693e-05
matrices/Nr25_Nc25/consumption/RandTrix_Nr25_Nc25_Nest0.4_Conn0.2288.txt matrices/Nr25_Nc25/syntrophy/optimized_alpha=0.005_gamma=0.5/Metamatrices 0.2288 0.4 0.228796896 0.286708766833243 random_structure 0.0026 100000 0.18328 0.17081 0.01247 0 -1.54865705819218e-06
matrices/Nr25_Nc25/consumption/RandTrix_Nr25_Nc25_Nest0.3_Conn0.2272.txt matrices/Nr25_Nc25/syntrophy/optimized_alpha=0.005_gamma=0.5/Metamatrices 0.2272 0.297439759036145 0.5007808 0.562879496929306 optimized_matrix 0.0091 100000 0.13402 0.13399 3e-05 0 -6.21527515709948e-05
matrices/Nr25_Nc25/consumption/RandTrix_Nr25_Nc25_Nest0.4_Conn0.272.txt matrices/Nr25_Nc25/syntrophy/optimized_alpha=0.005_gamma=0.5/Metamatrices 0.272 0.397260273972603 0.27201152 0.33196892525202 random_structure 0.0026 100000 0.19708 0.19669 0.00039 0 -1.39795736887611e-05
matrices/Nr25_Nc25/consumption/RandTrix_Nr25_Nc25_Nest0.3_Conn0.2816.txt matrices/Nr25_Nc25/syntrophy/optimized_alpha=0.005_gamma=0.5/Metamatrices 0.2816 0.302762430939227 0.49851608 0.561183825493516 optimized_matrix 0.0091 100000 0.19983 0.19207 0.00776 0 -2.08773932344415e-05
matrices/Nr25_Nc25/consumption/RandTrix_Nr25_Nc25_Nest0.1_Conn0.0816.txt matrices/Nr25_Nc25/syntrophy/optimized_alpha=0.005_gamma=0.5/Metamatrices 0.0816 0.1 0.0816504 0.127706230677181 random_structure 0.0039 100000 0.39587 0.39587 0 0 -0.000213268818386277
matrices/Nr25_Nc25/consumption/RandTrix_Nr25_Nc25_Nest0.45_Conn0.0816.txt matrices/Nr25_Nc25/syntrophy/optimized_alpha=0.005_gamma=0.5/Metamatrices 0.0816 0.452 0.360060096 0.604172194080551 optimized_matrix 0.0091 100000 0.0109 0.0109 0 0 -0.000305220486896872
matrices/Nr25_Nc25/consumption/RandTrix_Nr25_Nc25_Nest0.4_Conn0.3312.txt matrices/Nr25_Nc25/syntrophy/optimized_alpha=0.005_gamma=0.5/Metamatrices 0.3312 0.396235521235521 0.331298784 0.39317321309248 random_structure 0.0026 100000 0.22413 0.21331 0.01082 0 -7.36741427518526e-06
matrices/Nr25_Nc25/consumption/RandTrix_Nr25_Nc25_Nest0.45_Conn0.1232.txt matrices/Nr25_Nc25/syntrophy/optimized_alpha=0.005_gamma=0.5/Metamatrices 0.1232 0.45 0.502075808 0.574615309387194 optimized_matrix 0.0091 100000 0.02797 0.02797 0 0 -7.44922944314917e-05
matrices/Nr25_Nc25/consumption/RandTrix_Nr25_Nc25_Nest0.45_Conn0.1856.txt matrices/Nr25_Nc25/syntrophy/optimized_alpha=0.005_gamma=0.5/Metamatrices 0.1856 0.449874686716792 0.498675296 0.561411217025832 optimized_matrix 0.0091 100000 0.03931 0.03931 0 0 -5.31268107162163e-05
matrices/Nr25_Nc25/consumption/RandTrix_Nr25_Nc25_Nest0.45_Conn0.216.txt matrices/Nr25_Nc25/syntrophy/optimized_alpha=0.005_gamma=0.5/Metamatrices 0.216 0.45 0.4995548 0.561973923231633 optimized_matrix 0.0091 100000 0.03223 0.03223 0 0 -1.32472306111037e-05
matrices/Nr25_Nc25/consumption/RandTrix_Nr25_Nc25_Nest0.4_Conn0.3712.txt matrices/Nr25_Nc25/syntrophy/optimized_alpha=0.005_gamma=0.5/Metamatrices 0.3712 0.40494527766518 0.371228144 0.433798378059447 random_structure 0.0026 100000 0.24717 0.24622 0.00095 0 -3.59578458790647e-05
matrices/Nr25_Nc25/consumption/RandTrix_Nr25_Nc25_Nest0.45_Conn0.2672.txt matrices/Nr25_Nc25/syntrophy/optimized_alpha=0.005_gamma=0.5/Metamatrices 0.2672 0.446518305814788 0.493152096 0.555945919306402 optimized_matrix 0.0091 100000 0.05146 0.04907 0.00239 0 -9.49116651308805e-06
matrices/Nr25_Nc25/consumption/RandTrix_Nr25_Nc25_Nest0.55_Conn0.0992.txt matrices/Nr25_Nc25/syntrophy/optimized_alpha=0.005_gamma=0.5/Metamatrices 0.0992 0.548109965635739 0.099190576 0.147182009600499 random_structure 0.0026 100000 0.13372 0.13372 0 0 -7.72972214727791e-05
matrices/Nr25_Nc25/consumption/RandTrix_Nr25_Nc25_Nest0.1_Conn0.1296.txt matrices/Nr25_Nc25/syntrophy/optimized_alpha=0.005_gamma=0.5/Metamatrices 0.1296 0.10479375696767 0.129591072 0.180493497009967 random_structure 0.0039 100000 0.52561 0.49725 0.02836 0 -1.298002766146e-05
matrices/Nr25_Nc25/consumption/RandTrix_Nr25_Nc25_Nest0.55_Conn0.1248.txt matrices/Nr25_Nc25/syntrophy/optimized_alpha=0.005_gamma=0.5/Metamatrices 0.1248 0.55 0.124778176 0.175266382420412 random_structure 0.0026 100000 0.12877 0.12877 0 0 -3.68982106954521e-05
matrices/Nr25_Nc25/consumption/RandTrix_Nr25_Nc25_Nest0.45_Conn0.3168.txt matrices/Nr25_Nc25/syntrophy/optimized_alpha=0.005_gamma=0.5/Metamatrices 0.3168 0.445459430413756 0.500818544 0.563550849076594 optimized_matrix 0.0091 100000 0.11966 0.11432 0.00534 0 -1.10788113855203e-05
matrices/Nr25_Nc25/consumption/RandTrix_Nr25_Nc25_Nest0.25_Conn0.0832.txt matrices/Nr25_Nc25/syntrophy/optimized_alpha=0.005_gamma=0.5/Metamatrices 0.0832 0.25 0.083113376 0.129358581384574 random_structure 0.0039 100000 0.25192 0.25192 0 0 -0.000367397685949033
matrices/Nr25_Nc25/consumption/RandTrix_Nr25_Nc25_Nest0.55_Conn0.184.txt matrices/Nr25_Nc25/syntrophy/optimized_alpha=0.005_gamma=0.5/Metamatrices 0.184 0.55019556714472 0.184002832 0.239366730130113 random_structure 0.0026 100000 0.14742 0.14742 0 0 -1.31778974196978e-05
matrices/Nr25_Nc25/consumption/RandTrix_Nr25_Nc25_Nest0.45_Conn0.384.txt matrices/Nr25_Nc25/syntrophy/optimized_alpha=0.005_gamma=0.5/Metamatrices 0.384 0.452352708580467 0.502455872 0.565166774902208 optimized_matrix 0.0091 100000 0.15481 0.15192 0.00289 0 -3.15669340314029e-05
matrices/Nr25_Nc25/consumption/RandTrix_Nr25_Nc25_Nest0.55_Conn0.2304.txt matrices/Nr25_Nc25/syntrophy/optimized_alpha=0.005_gamma=0.5/Metamatrices 0.2304 0.55 0.230388 0.288508751491761 random_structure 0.0026 100000 0.12111 0.12109 2e-05 0 -4.87931784858944e-06
matrices/Nr25_Nc25/consumption/RandTrix_Nr25_Nc25_Nest0.25_Conn0.1392.txt matrices/Nr25_Nc25/syntrophy/optimized_alpha=0.005_gamma=0.5/Metamatrices 0.1392 0.25 0.13922688 0.19102487756611 random_structure 0.0039 100000 0.23558 0.23558 0 0 -4.27108859918744e-05
matrices/Nr25_Nc25/consumption/RandTrix_Nr25_Nc25_Nest0.45_Conn0.424.txt matrices/Nr25_Nc25/syntrophy/optimized_alpha=0.005_gamma=0.5/Metamatrices 0.424 0.454737583656217 0.500930096 0.563617660803111 optimized_matrix 0.0091 100000 0.17349 0.17102 0.00247 0 -3.45785534561343e-05
matrices/Nr25_Nc25/consumption/RandTrix_Nr25_Nc25_Nest0.55_Conn0.3024.txt matrices/Nr25_Nc25/syntrophy/optimized_alpha=0.005_gamma=0.5/Metamatrices 0.3024 0.550095724313976 0.302421856 0.363439132180026 random_structure 0.0026 100000 0.13582 0.13232 0.0035 0 -3.44972893654042e-06
matrices/Nr25_Nc25/consumption/RandTrix_Nr25_Nc25_Nest0.4_Conn0.0784.txt matrices/Nr25_Nc25/syntrophy/optimized_alpha=0.005_gamma=0.5/Metamatrices 0.0784 0.4 0.293158336 0.635183956228774 optimized_matrix 0.0091 100000 0.01877 0.01877 0 0 -0.000329619863446741
matrices/Nr25_Nc25/consumption/RandTrix_Nr25_Nc25_Nest0.4_Conn0.1232.txt matrices/Nr25_Nc25/syntrophy/optimized_alpha=0.005_gamma=0.5/Metamatrices 0.1232 0.399558498896247 0.501398928 0.564091008002285 optimized_matrix 0.0091 100000 0.0381 0.0381 0 0 -0.000310487526732856
matrices/Nr25_Nc25/consumption/RandTrix_Nr25_Nc25_Nest0.55_Conn0.3344.txt matrices/Nr25_Nc25/syntrophy/optimized_alpha=0.005_gamma=0.5/Metamatrices 0.3344 0.547425474254743 0.334381328 0.396326884943407 random_structure 0.0026 100000 0.16475 0.16285 0.0019 0 -1.03952741824059e-05
matrices/Nr25_Nc25/consumption/RandTrix_Nr25_Nc25_Nest0.25_Conn0.184.txt matrices/Nr25_Nc25/syntrophy/optimized_alpha=0.005_gamma=0.5/Metamatrices 0.184 0.245901639344262 0.183953904 0.239255313202819 random_structure 0.0039 100000 0.26468 0.2426 0.02208 0 -3.74253251304754e-06
matrices/Nr25_Nc25/consumption/RandTrix_Nr25_Nc25_Nest0.4_Conn0.2032.txt matrices/Nr25_Nc25/syntrophy/optimized_alpha=0.005_gamma=0.5/Metamatrices 0.2032 0.4 0.504881888 0.567364699624277 optimized_matrix 0.0091 100000 0.07398 0.07394 4e-05 0 -2.09178333062209e-05
matrices/Nr25_Nc25/consumption/RandTrix_Nr25_Nc25_Nest0.55_Conn0.3824.txt matrices/Nr25_Nc25/syntrophy/optimized_alpha=0.005_gamma=0.5/Metamatrices 0.3824 0.547794117647059 0.382394496 0.445104756316697 random_structure 0.0026 100000 0.16883 0.15337 0.01546 0 -1.80058846985094e-06
matrices/Nr25_Nc25/consumption/RandTrix_Nr25_Nc25_Nest0.4_Conn0.2288.txt matrices/Nr25_Nc25/syntrophy/optimized_alpha=0.005_gamma=0.5/Metamatrices 0.2288 0.4 0.499326512 0.561893487100161 optimized_matrix 0.0091 100000 0.04452 0.04124 0.00328 0 -3.41147227894686e-06
matrices/Nr25_Nc25/consumption/RandTrix_Nr25_Nc25_Nest0.4_Conn0.272.txt matrices/Nr25_Nc25/syntrophy/optimized_alpha=0.005_gamma=0.5/Metamatrices 0.272 0.397260273972603 0.497837472 0.560156860055058 optimized_matrix 0.0091 100000 0.05832 0.05823 9e-05 0 -2.80035440699213e-05
matrices/Nr25_Nc25/consumption/RandTrix_Nr25_Nc25_Nest0.25_Conn0.2336.txt matrices/Nr25_Nc25/syntrophy/optimized_alpha=0.005_gamma=0.5/Metamatrices 0.2336 0.252631578947368 0.233576848 0.291840549287964 random_structure 0.0039 100000 0.31288 0.31277 0.00011 0 -6.38165324036537e-05
matrices/Nr25_Nc25/consumption/RandTrix_Nr25_Nc25_Nest0.55_Conn0.4176.txt matrices/Nr25_Nc25/syntrophy/optimized_alpha=0.005_gamma=0.5/Metamatrices 0.4176 0.546571541815299 0.417561664 0.480548326314756 random_structure 0.0026 100000 0.19512 0.17584 0.01928 0 -3.23298687823391e-06
matrices/Nr25_Nc25/consumption/RandTrix_Nr25_Nc25_Nest0.4_Conn0.3312.txt matrices/Nr25_Nc25/syntrophy/optimized_alpha=0.005_gamma=0.5/Metamatrices 0.3312 0.396235521235521 0.495861664 0.558513839582349 optimized_matrix 0.0091 100000 0.1337 0.12501 0.00869 0 -1.15796475808441e-05
matrices/Nr25_Nc25/consumption/RandTrix_Nr25_Nc25_Nest0.5_Conn0.0912.txt matrices/Nr25_Nc25/syntrophy/optimized_alpha=0.005_gamma=0.5/Metamatrices 0.0912 0.50278293135436 0.091238304 0.138474065529153 random_structure 0.0026 100000 0.13949 0.13949 0 0 -7.65749507485895e-05
matrices/Nr25_Nc25/consumption/RandTrix_Nr25_Nc25_Nest0.2_Conn0.0896.txt matrices/Nr25_Nc25/syntrophy/optimized_alpha=0.005_gamma=0.5/Metamatrices 0.0896 0.2 0.089666384 0.136644480958498 random_structure 0.0039 100000 0.21771 0.21771 0 0 -3.74892544005167e-05
matrices/Nr25_Nc25/consumption/RandTrix_Nr25_Nc25_Nest0.5_Conn0.1248.txt matrices/Nr25_Nc25/syntrophy/optimized_alpha=0.005_gamma=0.5/Metamatrices 0.1248 0.5 0.124842272 0.175341620733262 random_structure 0.0026 100000 0.14658 0.14658 0 0 -5.59822102587171e-05
matrices/Nr25_Nc25/consumption/RandTrix_Nr25_Nc25_Nest0.4_Conn0.3712.txt matrices/Nr25_Nc25/syntrophy/optimized_alpha=0.005_gamma=0.5/Metamatrices 0.3712 0.40494527766518 0.499912496 0.562542229846622 optimized_matrix 0.0091 100000 0.18509 0.18379 0.0013 0 -4.70550040668072e-05
matrices/Nr25_Nc25/consumption/RandTrix_Nr25_Nc25_Nest0.55_Conn0.0992.txt matrices/Nr25_Nc25/syntrophy/optimized_alpha=0.005_gamma=0.5/Metamatrices 0.0992 0.548109965635739 0.464281968 0.679690522514822 optimized_matrix 0.0091 100000 0.01194 0.01194 0 0 -0.000246456711681853
matrices/Nr25_Nc25/consumption/RandTrix_Nr25_Nc25_Nest0.2_Conn0.1328.txt matrices/Nr25_Nc25/syntrophy/optimized_alpha=0.005_gamma=0.5/Metamatrices 0.1328 0.2 0.132755312 0.183949064170993 random_structure 0.0039 100000 0.31581 0.31254 0.00327 0 -4.61083042574446e-06
matrices/Nr25_Nc25/consumption/RandTrix_Nr25_Nc25_Nest0.55_Conn0.1248.txt matrices/Nr25_Nc25/syntrophy/optimized_alpha=0.005_gamma=0.5/Metamatrices 0.1248 0.55 0.508859584 0.589706801525264 optimized_matrix 0.0091 100000 0.02598 0.02598 0 0 -9.22424407624439e-05
matrices/Nr25_Nc25/consumption/RandTrix_Nr25_Nc25_Nest0.5_Conn0.1744.txt matrices/Nr25_Nc25/syntrophy/optimized_alpha=0.005_gamma=0.5/Metamatrices 0.1744 0.5 0.174479408 0.22911241459649 random_structure 0.0026 100000 0.17804 0.17804 0 0 -4.09456629290617e-05
matrices/Nr25_Nc25/consumption/RandTrix_Nr25_Nc25_Nest0.55_Conn0.184.txt matrices/Nr25_Nc25/syntrophy/optimized_alpha=0.005_gamma=0.5/Metamatrices 0.184 0.55019556714472 0.503517248 0.566467214844569 optimized_matrix 0.0091 100000 0.02917 0.02917 0 0 -3.18194416993313e-05
matrices/Nr25_Nc25/consumption/RandTrix_Nr25_Nc25_Nest0.55_Conn0.2304.txt matrices/Nr25_Nc25/syntrophy/optimized_alpha=0.005_gamma=0.5/Metamatrices 0.2304 0.55 0.503091104 0.565258420492982 optimized_matrix 0.0091 100000 0.02651 0.02651 0 0 -1.07766559991697e-05
matrices/Nr25_Nc25/consumption/RandTrix_Nr25_Nc25_Nest0.5_Conn0.2496.txt matrices/Nr25_Nc25/syntrophy/optimized_alpha=0.005_gamma=0.5/Metamatrices 0.2496 0.5 0.249553728 0.308493730090267 random_structure 0.0026 100000 0.18179 0.18179 0 0 -1.40716996383483e-05
matrices/Nr25_Nc25/consumption/RandTrix_Nr25_Nc25_Nest0.2_Conn0.168.txt matrices/Nr25_Nc25/syntrophy/optimized_alpha=0.005_gamma=0.5/Metamatrices 0.168 0.202270381836945 0.167912752 0.22211544267562 random_structure 0.0039 100000 0.2865 0.28627 0.00023 0 -1.40156289413541e-05
matrices/Nr25_Nc25/consumption/RandTrix_Nr25_Nc25_Nest0.55_Conn0.3024.txt matrices/Nr25_Nc25/syntrophy/optimized_alpha=0.005_gamma=0.5/Metamatrices 0.3024 0.550095724313976 0.503229216 0.565672099390899 optimized_matrix 0.0091 100000 0.04086 0.03947 0.00139 0 -6.65659304398132e-06
matrices/Nr25_Nc25/consumption/RandTrix_Nr25_Nc25_Nest0.5_Conn0.2928.txt matrices/Nr25_Nc25/syntrophy/optimized_alpha=0.005_gamma=0.5/Metamatrices 0.2928 0.5 0.292762368 0.353447631243011 random_structure 0.0026 100000 0.19565 0.19418 0.00147 0 -8.49218874951534e-06
matrices/Nr25_Nc25/consumption/RandTrix_Nr25_Nc25_Nest0.55_Conn0.3344.txt matrices/Nr25_Nc25/syntrophy/optimized_alpha=0.005_gamma=0.5/Metamatrices 0.3344 0.547425474254743 0.500012784 0.562561422105708 optimized_matrix 0.0091 100000 0.0755 0.07465 0.00085 0 -1.84498714356808e-05
matrices/Nr25_Nc25/consumption/RandTrix_Nr25_Nc25_Nest0.35_Conn0.08.txt matrices/Nr25_Nc25/syntrophy/optimized_alpha=0.005_gamma=0.5/Metamatrices 0.08 0.35 0.079996976 0.125904242912168 random_structure 0.0039 100000 0.14962 0.14962 0 0 -0.000129510660894025
matrices/Nr25_Nc25/consumption/RandTrix_Nr25_Nc25_Nest0.55_Conn0.3824.txt matrices/Nr25_Nc25/syntrophy/optimized_alpha=0.005_gamma=0.5/Metamatrices 0.3824 0.547794117647059 0.499039568 0.561571315178137 optimized_matrix 0.0091 100000 0.08032 0.07061 0.00971 0 -3.18627303804758e-06
matrices/Nr25_Nc25/consumption/RandTrix_Nr25_Nc25_Nest0.35_Conn0.1328.txt matrices/Nr25_Nc25/syntrophy/optimized_alpha=0.005_gamma=0.5/Metamatrices 0.1328 0.35 0.132751504 0.184081525089024 random_structure 0.0039 100000 0.13347 0.13346 1e-05 0 -1.2526115384379e-05
matrices/Nr25_Nc25/consumption/RandTrix_Nr25_Nc25_Nest0.5_Conn0.32.txt matrices/Nr25_Nc25/syntrophy/optimized_alpha=0.005_gamma=0.5/Metamatrices 0.32 0.498845265588915 0.3199636 0.38146682623653 random_structure 0.0026 100000 0.20004 0.18899 0.01105 0 -5.17170097789825e-06
matrices/Nr25_Nc25/consumption/RandTrix_Nr25_Nc25_Nest0.55_Conn0.4176.txt matrices/Nr25_Nc25/syntrophy/optimized_alpha=0.005_gamma=0.5/Metamatrices 0.4176 0.546571541815299 0.497876448 0.560086229776802 optimized_matrix 0.0091 100000 0.13352 0.11163 0.02189 0 -4.89456068553239e-06
matrices/Nr25_Nc25/consumption/RandTrix_Nr25_Nc25_Nest0.35_Conn0.1712.txt matrices/Nr25_Nc25/syntrophy/optimized_alpha=0.005_gamma=0.5/Metamatrices 0.1712 0.35 0.171143824 0.225487657296449 random_structure 0.0039 100000 0.1434 0.1422 0.0012 0 -1.76537555810881e-06
matrices/Nr25_Nc25/consumption/RandTrix_Nr25_Nc25_Nest0.5_Conn0.0912.txt matrices/Nr25_Nc25/syntrophy/optimized_alpha=0.005_gamma=0.5/Metamatrices 0.0912 0.50278293135436 0.418946272 0.678039387814745 optimized_matrix 0.0091 100000 0.01075 0.01075 0 0 -0.000258358646521334
matrices/Nr25_Nc25/consumption/RandTrix_Nr25_Nc25_Nest0.5_Conn0.3824.txt matrices/Nr25_Nc25/syntrophy/optimized_alpha=0.005_gamma=0.5/Metamatrices 0.3824 0.496305953933073 0.382460896 0.445149486906876 random_structure 0.0026 100000 0.19838 0.18861 0.00977 0 -6.0728976863518e-06
matrices/Nr25_Nc25/consumption/RandTrix_Nr25_Nc25_Nest0.5_Conn0.1248.txt matrices/Nr25_Nc25/syntrophy/optimized_alpha=0.005_gamma=0.5/Metamatrices 0.1248 0.5 0.50265856 0.565084952528763 optimized_matrix 0.0091 100000 0.02605 0.02605 0 0 -0.000146123283885052
matrices/Nr25_Nc25/consumption/RandTrix_Nr25_Nc25_Nest0.5_Conn0.1744.txt matrices/Nr25_Nc25/syntrophy/optimized_alpha=0.005_gamma=0.5/Metamatrices 0.1744 0.5 0.500272816 0.56308568135412 optimized_matrix 0.0091 100000 0.03534 0.03534 0 0 -9.42915205787034e-05
matrices/Nr25_Nc25/consumption/RandTrix_Nr25_Nc25_Nest0.35_Conn0.2208.txt matrices/Nr25_Nc25/syntrophy/optimized_alpha=0.005_gamma=0.5/Metamatrices 0.2208 0.347043701799486 0.220786352 0.278331875332429 random_structure 0.0039 100000 0.22433 0.20075 0.02358 0 -1.93162709658922e-06
matrices/Nr25_Nc25/consumption/RandTrix_Nr25_Nc25_Nest0.5_Conn0.416.txt matrices/Nr25_Nc25/syntrophy/optimized_alpha=0.005_gamma=0.5/Metamatrices 0.416 0.504988488104375 0.415984672 0.478900269459747 random_structure 0.0026 100000 0.19915 0.18762 0.01153 0 -6.27114631440963e-06
matrices/Nr25_Nc25/consumption/RandTrix_Nr25_Nc25_Nest0.5_Conn0.2496.txt matrices/Nr25_Nc25/syntrophy/optimized_alpha=0.005_gamma=0.5/Metamatrices 0.2496 0.5 0.501362496 0.563730805037855 optimized_matrix 0.0091 100000 0.0446 0.0446 0 0 -2.98346891217519e-05
matrices/Nr25_Nc25/consumption/RandTrix_Nr25_Nc25_Nest0.6_Conn0.12.txt matrices/Nr25_Nc25/syntrophy/optimized_alpha=0.005_gamma=0.5/Metamatrices 0.12 0.6 0.12003544 0.1701756941023 random_structure 0.0026 100000 0.12629 0.12629 0 0 -6.51050835781976e-05
matrices/Nr25_Nc25/consumption/RandTrix_Nr25_Nc25_Nest0.5_Conn0.2928.txt matrices/Nr25_Nc25/syntrophy/optimized_alpha=0.005_gamma=0.5/Metamatrices 0.2928 0.5 0.498913408 0.561445044870755 optimized_matrix 0.0091 100000 0.08672 0.08625 0.00047 0 -1.60387524069829e-05
matrices/Nr25_Nc25/consumption/RandTrix_Nr25_Nc25_Nest0.35_Conn0.272.txt matrices/Nr25_Nc25/syntrophy/optimized_alpha=0.005_gamma=0.5/Metamatrices 0.272 0.346769413159455 0.272006016 0.331959923704815 random_structure 0.0039 100000 0.24782 0.24741 0.00041 0 -3.83076809555542e-05
matrices/Nr25_Nc25/consumption/RandTrix_Nr25_Nc25_Nest0.6_Conn0.16.txt matrices/Nr25_Nc25/syntrophy/optimized_alpha=0.005_gamma=0.5/Metamatrices 0.16 0.6 0.159982864 0.213546288556755 random_structure 0.0026 100000 0.1188 0.1188 0 0 -9.92633022020786e-06
matrices/Nr25_Nc25/consumption/RandTrix_Nr25_Nc25_Nest0.5_Conn0.32.txt matrices/Nr25_Nc25/syntrophy/optimized_alpha=0.005_gamma=0.5/Metamatrices 0.32 0.498845265588915 0.497300064 0.559801131172187 optimized_matrix 0.0091 100000 0.10676 0.0991 0.00766 0 -8.24932583867042e-06
matrices/Nr25_Nc25/consumption/RandTrix_Nr25_Nc25_Nest0.6_Conn0.2048.txt matrices/Nr25_Nc25/syntrophy/optimized_alpha=0.005_gamma=0.5/Metamatrices 0.2048 0.6 0.204767888 0.261424653892635 random_structure 0.0026 100000 0.11465 0.11461 4e-05 0 -5.41496015435162e-06
matrices/Nr25_Nc25/consumption/RandTrix_Nr25_Nc25_Nest0.35_Conn0.3216.txt matrices/Nr25_Nc25/syntrophy/optimized_alpha=0.005_gamma=0.5/Metamatrices 0.3216 0.354089219330855 0.32158664 0.383217870166608 random_structure 0.0039 100000 0.25196 0.23945 0.01251 0 -1.16409114607484e-05
matrices/Nr25_Nc25/consumption/RandTrix_Nr25_Nc25_Nest0.6_Conn0.3168.txt matrices/Nr25_Nc25/syntrophy/optimized_alpha=0.005_gamma=0.5/Metamatrices 0.3168 0.599869024230517 0.31681936 0.378209808956087 random_structure 0.0026 100000 0.13352 0.13343 9e-05 0 -7.03193380601866e-06
matrices/Nr25_Nc25/consumption/RandTrix_Nr25_Nc25_Nest0.5_Conn0.3824.txt matrices/Nr25_Nc25/syntrophy/optimized_alpha=0.005_gamma=0.5/Metamatrices 0.3824 0.496305953933073 0.49495056 0.557501210027864 optimized_matrix 0.0091 100000 0.12786 0.1191 0.00876 0 -9.32953740847127e-06
matrices/Nr25_Nc25/consumption/RandTrix_Nr25_Nc25_Nest0.6_Conn0.3712.txt matrices/Nr25_Nc25/syntrophy/optimized_alpha=0.005_gamma=0.5/Metamatrices 0.3712 0.595085995085995 0.371269456 0.433842320627098 random_structure 0.0026 100000 0.15762 0.14646 0.01116 0 -3.07439719474346e-06
matrices/Nr25_Nc25/consumption/RandTrix_Nr25_Nc25_Nest0.3_Conn0.0816.txt matrices/Nr25_Nc25/syntrophy/optimized_alpha=0.005_gamma=0.5/Metamatrices 0.0816 0.297435897435897 0.081578816 0.127690488446893 random_structure 0.0039 100000 0.19778 0.19778 0 0 -0.000203276098150238
matrices/Nr25_Nc25/consumption/RandTrix_Nr25_Nc25_Nest0.5_Conn0.416.txt matrices/Nr25_Nc25/syntrophy/optimized_alpha=0.005_gamma=0.5/Metamatrices 0.416 0.504988488104375 0.504755248 0.567321137320389 optimized_matrix 0.0091 100000 0.11514 0.10525 0.00989 0 -9.81081638661444e-06
matrices/Nr25_Nc25/consumption/RandTrix_Nr25_Nc25_Nest0.6_Conn0.12.txt matrices/Nr25_Nc25/syntrophy/optimized_alpha=0.005_gamma=0.5/Metamatrices 0.12 0.6 0.529462608 0.631296148843929 optimized_matrix 0.0091 100000 0.0218 0.0218 0 0 -0.000173390860914471
matrices/Nr25_Nc25/consumption/RandTrix_Nr25_Nc25_Nest0.6_Conn0.16.txt matrices/Nr25_Nc25/syntrophy/optimized_alpha=0.005_gamma=0.5/Metamatrices 0.16 0.6 0.501244208 0.563787597994317 optimized_matrix 0.0091 100000 0.02705 0.02705 0 0 -2.33249937347008e-05
matrices/Nr25_Nc25/consumption/RandTrix_Nr25_Nc25_Nest0.6_Conn0.44.txt matrices/Nr25_Nc25/syntrophy/optimized_alpha=0.005_gamma=0.5/Metamatrices 0.44 0.6 0.440133472 0.503174629271138 random_structure 0.0026 100000 0.16579 0.16155 0.00424 0 -1.10144316299497e-05
matrices/Nr25_Nc25/consumption/RandTrix_Nr25_Nc25_Nest0.3_Conn0.128.txt matrices/Nr25_Nc25/syntrophy/optimized_alpha=0.005_gamma=0.5/Metamatrices 0.128 0.3 0.12796384 0.178782387295096 random_structure 0.0039 100000 0.16522 0.16522 0 0 -1.95484633460667e-05
# File last opened on Wed Apr  3 23:40:30 2024
# We are writing, in that order, G-matrix location, A-matrix location, G connectance, G nestedness, A connectance, A nestedness, A-mode, alpha0 value, total number of simulations, proportion of feasible, stable, unstable, marginal and dominant eigenvalue
matrices/Nr25_Nc25/consumption/RandTrix_Nr25_Nc25_Nest0.6_Conn0.2048.txt matrices/Nr25_Nc25/syntrophy/optimized_alpha=0.005_gamma=0.5/Metamatrices 0.2048 0.6 0.503371424 0.566238458800141 optimized_matrix 0.0091 100000 0.02578 0.02578 0 0 -1.22037916111653e-05
matrices/Nr25_Nc25/consumption/RandTrix_Nr25_Nc25_Nest0.15_Conn0.08.txt matrices/Nr25_Nc25/syntrophy/optimized_alpha=0.005_gamma=0.5/Metamatrices 0.0816 0.15 0.200596624 0.479473368067334 optimized_matrix 0.0065 100000 0.10666 0.10666 0 0 -0.000100108156694916
matrices/Nr25_Nc25/consumption/RandTrix_Nr25_Nc25_Nest0.6_Conn0.3168.txt matrices/Nr25_Nc25/syntrophy/optimized_alpha=0.005_gamma=0.5/Metamatrices 0.3168 0.599869024230517 0.500857664 0.563969828604277 optimized_matrix 0.0091 100000 0.03937 0.03936 1e-05 0 -1.35664568516062e-05
matrices/Nr25_Nc25/consumption/RandTrix_Nr25_Nc25_Nest0.3_Conn0.1776.txt matrices/Nr25_Nc25/syntrophy/optimized_alpha=0.005_gamma=0.5/Metamatrices 0.1776 0.3 0.177644912 0.232486576088497 random_structure 0.0039 100000 0.25292 0.25292 0 0 -4.27317636182925e-05
matrices/Nr25_Nc25/consumption/RandTrix_Nr25_Nc25_Nest0.6_Conn0.3712.txt matrices/Nr25_Nc25/syntrophy/optimized_alpha=0.005_gamma=0.5/Metamatrices 0.3712 0.595085995085995 0.502839824 0.565265158044994 optimized_matrix 0.0091 100000 0.07731 0.07069 0.00662 0 -5.35185779613431e-06
matrices/Nr25_Nc25/consumption/RandTrix_Nr25_Nc25_Nest0.15_Conn0.12.txt matrices/Nr25_Nc25/syntrophy/optimized_alpha=0.005_gamma=0.5/Metamatrices 0.12 0.151419558359621 0.367452176 0.502377319154476 optimized_matrix 0.0065 100000 0.19084 0.19083 1e-05 0 -2.4181422029967e-05
matrices/Nr25_Nc25/consumption/RandTrix_Nr25_Nc25_Nest0.6_Conn0.44.txt matrices/Nr25_Nc25/syntrophy/optimized_alpha=0.005_gamma=0.5/Metamatrices 0.44 0.6 0.500261616 0.562683873203563 optimized_matrix 0.0091 100000 0.10244 0.09829 0.00415 0 -1.66291022483922e-05
# File last opened on Wed Apr  3 23:45:26 2024
# We are writing, in that order, G-matrix location, A-matrix location, G connectance, G nestedness, A connectance, A nestedness, A-mode, alpha0 value, total number of simulations, proportion of feasible, stable, unstable, marginal and dominant eigenvalue
matrices/Nr25_Nc25/consumption/RandTrix_Nr25_Nc25_Nest0.3_Conn0.2272.txt matrices/Nr25_Nc25/syntrophy/optimized_alpha=0.005_gamma=0.5/Metamatrices 0.2272 0.297439759036145 0.227270352 0.285125069449428 random_structure 0.0039 100000 0.27076 0.27046 0.0003 0 -3.75005448803516e-05
matrices/Nr25_Nc25/consumption/RandTrix_Nr25_Nc25_Nest0.15_Conn0.08.txt matrices/Nr25_Nc25/syntrophy/optimized_alpha=0.005_gamma=0.5/Metamatrices 0.0816 0.15 0.08154344 0.12759537929065 random_structure 0.0104 100000 0.178 0.178 0 0 -7.19710051648383e-05
matrices/Nr25_Nc25/consumption/RandTrix_Nr25_Nc25_Nest0.15_Conn0.1808.txt matrices/Nr25_Nc25/syntrophy/optimized_alpha=0.005_gamma=0.5/Metamatrices 0.1808 0.158059467918623 0.498304336 0.560898611504969 optimized_matrix 0.0065 100000 0.3772 0.37698 0.00022 0 -8.64383472767983e-05
matrices/Nr25_Nc25/consumption/RandTrix_Nr25_Nc25_Nest0.3_Conn0.2816.txt matrices/Nr25_Nc25/syntrophy/optimized_alpha=0.005_gamma=0.5/Metamatrices 0.2816 0.302762430939227 0.281599216 0.341924575730716 random_structure 0.0039 100000 0.2956 0.28571 0.00989 0 -1.44715966762758e-05
matrices/Nr25_Nc25/consumption/RandTrix_Nr25_Nc25_Nest0.15_Conn0.12.txt matrices/Nr25_Nc25/syntrophy/optimized_alpha=0.005_gamma=0.5/Metamatrices 0.12 0.151419558359621 0.1200596 0.170176625039745 random_structure 0.0104 100000 0.26564 0.2649 0.00074 0 -1.93953487134832e-05
matrices/Nr25_Nc25/consumption/RandTrix_Nr25_Nc25_Nest0.45_Conn0.0816.txt matrices/Nr25_Nc25/syntrophy/optimized_alpha=0.005_gamma=0.5/Metamatrices 0.0816 0.452 0.081576784 0.127621490825271 random_structure 0.0039 100000 0.1295 0.1295 0 0 -9.38098141832933e-05
matrices/Nr25_Nc25/consumption/RandTrix_Nr25_Nc25_Nest0.1_Conn0.0816.txt matrices/Nr25_Nc25/syntrophy/optimized_alpha=0.005_gamma=0.5/Metamatrices 0.0816 0.1 0.138218576 0.291928496041915 optimized_matrix 0.0065 100000 0.24 0.24 0 0 -0.000314131304960446
matrices/Nr25_Nc25/consumption/RandTrix_Nr25_Nc25_Nest0.45_Conn0.1232.txt matrices/Nr25_Nc25/syntrophy/optimized_alpha=0.005_gamma=0.5/Metamatrices 0.1232 0.45 0.12315704 0.173517349826708 random_structure 0.0039 100000 0.1232 0.1232 0 0 -3.37555616244366e-05
matrices/Nr25_Nc25/consumption/RandTrix_Nr25_Nc25_Nest0.15_Conn0.1808.txt matrices/Nr25_Nc25/syntrophy/optimized_alpha=0.005_gamma=0.5/Metamatrices 0.1808 0.158059467918623 0.180786336 0.235835684910872 random_structure 0.0104 100000 0.39704 0.39545 0.00159 0 -8.22231193540565e-05
matrices/Nr25_Nc25/consumption/RandTrix_Nr25_Nc25_Nest0.45_Conn0.1856.txt matrices/Nr25_Nc25/syntrophy/optimized_alpha=0.005_gamma=0.5/Metamatrices 0.1856 0.449874686716792 0.185651904 0.241018467824665 random_structure 0.0039 100000 0.16381 0.16381 0 0 -2.62265517110594e-05
matrices/Nr25_Nc25/consumption/RandTrix_Nr25_Nc25_Nest0.45_Conn0.216.txt matrices/Nr25_Nc25/syntrophy/optimized_alpha=0.005_gamma=0.5/Metamatrices 0.216 0.45 0.215925744 0.273228251723648 random_structure 0.0039 100000 0.12213 0.12201 0.00012 0 -6.66275484750443e-06
matrices/Nr25_Nc25/consumption/RandTrix_Nr25_Nc25_Nest0.1_Conn0.0816.txt matrices/Nr25_Nc25/syntrophy/optimized_alpha=0.005_gamma=0.5/Metamatrices 0.0816 0.1 0.0816504 0.127706230677181 random_structure 0.0104 100000 0.28501 0.28501 0 0 -0.000273714451309676
matrices/Nr25_Nc25/consumption/RandTrix_Nr25_Nc25_Nest0.1_Conn0.1296.txt matrices/Nr25_Nc25/syntrophy/optimized_alpha=0.005_gamma=0.5/Metamatrices 0.1296 0.10479375696767 0.28123296 0.329929482337338 optimized_matrix 0.0065 100000 0.4635 0.43507 0.02843 0 -1.52421957146323e-05
matrices/Nr25_Nc25/consumption/RandTrix_Nr25_Nc25_Nest0.45_Conn0.2672.txt matrices/Nr25_Nc25/syntrophy/optimized_alpha=0.005_gamma=0.5/Metamatrices 0.2672 0.446518305814788 0.26723264 0.327031051778052 random_structure 0.0039 100000 0.16539 0.15777 0.00762 0 -5.20987569922464e-06
matrices/Nr25_Nc25/consumption/RandTrix_Nr25_Nc25_Nest0.25_Conn0.0832.txt matrices/Nr25_Nc25/syntrophy/optimized_alpha=0.005_gamma=0.5/Metamatrices 0.0832 0.25 0.322301312 0.578597739891471 optimized_matrix 0.0065 100000 0.09235 0.09235 0 0 -0.000718861282610843
matrices/Nr25_Nc25/consumption/RandTrix_Nr25_Nc25_Nest0.45_Conn0.3168.txt matrices/Nr25_Nc25/syntrophy/optimized_alpha=0.005_gamma=0.5/Metamatrices 0.3168 0.445459430413756 0.316826432 0.378293594942214 random_structure 0.0039 100000 0.19614 0.18677 0.00937 0 -7.44923325307861e-06
matrices/Nr25_Nc25/consumption/RandTrix_Nr25_Nc25_Nest0.25_Conn0.1392.txt matrices/Nr25_Nc25/syntrophy/optimized_alpha=0.005_gamma=0.5/Metamatrices 0.1392 0.25 0.495091616 0.558237780261642 optimized_matrix 0.0065 100000 0.08649 0.08649 0 0 -7.65211356061224e-05
matrices/Nr25_Nc25/consumption/RandTrix_Nr25_Nc25_Nest0.1_Conn0.1296.txt matrices/Nr25_Nc25/syntrophy/optimized_alpha=0.005_gamma=0.5/Metamatrices 0.1296 0.10479375696767 0.129591072 0.180493497009967 random_structure 0.0104 100000 0.466 0.42016 0.04584 0 -1.54241792778659e-05
matrices/Nr25_Nc25/consumption/RandTrix_Nr25_Nc25_Nest0.45_Conn0.384.txt matrices/Nr25_Nc25/syntrophy/optimized_alpha=0.005_gamma=0.5/Metamatrices 0.384 0.452352708580467 0.38407128 0.44681058644526 random_structure 0.0039 100000 0.20443 0.20223 0.0022 0 -2.45522223161274e-05
matrices/Nr25_Nc25/consumption/RandTrix_Nr25_Nc25_Nest0.25_Conn0.184.txt matrices/Nr25_Nc25/syntrophy/optimized_alpha=0.005_gamma=0.5/Metamatrices 0.184 0.245901639344262 0.497657056 0.560293097275365 optimized_matrix 0.0065 100000 0.11758 0.10819 0.00939 0 -6.40175825772235e-06
matrices/Nr25_Nc25/consumption/RandTrix_Nr25_Nc25_Nest0.25_Conn0.0832.txt matrices/Nr25_Nc25/syntrophy/optimized_alpha=0.005_gamma=0.5/Metamatrices 0.0832 0.25 0.083113376 0.129358581384574 random_structure 0.0104 100000 0.15977 0.15977 0 0 -0.000512374662986804
matrices/Nr25_Nc25/consumption/RandTrix_Nr25_Nc25_Nest0.45_Conn0.424.txt matrices/Nr25_Nc25/syntrophy/optimized_alpha=0.005_gamma=0.5/Metamatrices 0.424 0.454737583656217 0.423948672 0.486930577884256 random_structure 0.0039 100000 0.22758 0.22483 0.00275 0 -2.6880464664226e-05
matrices/Nr25_Nc25/consumption/RandTrix_Nr25_Nc25_Nest0.25_Conn0.2336.txt matrices/Nr25_Nc25/syntrophy/optimized_alpha=0.005_gamma=0.5/Metamatrices 0.2336 0.252631578947368 0.504302112 0.566586879574538 optimized_matrix 0.0065 100000 0.24076 0.24075 1e-05 0 -8.34998453987789e-05
matrices/Nr25_Nc25/consumption/RandTrix_Nr25_Nc25_Nest0.25_Conn0.1392.txt matrices/Nr25_Nc25/syntrophy/optimized_alpha=0.005_gamma=0.5/Metamatrices 0.1392 0.25 0.13922688 0.19102487756611 random_structure 0.0104 100000 0.14072 0.14072 0 0 -6.02101157931065e-05
matrices/Nr25_Nc25/consumption/RandTrix_Nr25_Nc25_Nest0.4_Conn0.0784.txt matrices/Nr25_Nc25/syntrophy/optimized_alpha=0.005_gamma=0.5/Metamatrices 0.0784 0.4 0.078354096 0.124042620653117 random_structure 0.0039 100000 0.13951 0.13951 0 0 -0.000119773378250036
matrices/Nr25_Nc25/consumption/RandTrix_Nr25_Nc25_Nest0.25_Conn0.184.txt matrices/Nr25_Nc25/syntrophy/optimized_alpha=0.005_gamma=0.5/Metamatrices 0.184 0.245901639344262 0.183953904 0.239255313202819 random_structure 0.0104 100000 0.17342 0.15228 0.02114 0 -5.274654377212e-06
matrices/Nr25_Nc25/consumption/RandTrix_Nr25_Nc25_Nest0.2_Conn0.0896.txt matrices/Nr25_Nc25/syntrophy/optimized_alpha=0.005_gamma=0.5/Metamatrices 0.0896 0.2 0.203452512 0.450963617779204 optimized_matrix 0.0065 100000 0.15664 0.15664 0 0 -5.17331801542279e-05
matrices/Nr25_Nc25/consumption/RandTrix_Nr25_Nc25_Nest0.4_Conn0.1232.txt matrices/Nr25_Nc25/syntrophy/optimized_alpha=0.005_gamma=0.5/Metamatrices 0.1232 0.399558498896247 0.12320344 0.173573905125253 random_structure 0.0039 100000 0.19276 0.19276 0 0 -0.000134621442644333
matrices/Nr25_Nc25/consumption/RandTrix_Nr25_Nc25_Nest0.2_Conn0.1328.txt matrices/Nr25_Nc25/syntrophy/optimized_alpha=0.005_gamma=0.5/Metamatrices 0.1328 0.2 0.469595888 0.552937595455866 optimized_matrix 0.0065 100000 0.12113 0.1207 0.00043 0 -8.03331994223059e-06
matrices/Nr25_Nc25/consumption/RandTrix_Nr25_Nc25_Nest0.25_Conn0.2336.txt matrices/Nr25_Nc25/syntrophy/optimized_alpha=0.005_gamma=0.5/Metamatrices 0.2336 0.252631578947368 0.233576848 0.291840549287964 random_structure 0.0104 100000 0.25647 0.25602 0.00045 0 -7.68184568577034e-05
matrices/Nr25_Nc25/consumption/RandTrix_Nr25_Nc25_Nest0.4_Conn0.2032.txt matrices/Nr25_Nc25/syntrophy/optimized_alpha=0.005_gamma=0.5/Metamatrices 0.2032 0.4 0.203216288 0.259765429244098 random_structure 0.0039 100000 0.1692 0.16894 0.00026 0 -1.17301714303783e-05
matrices/Nr25_Nc25/consumption/RandTrix_Nr25_Nc25_Nest0.2_Conn0.168.txt matrices/Nr25_Nc25/syntrophy/optimized_alpha=0.005_gamma=0.5/Metamatrices 0.168 0.202270381836945 0.501259312 0.56371747763855 optimized_matrix 0.0065 100000 0.11457 0.11456 1e-05 0 -2.45060771451034e-05
matrices/Nr25_Nc25/consumption/RandTrix_Nr25_Nc25_Nest0.35_Conn0.08.txt matrices/Nr25_Nc25/syntrophy/optimized_alpha=0.005_gamma=0.5/Metamatrices 0.08 0.35 0.288467216 0.582240537065094 optimized_matrix 0.0065 100000 0.03533 0.03533 0 0 -0.000311096811368054
matrices/Nr25_Nc25/consumption/RandTrix_Nr25_Nc25_Nest0.2_Conn0.0896.txt matrices/Nr25_Nc25/syntrophy/optimized_alpha=0.005_gamma=0.5/Metamatrices 0.0896 0.2 0.089666384 0.136644480958498 random_structure 0.0104 100000 0.13875 0.13875 0 0 -5.1795833327005e-05
matrices/Nr25_Nc25/consumption/RandTrix_Nr25_Nc25_Nest0.4_Conn0.2288.txt matrices/Nr25_Nc25/syntrophy/optimized_alpha=0.005_gamma=0.5/Metamatrices 0.2288 0.4 0.228796896 0.286708766833243 random_structure 0.0039 100000 0.15522 0.14303 0.01219 0 -1.78614384307092e-06
matrices/Nr25_Nc25/consumption/RandTrix_Nr25_Nc25_Nest0.35_Conn0.1328.txt matrices/Nr25_Nc25/syntrophy/optimized_alpha=0.005_gamma=0.5/Metamatrices 0.1328 0.35 0.501616608 0.56437859817906 optimized_matrix 0.0065 100000 0.04523 0.04523 0 0 -2.43732536390012e-05
matrices/Nr25_Nc25/consumption/RandTrix_Nr25_Nc25_Nest0.4_Conn0.272.txt matrices/Nr25_Nc25/syntrophy/optimized_alpha=0.005_gamma=0.5/Metamatrices 0.272 0.397260273972603 0.27201152 0.33196892525202 random_structure 0.0039 100000 0.16918 0.16876 0.00042 0 -1.57477259834729e-05
matrices/Nr25_Nc25/consumption/RandTrix_Nr25_Nc25_Nest0.2_Conn0.1328.txt matrices/Nr25_Nc25/syntrophy/optimized_alpha=0.005_gamma=0.5/Metamatrices 0.1328 0.2 0.132755312 0.183949064170993 random_structure 0.0104 100000 0.2047 0.19976 0.00494 0 -6.32497967003206e-06
matrices/Nr25_Nc25/consumption/RandTrix_Nr25_Nc25_Nest0.35_Conn0.1712.txt matrices/Nr25_Nc25/syntrophy/optimized_alpha=0.005_gamma=0.5/Metamatrices 0.1712 0.35 0.500647344 0.563419028700934 optimized_matrix 0.0065 100000 0.05473 0.05473 0 0 -3.43826404908638e-06
matrices/Nr25_Nc25/consumption/RandTrix_Nr25_Nc25_Nest0.2_Conn0.168.txt matrices/Nr25_Nc25/syntrophy/optimized_alpha=0.005_gamma=0.5/Metamatrices 0.168 0.202270381836945 0.167912752 0.22211544267562 random_structure 0.0104 100000 0.17634 0.17602 0.00032 0 -1.94981096761245e-05
matrices/Nr25_Nc25/consumption/RandTrix_Nr25_Nc25_Nest0.35_Conn0.2208.txt matrices/Nr25_Nc25/syntrophy/optimized_alpha=0.005_gamma=0.5/Metamatrices 0.2208 0.347043701799486 0.503702352 0.566092980942237 optimized_matrix 0.0065 100000 0.12994 0.11679 0.01315 0 -2.95568448021033e-06
matrices/Nr25_Nc25/consumption/RandTrix_Nr25_Nc25_Nest0.4_Conn0.3312.txt matrices/Nr25_Nc25/syntrophy/optimized_alpha=0.005_gamma=0.5/Metamatrices 0.3312 0.396235521235521 0.331298784 0.39317321309248 random_structure 0.0039 100000 0.20955 0.19689 0.01266 0 -7.97551913876166e-06
matrices/Nr25_Nc25/consumption/RandTrix_Nr25_Nc25_Nest0.35_Conn0.08.txt matrices/Nr25_Nc25/syntrophy/optimized_alpha=0.005_gamma=0.5/Metamatrices 0.08 0.35 0.079996976 0.125904242912168 random_structure 0.0104 100000 0.09483 0.09483 0 0 -0.000180986631796969
matrices/Nr25_Nc25/consumption/RandTrix_Nr25_Nc25_Nest0.35_Conn0.1328.txt matrices/Nr25_Nc25/syntrophy/optimized_alpha=0.005_gamma=0.5/Metamatrices 0.1328 0.35 0.132751504 0.184081525089024 random_structure 0.0104 100000 0.07849 0.07848 1e-05 0 -1.79804518620505e-05
matrices/Nr25_Nc25/consumption/RandTrix_Nr25_Nc25_Nest0.35_Conn0.272.txt matrices/Nr25_Nc25/syntrophy/optimized_alpha=0.005_gamma=0.5/Metamatrices 0.272 0.346769413159455 0.498463872 0.560870723792059 optimized_matrix 0.0065 100000 0.19669 0.19643 0.00026 0 -4.71910026983263e-05
matrices/Nr25_Nc25/consumption/RandTrix_Nr25_Nc25_Nest0.4_Conn0.3712.txt matrices/Nr25_Nc25/syntrophy/optimized_alpha=0.005_gamma=0.5/Metamatrices 0.3712 0.40494527766518 0.371228144 0.433798378059447 random_structure 0.0039 100000 0.2381 0.2368 0.0013 0 -3.74248240178694e-05
matrices/Nr25_Nc25/consumption/RandTrix_Nr25_Nc25_Nest0.35_Conn0.1712.txt matrices/Nr25_Nc25/syntrophy/optimized_alpha=0.005_gamma=0.5/Metamatrices 0.1712 0.35 0.171143824 0.225487657296449 random_structure 0.0104 100000 0.08501 0.08384 0.00117 0 -2.63943412383682e-06
matrices/Nr25_Nc25/consumption/RandTrix_Nr25_Nc25_Nest0.55_Conn0.0992.txt matrices/Nr25_Nc25/syntrophy/optimized_alpha=0.005_gamma=0.5/Metamatrices 0.0992 0.548109965635739 0.099190576 0.147182009600499 random_structure 0.0039 100000 0.11721 0.11721 0 0 -8.64335368539927e-05
matrices/Nr25_Nc25/consumption/RandTrix_Nr25_Nc25_Nest0.35_Conn0.2208.txt matrices/Nr25_Nc25/syntrophy/optimized_alpha=0.005_gamma=0.5/Metamatrices 0.2208 0.347043701799486 0.220786352 0.278331875332429 random_structure 0.0104 100000 0.14767 0.12551 0.02216 0 -2.83039971395192e-06
matrices/Nr25_Nc25/consumption/RandTrix_Nr25_Nc25_Nest0.35_Conn0.3216.txt matrices/Nr25_Nc25/syntrophy/optimized_alpha=0.005_gamma=0.5/Metamatrices 0.3216 0.354089219330855 0.498219312 0.560944453661425 optimized_matrix 0.0065 100000 0.21223 0.19927 0.01296 0 -1.36849178796238e-05
matrices/Nr25_Nc25/consumption/RandTrix_Nr25_Nc25_Nest0.55_Conn0.1248.txt matrices/Nr25_Nc25/syntrophy/optimized_alpha=0.005_gamma=0.5/Metamatrices 0.1248 0.55 0.124778176 0.175266382420412 random_structure 0.0039 100000 0.11035 0.11035 0 0 -4.18637654587019e-05
matrices/Nr25_Nc25/consumption/RandTrix_Nr25_Nc25_Nest0.3_Conn0.0816.txt matrices/Nr25_Nc25/syntrophy/optimized_alpha=0.005_gamma=0.5/Metamatrices 0.0816 0.297435897435897 0.256733552 0.581259499621654 optimized_matrix 0.0065 100000 0.07373 0.07373 0 0 -0.000380869355416563
matrices/Nr25_Nc25/consumption/RandTrix_Nr25_Nc25_Nest0.55_Conn0.184.txt matrices/Nr25_Nc25/syntrophy/optimized_alpha=0.005_gamma=0.5/Metamatrices 0.184 0.55019556714472 0.184002832 0.239366730130113 random_structure 0.0039 100000 0.12331 0.12331 0 0 -1.51073446575336e-05
matrices/Nr25_Nc25/consumption/RandTrix_Nr25_Nc25_Nest0.35_Conn0.272.txt matrices/Nr25_Nc25/syntrophy/optimized_alpha=0.005_gamma=0.5/Metamatrices 0.272 0.346769413159455 0.272006016 0.331959923704815 random_structure 0.0104 100000 0.19323 0.19255 0.00068 0 -4.79466905368287e-05
matrices/Nr25_Nc25/consumption/RandTrix_Nr25_Nc25_Nest0.3_Conn0.128.txt matrices/Nr25_Nc25/syntrophy/optimized_alpha=0.005_gamma=0.5/Metamatrices 0.128 0.3 0.491515728 0.55940010194379 optimized_matrix 0.0065 100000 0.05597 0.05597 0 0 -3.75391144185983e-05
matrices/Nr25_Nc25/consumption/RandTrix_Nr25_Nc25_Nest0.55_Conn0.2304.txt matrices/Nr25_Nc25/syntrophy/optimized_alpha=0.005_gamma=0.5/Metamatrices 0.2304 0.55 0.230388 0.288508751491761 random_structure 0.0039 100000 0.10093 0.1009 3e-05 0 -5.59545335860011e-06
matrices/Nr25_Nc25/consumption/RandTrix_Nr25_Nc25_Nest0.3_Conn0.1776.txt matrices/Nr25_Nc25/syntrophy/optimized_alpha=0.005_gamma=0.5/Metamatrices 0.1776 0.3 0.496905008 0.559188524086186 optimized_matrix 0.0065 100000 0.10402 0.10402 0 0 -7.38544761107979e-05
matrices/Nr25_Nc25/consumption/RandTrix_Nr25_Nc25_Nest0.55_Conn0.3024.txt matrices/Nr25_Nc25/syntrophy/optimized_alpha=0.005_gamma=0.5/Metamatrices 0.3024 0.550095724313976 0.302421856 0.363439132180026 random_structure 0.0039 100000 0.11339 0.11011 0.00328 0 -3.9551349449591e-06
matrices/Nr25_Nc25/consumption/RandTrix_Nr25_Nc25_Nest0.35_Conn0.3216.txt matrices/Nr25_Nc25/syntrophy/optimized_alpha=0.005_gamma=0.5/Metamatrices 0.3216 0.354089219330855 0.32158664 0.383217870166608 random_structure 0.0104 100000 0.204 0.18629 0.01771 0 -1.48397276915551e-05
matrices/Nr25_Nc25/consumption/RandTrix_Nr25_Nc25_Nest0.55_Conn0.3344.txt matrices/Nr25_Nc25/syntrophy/optimized_alpha=0.005_gamma=0.5/Metamatrices 0.3344 0.547425474254743 0.334381328 0.396326884943407 random_structure 0.0039 100000 0.1437 0.14156 0.00214 0 -1.16658715025335e-05
matrices/Nr25_Nc25/consumption/RandTrix_Nr25_Nc25_Nest0.3_Conn0.0816.txt matrices/Nr25_Nc25/syntrophy/optimized_alpha=0.005_gamma=0.5/Metamatrices 0.0816 0.297435897435897 0.081578816 0.127690488446893 random_structure 0.0104 100000 0.12398 0.12398 0 0 -0.000283098940035791
matrices/Nr25_Nc25/consumption/RandTrix_Nr25_Nc25_Nest0.3_Conn0.2272.txt matrices/Nr25_Nc25/syntrophy/optimized_alpha=0.005_gamma=0.5/Metamatrices 0.2272 0.297439759036145 0.5007808 0.562879496929306 optimized_matrix 0.0065 100000 0.16797 0.16791 6e-05 0 -5.41227908466884e-05
matrices/Nr25_Nc25/consumption/RandTrix_Nr25_Nc25_Nest0.55_Conn0.3824.txt matrices/Nr25_Nc25/syntrophy/optimized_alpha=0.005_gamma=0.5/Metamatrices 0.3824 0.547794117647059 0.382394496 0.445104756316697 random_structure 0.0039 100000 0.14761 0.1323 0.01531 0 -2.0504463991584e-06
matrices/Nr25_Nc25/consumption/RandTrix_Nr25_Nc25_Nest0.3_Conn0.128.txt matrices/Nr25_Nc25/syntrophy/optimized_alpha=0.005_gamma=0.5/Metamatrices 0.128 0.3 0.12796384 0.178782387295096 random_structure 0.0104 100000 0.1011 0.1011 0 0 -2.74266762233696e-05
matrices/Nr25_Nc25/consumption/RandTrix_Nr25_Nc25_Nest0.3_Conn0.1776.txt matrices/Nr25_Nc25/syntrophy/optimized_alpha=0.005_gamma=0.5/Metamatrices 0.1776 0.3 0.177644912 0.232486576088497 random_structure 0.0104 100000 0.15391 0.15391 0 0 -5.95774413586402e-05
matrices/Nr25_Nc25/consumption/RandTrix_Nr25_Nc25_Nest0.55_Conn0.4176.txt matrices/Nr25_Nc25/syntrophy/optimized_alpha=0.005_gamma=0.5/Metamatrices 0.4176 0.546571541815299 0.417561664 0.480548326314756 random_structure 0.0039 100000 0.184 0.16176 0.02224 0 -3.50682248445596e-06
matrices/Nr25_Nc25/consumption/RandTrix_Nr25_Nc25_Nest0.3_Conn0.2816.txt matrices/Nr25_Nc25/syntrophy/optimized_alpha=0.005_gamma=0.5/Metamatrices 0.2816 0.302762430939227 0.49851608 0.561183825493516 optimized_matrix 0.0065 100000 0.23517 0.22716 0.00801 0 -1.83339220871936e-05
matrices/Nr25_Nc25/consumption/RandTrix_Nr25_Nc25_Nest0.45_Conn0.0816.txt matrices/Nr25_Nc25/syntrophy/optimized_alpha=0.005_gamma=0.5/Metamatrices 0.0816 0.452 0.360060096 0.604172194080551 optimized_matrix 0.0065 100000 0.02517 0.02517 0 0 -0.000253131957157754
matrices/Nr25_Nc25/consumption/RandTrix_Nr25_Nc25_Nest0.5_Conn0.0912.txt matrices/Nr25_Nc25/syntrophy/optimized_alpha=0.005_gamma=0.5/Metamatrices 0.0912 0.50278293135436 0.091238304 0.138474065529153 random_structure 0.0039 100000 0.12217 0.12217 0 0 -8.58482597782362e-05
matrices/Nr25_Nc25/consumption/RandTrix_Nr25_Nc25_Nest0.3_Conn0.2272.txt matrices/Nr25_Nc25/syntrophy/optimized_alpha=0.005_gamma=0.5/Metamatrices 0.2272 0.297439759036145 0.227270352 0.285125069449428 random_structure 0.0104 100000 0.19015 0.1896 0.00055 0 -4.97916836420166e-05
matrices/Nr25_Nc25/consumption/RandTrix_Nr25_Nc25_Nest0.45_Conn0.1232.txt matrices/Nr25_Nc25/syntrophy/optimized_alpha=0.005_gamma=0.5/Metamatrices 0.1232 0.45 0.502075808 0.574615309387194 optimized_matrix 0.0065 100000 0.04288 0.04288 0 0 -6.3919663552091e-05
matrices/Nr25_Nc25/consumption/RandTrix_Nr25_Nc25_Nest0.5_Conn0.1248.txt matrices/Nr25_Nc25/syntrophy/optimized_alpha=0.005_gamma=0.5/Metamatrices 0.1248 0.5 0.124842272 0.175341620733262 random_structure 0.0039 100000 0.12601 0.12601 0 0 -6.33343348634549e-05
matrices/Nr25_Nc25/consumption/RandTrix_Nr25_Nc25_Nest0.45_Conn0.1856.txt matrices/Nr25_Nc25/syntrophy/optimized_alpha=0.005_gamma=0.5/Metamatrices 0.1856 0.449874686716792 0.498675296 0.561411217025832 optimized_matrix 0.0065 100000 0.06403 0.06403 0 0 -4.50048716759528e-05
matrices/Nr25_Nc25/consumption/RandTrix_Nr25_Nc25_Nest0.3_Conn0.2816.txt matrices/Nr25_Nc25/syntrophy/optimized_alpha=0.005_gamma=0.5/Metamatrices 0.2816 0.302762430939227 0.281599216 0.341924575730716 random_structure 0.0104 100000 0.23525 0.22076 0.01449 0 -1.82796234919797e-05
matrices/Nr25_Nc25/consumption/RandTrix_Nr25_Nc25_Nest0.45_Conn0.216.txt matrices/Nr25_Nc25/syntrophy/optimized_alpha=0.005_gamma=0.5/Metamatrices 0.216 0.45 0.4995548 0.561973923231633 optimized_matrix 0.0065 100000 0.04915 0.04915 0 0 -1.13940217053262e-05
matrices/Nr25_Nc25/consumption/RandTrix_Nr25_Nc25_Nest0.5_Conn0.1744.txt matrices/Nr25_Nc25/syntrophy/optimized_alpha=0.005_gamma=0.5/Metamatrices 0.1744 0.5 0.174479408 0.22911241459649 random_structure 0.0039 100000 0.15052 0.15052 0 0 -4.66501301941752e-05
matrices/Nr25_Nc25/consumption/RandTrix_Nr25_Nc25_Nest0.45_Conn0.0816.txt matrices/Nr25_Nc25/syntrophy/optimized_alpha=0.005_gamma=0.5/Metamatrices 0.0816 0.452 0.081576784 0.127621490825271 random_structure 0.0104 100000 0.08252 0.08252 0 0 -0.00013199144984331
matrices/Nr25_Nc25/consumption/RandTrix_Nr25_Nc25_Nest0.45_Conn0.2672.txt matrices/Nr25_Nc25/syntrophy/optimized_alpha=0.005_gamma=0.5/Metamatrices 0.2672 0.446518305814788 0.493152096 0.555945919306402 optimized_matrix 0.0065 100000 0.07692 0.07399 0.00293 0 -8.20971960160078e-06
matrices/Nr25_Nc25/consumption/RandTrix_Nr25_Nc25_Nest0.45_Conn0.1232.txt matrices/Nr25_Nc25/syntrophy/optimized_alpha=0.005_gamma=0.5/Metamatrices 0.1232 0.45 0.12315704 0.173517349826708 random_structure 0.0104 100000 0.0753 0.0753 0 0 -4.79535259990454e-05
matrices/Nr25_Nc25/consumption/RandTrix_Nr25_Nc25_Nest0.5_Conn0.2496.txt matrices/Nr25_Nc25/syntrophy/optimized_alpha=0.005_gamma=0.5/Metamatrices 0.2496 0.5 0.249553728 0.308493730090267 random_structure 0.0039 100000 0.15127 0.15127 0 0 -1.6153513665504e-05
matrices/Nr25_Nc25/consumption/RandTrix_Nr25_Nc25_Nest0.45_Conn0.1856.txt matrices/Nr25_Nc25/syntrophy/optimized_alpha=0.005_gamma=0.5/Metamatrices 0.1856 0.449874686716792 0.185651904 0.241018467824665 random_structure 0.0104 100000 0.09098 0.09098 0 0 -3.76140371827753e-05
matrices/Nr25_Nc25/consumption/RandTrix_Nr25_Nc25_Nest0.45_Conn0.3168.txt matrices/Nr25_Nc25/syntrophy/optimized_alpha=0.005_gamma=0.5/Metamatrices 0.3168 0.445459430413756 0.500818544 0.563550849076594 optimized_matrix 0.0065 100000 0.14171 0.1362 0.00551 0 -9.78891324225696e-06
matrices/Nr25_Nc25/consumption/RandTrix_Nr25_Nc25_Nest0.5_Conn0.2928.txt matrices/Nr25_Nc25/syntrophy/optimized_alpha=0.005_gamma=0.5/Metamatrices 0.2928 0.5 0.292762368 0.353447631243011 random_structure 0.0039 100000 0.1724 0.17072 0.00168 0 -9.48617595275359e-06
matrices/Nr25_Nc25/consumption/RandTrix_Nr25_Nc25_Nest0.45_Conn0.216.txt matrices/Nr25_Nc25/syntrophy/optimized_alpha=0.005_gamma=0.5/Metamatrices 0.216 0.45 0.215925744 0.273228251723648 random_structure 0.0104 100000 0.06736 0.06723 0.00013 0 -9.72197791010798e-06
matrices/Nr25_Nc25/consumption/RandTrix_Nr25_Nc25_Nest0.45_Conn0.2672.txt matrices/Nr25_Nc25/syntrophy/optimized_alpha=0.005_gamma=0.5/Metamatrices 0.2672 0.446518305814788 0.26723264 0.327031051778052 random_structure 0.0104 100000 0.09198 0.08601 0.00597 0 -7.6686982916872e-06
matrices/Nr25_Nc25/consumption/RandTrix_Nr25_Nc25_Nest0.45_Conn0.384.txt matrices/Nr25_Nc25/syntrophy/optimized_alpha=0.005_gamma=0.5/Metamatrices 0.384 0.452352708580467 0.502455872 0.565166774902208 optimized_matrix 0.0065 100000 0.17578 0.17294 0.00284 0 -2.8487812082537e-05
matrices/Nr25_Nc25/consumption/RandTrix_Nr25_Nc25_Nest0.5_Conn0.32.txt matrices/Nr25_Nc25/syntrophy/optimized_alpha=0.005_gamma=0.5/Metamatrices 0.32 0.498845265588915 0.3199636 0.38146682623653 random_structure 0.0039 100000 0.18408 0.17199 0.01209 0 -5.65412275735091e-06
matrices/Nr25_Nc25/consumption/RandTrix_Nr25_Nc25_Nest0.45_Conn0.3168.txt matrices/Nr25_Nc25/syntrophy/optimized_alpha=0.005_gamma=0.5/Metamatrices 0.3168 0.445459430413756 0.316826432 0.378293594942214 random_structure 0.0104 100000 0.13725 0.12767 0.00958 0 -1.02044116228407e-05
matrices/Nr25_Nc25/consumption/RandTrix_Nr25_Nc25_Nest0.5_Conn0.3824.txt matrices/Nr25_Nc25/syntrophy/optimized_alpha=0.005_gamma=0.5/Metamatrices 0.3824 0.496305953933073 0.382460896 0.445149486906876 random_structure 0.0039 100000 0.18568 0.17366 0.01202 0 -6.58843396524403e-06
matrices/Nr25_Nc25/consumption/RandTrix_Nr25_Nc25_Nest0.45_Conn0.424.txt matrices/Nr25_Nc25/syntrophy/optimized_alpha=0.005_gamma=0.5/Metamatrices 0.424 0.454737583656217 0.500930096 0.563617660803111 optimized_matrix 0.0065 100000 0.19632 0.19377 0.00255 0 -3.10440175372446e-05
matrices/Nr25_Nc25/consumption/RandTrix_Nr25_Nc25_Nest0.45_Conn0.384.txt matrices/Nr25_Nc25/syntrophy/optimized_alpha=0.005_gamma=0.5/Metamatrices 0.384 0.452352708580467 0.38407128 0.44681058644526 random_structure 0.0104 100000 0.15919 0.15565 0.00354 0 -3.12920346219567e-05
matrices/Nr25_Nc25/consumption/RandTrix_Nr25_Nc25_Nest0.4_Conn0.0784.txt matrices/Nr25_Nc25/syntrophy/optimized_alpha=0.005_gamma=0.5/Metamatrices 0.0784 0.4 0.293158336 0.635183956228774 optimized_matrix 0.0065 100000 0.03481 0.03481 0 0 -0.000275572145394474
matrices/Nr25_Nc25/consumption/RandTrix_Nr25_Nc25_Nest0.5_Conn0.416.txt matrices/Nr25_Nc25/syntrophy/optimized_alpha=0.005_gamma=0.5/Metamatrices 0.416 0.504988488104375 0.415984672 0.478900269459747 random_structure 0.0039 100000 0.18265 0.16972 0.01293 0 -6.89557762691715e-06
matrices/Nr25_Nc25/consumption/RandTrix_Nr25_Nc25_Nest0.6_Conn0.12.txt matrices/Nr25_Nc25/syntrophy/optimized_alpha=0.005_gamma=0.5/Metamatrices 0.12 0.6 0.12003544 0.1701756941023 random_structure 0.0039 100000 0.1087 0.1087 0 0 -7.37979462265321e-05
matrices/Nr25_Nc25/consumption/RandTrix_Nr25_Nc25_Nest0.4_Conn0.1232.txt matrices/Nr25_Nc25/syntrophy/optimized_alpha=0.005_gamma=0.5/Metamatrices 0.1232 0.399558498896247 0.501398928 0.564091008002285 optimized_matrix 0.0065 100000 0.06563 0.06563 0 0 -0.000263777763181971
matrices/Nr25_Nc25/consumption/RandTrix_Nr25_Nc25_Nest0.45_Conn0.424.txt matrices/Nr25_Nc25/syntrophy/optimized_alpha=0.005_gamma=0.5/Metamatrices 0.424 0.454737583656217 0.423948672 0.486930577884256 random_structure 0.0104 100000 0.17766 0.17379 0.00387 0 -3.40701655988806e-05
matrices/Nr25_Nc25/consumption/RandTrix_Nr25_Nc25_Nest0.6_Conn0.16.txt matrices/Nr25_Nc25/syntrophy/optimized_alpha=0.005_gamma=0.5/Metamatrices 0.16 0.6 0.159982864 0.213546288556755 random_structure 0.0039 100000 0.10218 0.10217 1e-05 0 -1.12500822438695e-05
matrices/Nr25_Nc25/consumption/RandTrix_Nr25_Nc25_Nest0.4_Conn0.0784.txt matrices/Nr25_Nc25/syntrophy/optimized_alpha=0.005_gamma=0.5/Metamatrices 0.0784 0.4 0.078354096 0.124042620653117 random_structure 0.0104 100000 0.08836 0.08836 0 0 -0.000167813139749694
matrices/Nr25_Nc25/consumption/RandTrix_Nr25_Nc25_Nest0.4_Conn0.2032.txt matrices/Nr25_Nc25/syntrophy/optimized_alpha=0.005_gamma=0.5/Metamatrices 0.2032 0.4 0.504881888 0.567364699624277 optimized_matrix 0.0065 100000 0.09467 0.0946 7e-05 0 -1.81035390762155e-05
matrices/Nr25_Nc25/consumption/RandTrix_Nr25_Nc25_Nest0.6_Conn0.2048.txt matrices/Nr25_Nc25/syntrophy/optimized_alpha=0.005_gamma=0.5/Metamatrices 0.2048 0.6 0.204767888 0.261424653892635 random_structure 0.0039 100000 0.09664 0.09656 8e-05 0 -6.19099703657341e-06
matrices/Nr25_Nc25/consumption/RandTrix_Nr25_Nc25_Nest0.4_Conn0.2288.txt matrices/Nr25_Nc25/syntrophy/optimized_alpha=0.005_gamma=0.5/Metamatrices 0.2288 0.4 0.499326512 0.561893487100161 optimized_matrix 0.0065 100000 0.0681 0.06386 0.00424 0 -2.86208867507349e-06
matrices/Nr25_Nc25/consumption/RandTrix_Nr25_Nc25_Nest0.4_Conn0.1232.txt matrices/Nr25_Nc25/syntrophy/optimized_alpha=0.005_gamma=0.5/Metamatrices 0.1232 0.399558498896247 0.12320344 0.173573905125253 random_structure 0.0104 100000 0.11114 0.11114 0 0 -0.000194502749750734
matrices/Nr25_Nc25/consumption/RandTrix_Nr25_Nc25_Nest0.6_Conn0.3168.txt matrices/Nr25_Nc25/syntrophy/optimized_alpha=0.005_gamma=0.5/Metamatrices 0.3168 0.599869024230517 0.31681936 0.378209808956087 random_structure 0.0039 100000 0.11084 0.11072 0.00012 0 -8.05361230993926e-06
matrices/Nr25_Nc25/consumption/RandTrix_Nr25_Nc25_Nest0.4_Conn0.272.txt matrices/Nr25_Nc25/syntrophy/optimized_alpha=0.005_gamma=0.5/Metamatrices 0.272 0.397260273972603 0.497837472 0.560156860055058 optimized_matrix 0.0065 100000 0.08329 0.08313 0.00016 0 -2.42838177311886e-05
matrices/Nr25_Nc25/consumption/RandTrix_Nr25_Nc25_Nest0.4_Conn0.2032.txt matrices/Nr25_Nc25/syntrophy/optimized_alpha=0.005_gamma=0.5/Metamatrices 0.2032 0.4 0.203216288 0.259765429244098 random_structure 0.0104 100000 0.11002 0.10963 0.00039 0 -1.65036184926442e-05
matrices/Nr25_Nc25/consumption/RandTrix_Nr25_Nc25_Nest0.6_Conn0.3712.txt matrices/Nr25_Nc25/syntrophy/optimized_alpha=0.005_gamma=0.5/Metamatrices 0.3712 0.595085995085995 0.371269456 0.433842320627098 random_structure 0.0039 100000 0.13705 0.12608 0.01097 0 -3.49883353890437e-06
matrices/Nr25_Nc25/consumption/RandTrix_Nr25_Nc25_Nest0.4_Conn0.2288.txt matrices/Nr25_Nc25/syntrophy/optimized_alpha=0.005_gamma=0.5/Metamatrices 0.2288 0.4 0.228796896 0.286708766833243 random_structure 0.0104 100000 0.08573 0.07674 0.00899 0 -2.69085154918344e-06
matrices/Nr25_Nc25/consumption/RandTrix_Nr25_Nc25_Nest0.4_Conn0.3312.txt matrices/Nr25_Nc25/syntrophy/optimized_alpha=0.005_gamma=0.5/Metamatrices 0.3312 0.396235521235521 0.495861664 0.558513839582349 optimized_matrix 0.0065 100000 0.15736 0.14796 0.0094 0 -1.02609362595742e-05
matrices/Nr25_Nc25/consumption/RandTrix_Nr25_Nc25_Nest0.6_Conn0.44.txt matrices/Nr25_Nc25/syntrophy/optimized_alpha=0.005_gamma=0.5/Metamatrices 0.44 0.6 0.440133472 0.503174629271138 random_structure 0.0039 100000 0.15125 0.14686 0.00439 0 -1.20509369138104e-05
# File last opened on Thu Apr  4 00:56:18 2024
# We are writing, in that order, G-matrix location, A-matrix location, G connectance, G nestedness, A connectance, A nestedness, A-mode, alpha0 value, total number of simulations, proportion of feasible, stable, unstable, marginal and dominant eigenvalue
matrices/Nr25_Nc25/consumption/RandTrix_Nr25_Nc25_Nest0.4_Conn0.272.txt matrices/Nr25_Nc25/syntrophy/optimized_alpha=0.005_gamma=0.5/Metamatrices 0.272 0.397260273972603 0.27201152 0.33196892525202 random_structure 0.0104 100000 0.09584 0.09534 0.0005 0 -2.24390807224822e-05
matrices/Nr25_Nc25/consumption/RandTrix_Nr25_Nc25_Nest0.4_Conn0.3712.txt matrices/Nr25_Nc25/syntrophy/optimized_alpha=0.005_gamma=0.5/Metamatrices 0.3712 0.40494527766518 0.499912496 0.562542229846622 optimized_matrix 0.0065 100000 0.20768 0.20659 0.00109 0 -4.24464465340694e-05
matrices/Nr25_Nc25/consumption/RandTrix_Nr25_Nc25_Nest0.4_Conn0.3312.txt matrices/Nr25_Nc25/syntrophy/optimized_alpha=0.005_gamma=0.5/Metamatrices 0.3312 0.396235521235521 0.331298784 0.39317321309248 random_structure 0.0104 100000 0.14799 0.13427 0.01372 0 -1.10425146963287e-05
matrices/Nr25_Nc25/consumption/RandTrix_Nr25_Nc25_Nest0.15_Conn0.08.txt matrices/Nr25_Nc25/syntrophy/optimized_alpha=0.005_gamma=0.5/Metamatrices 0.0816 0.15 0.08154344 0.12759537929065 random_structure 0.0065 100000 0.22454 0.22454 0 0 -6.12809170086823e-05
matrices/Nr25_Nc25/consumption/RandTrix_Nr25_Nc25_Nest0.55_Conn0.0992.txt matrices/Nr25_Nc25/syntrophy/optimized_alpha=0.005_gamma=0.5/Metamatrices 0.0992 0.548109965635739 0.464281968 0.679690522514822 optimized_matrix 0.0065 100000 0.02472 0.02472 0 0 -0.000207782754988227
matrices/Nr25_Nc25/consumption/RandTrix_Nr25_Nc25_Nest0.55_Conn0.1248.txt matrices/Nr25_Nc25/syntrophy/optimized_alpha=0.005_gamma=0.5/Metamatrices 0.1248 0.55 0.508859584 0.589706801525264 optimized_matrix 0.0065 100000 0.03988 0.03988 0 0 -7.8823045336397e-05
matrices/Nr25_Nc25/consumption/RandTrix_Nr25_Nc25_Nest0.4_Conn0.3712.txt matrices/Nr25_Nc25/syntrophy/optimized_alpha=0.005_gamma=0.5/Metamatrices 0.3712 0.40494527766518 0.371228144 0.433798378059447 random_structure 0.0104 100000 0.19279 0.19039 0.0024 0 -4.60089687875575e-05
matrices/Nr25_Nc25/consumption/RandTrix_Nr25_Nc25_Nest0.55_Conn0.184.txt matrices/Nr25_Nc25/syntrophy/optimized_alpha=0.005_gamma=0.5/Metamatrices 0.184 0.55019556714472 0.503517248 0.566467214844569 optimized_matrix 0.0065 100000 0.04686 0.04686 0 0 -2.71086815577119e-05
matrices/Nr25_Nc25/consumption/RandTrix_Nr25_Nc25_Nest0.55_Conn0.2304.txt matrices/Nr25_Nc25/syntrophy/optimized_alpha=0.005_gamma=0.5/Metamatrices 0.2304 0.55 0.503091104 0.565258420492982 optimized_matrix 0.0065 100000 0.04162 0.04162 0 0 -9.22896058214762e-06
matrices/Nr25_Nc25/consumption/RandTrix_Nr25_Nc25_Nest0.55_Conn0.0992.txt matrices/Nr25_Nc25/syntrophy/optimized_alpha=0.005_gamma=0.5/Metamatrices 0.0992 0.548109965635739 0.099190576 0.147182009600499 random_structure 0.0104 100000 0.07492 0.07492 0 0 -0.00012064664535179
matrices/Nr25_Nc25/consumption/RandTrix_Nr25_Nc25_Nest0.55_Conn0.1248.txt matrices/Nr25_Nc25/syntrophy/optimized_alpha=0.005_gamma=0.5/Metamatrices 0.1248 0.55 0.124778176 0.175266382420412 random_structure 0.0104 100000 0.06671 0.06671 0 0 -5.94599993125557e-05
matrices/Nr25_Nc25/consumption/RandTrix_Nr25_Nc25_Nest0.15_Conn0.12.txt matrices/Nr25_Nc25/syntrophy/optimized_alpha=0.005_gamma=0.5/Metamatrices 0.12 0.151419558359621 0.1200596 0.170176625039745 random_structure 0.0065 100000 0.33512 0.33448 0.00064 0 -1.66636233401749e-05
matrices/Nr25_Nc25/consumption/RandTrix_Nr25_Nc25_Nest0.55_Conn0.3024.txt matrices/Nr25_Nc25/syntrophy/optimized_alpha=0.005_gamma=0.5/Metamatrices 0.3024 0.550095724313976 0.503229216 0.565672099390899 optimized_matrix 0.0065 100000 0.05875 0.05718 0.00157 0 -5.70432378069492e-06
matrices/Nr25_Nc25/consumption/RandTrix_Nr25_Nc25_Nest0.55_Conn0.184.txt matrices/Nr25_Nc25/syntrophy/optimized_alpha=0.005_gamma=0.5/Metamatrices 0.184 0.55019556714472 0.184002832 0.239366730130113 random_structure 0.0104 100000 0.06584 0.06584 0 0 -2.21456747563687e-05
matrices/Nr25_Nc25/consumption/RandTrix_Nr25_Nc25_Nest0.55_Conn0.3344.txt matrices/Nr25_Nc25/syntrophy/optimized_alpha=0.005_gamma=0.5/Metamatrices 0.3344 0.547425474254743 0.500012784 0.562561422105708 optimized_matrix 0.0065 100000 0.09403 0.093 0.00103 0 -1.62246851342342e-05
matrices/Nr25_Nc25/consumption/RandTrix_Nr25_Nc25_Nest0.55_Conn0.2304.txt matrices/Nr25_Nc25/syntrophy/optimized_alpha=0.005_gamma=0.5/Metamatrices 0.2304 0.55 0.230388 0.288508751491761 random_structure 0.0104 100000 0.0526 0.05257 3e-05 0 -8.25037982948369e-06
matrices/Nr25_Nc25/consumption/RandTrix_Nr25_Nc25_Nest0.55_Conn0.3024.txt matrices/Nr25_Nc25/syntrophy/optimized_alpha=0.005_gamma=0.5/Metamatrices 0.3024 0.550095724313976 0.302421856 0.363439132180026 random_structure 0.0104 100000 0.06035 0.05744 0.00291 0 -5.77700312879057e-06
matrices/Nr25_Nc25/consumption/RandTrix_Nr25_Nc25_Nest0.55_Conn0.3824.txt matrices/Nr25_Nc25/syntrophy/optimized_alpha=0.005_gamma=0.5/Metamatrices 0.3824 0.547794117647059 0.499039568 0.561571315178137 optimized_matrix 0.0065 100000 0.10008 0.08948 0.0106 0 -2.7376024301026e-06
matrices/Nr25_Nc25/consumption/RandTrix_Nr25_Nc25_Nest0.55_Conn0.3344.txt matrices/Nr25_Nc25/syntrophy/optimized_alpha=0.005_gamma=0.5/Metamatrices 0.3344 0.547425474254743 0.334381328 0.396326884943407 random_structure 0.0104 100000 0.08838 0.08664 0.00174 0 -1.64521888070377e-05
matrices/Nr25_Nc25/consumption/RandTrix_Nr25_Nc25_Nest0.15_Conn0.1808.txt matrices/Nr25_Nc25/syntrophy/optimized_alpha=0.005_gamma=0.5/Metamatrices 0.1808 0.158059467918623 0.180786336 0.235835684910872 random_structure 0.0065 100000 0.42714 0.42632 0.00082 0 -7.61214737271355e-05
matrices/Nr25_Nc25/consumption/RandTrix_Nr25_Nc25_Nest0.55_Conn0.3824.txt matrices/Nr25_Nc25/syntrophy/optimized_alpha=0.005_gamma=0.5/Metamatrices 0.3824 0.547794117647059 0.382394496 0.445104756316697 random_structure 0.0104 100000 0.09262 0.07953 0.01309 0 -3.03823278410269e-06
matrices/Nr25_Nc25/consumption/RandTrix_Nr25_Nc25_Nest0.55_Conn0.4176.txt matrices/Nr25_Nc25/syntrophy/optimized_alpha=0.005_gamma=0.5/Metamatrices 0.4176 0.546571541815299 0.497876448 0.560086229776802 optimized_matrix 0.0065 100000 0.1534 0.13061 0.02279 0 -4.30450099202319e-06
matrices/Nr25_Nc25/consumption/RandTrix_Nr25_Nc25_Nest0.5_Conn0.0912.txt matrices/Nr25_Nc25/syntrophy/optimized_alpha=0.005_gamma=0.5/Metamatrices 0.0912 0.50278293135436 0.418946272 0.678039387814745 optimized_matrix 0.0065 100000 0.02416 0.02416 0 0 -0.000215595576548866
matrices/Nr25_Nc25/consumption/RandTrix_Nr25_Nc25_Nest0.55_Conn0.4176.txt matrices/Nr25_Nc25/syntrophy/optimized_alpha=0.005_gamma=0.5/Metamatrices 0.4176 0.546571541815299 0.417561664 0.480548326314756 random_structure 0.0104 100000 0.13494 0.11115 0.02379 0 -4.84367975626815e-06
matrices/Nr25_Nc25/consumption/RandTrix_Nr25_Nc25_Nest0.5_Conn0.1248.txt matrices/Nr25_Nc25/syntrophy/optimized_alpha=0.005_gamma=0.5/Metamatrices 0.1248 0.5 0.50265856 0.565084952528763 optimized_matrix 0.0065 100000 0.04261 0.04261 0 0 -0.000123787503351847
matrices/Nr25_Nc25/consumption/RandTrix_Nr25_Nc25_Nest0.5_Conn0.0912.txt matrices/Nr25_Nc25/syntrophy/optimized_alpha=0.005_gamma=0.5/Metamatrices 0.0912 0.50278293135436 0.091238304 0.138474065529153 random_structure 0.0104 100000 0.07734 0.07734 0 0 -0.000120485607113792
matrices/Nr25_Nc25/consumption/RandTrix_Nr25_Nc25_Nest0.5_Conn0.1744.txt matrices/Nr25_Nc25/syntrophy/optimized_alpha=0.005_gamma=0.5/Metamatrices 0.1744 0.5 0.500272816 0.56308568135412 optimized_matrix 0.0065 100000 0.05787 0.05787 0 0 -8.03251560153501e-05
matrices/Nr25_Nc25/consumption/RandTrix_Nr25_Nc25_Nest0.5_Conn0.1248.txt matrices/Nr25_Nc25/syntrophy/optimized_alpha=0.005_gamma=0.5/Metamatrices 0.1248 0.5 0.124842272 0.175341620733262 random_structure 0.0104 100000 0.0749 0.0749 0 0 -8.99062019922399e-05
matrices/Nr25_Nc25/consumption/RandTrix_Nr25_Nc25_Nest0.1_Conn0.0816.txt matrices/Nr25_Nc25/syntrophy/optimized_alpha=0.005_gamma=0.5/Metamatrices 0.0816 0.1 0.0816504 0.127706230677181 random_structure 0.0065 100000 0.35044 0.35044 0 0 -0.000236738307590723
matrices/Nr25_Nc25/consumption/RandTrix_Nr25_Nc25_Nest0.5_Conn0.2496.txt matrices/Nr25_Nc25/syntrophy/optimized_alpha=0.005_gamma=0.5/Metamatrices 0.2496 0.5 0.501362496 0.563730805037855 optimized_matrix 0.0065 100000 0.06817 0.06817 0 0 -2.56992768266273e-05
matrices/Nr25_Nc25/consumption/RandTrix_Nr25_Nc25_Nest0.5_Conn0.1744.txt matrices/Nr25_Nc25/syntrophy/optimized_alpha=0.005_gamma=0.5/Metamatrices 0.1744 0.5 0.174479408 0.22911241459649 random_structure 0.0104 100000 0.083 0.083 0 0 -6.75835109589824e-05
matrices/Nr25_Nc25/consumption/RandTrix_Nr25_Nc25_Nest0.5_Conn0.2496.txt matrices/Nr25_Nc25/syntrophy/optimized_alpha=0.005_gamma=0.5/Metamatrices 0.2496 0.5 0.249553728 0.308493730090267 random_structure 0.0104 100000 0.07848 0.07848 0 0 -2.36667300441645e-05
matrices/Nr25_Nc25/consumption/RandTrix_Nr25_Nc25_Nest0.5_Conn0.2928.txt matrices/Nr25_Nc25/syntrophy/optimized_alpha=0.005_gamma=0.5/Metamatrices 0.2928 0.5 0.498913408 0.561445044870755 optimized_matrix 0.0065 100000 0.10875 0.1083 0.00045 0 -1.38749680219166e-05
matrices/Nr25_Nc25/consumption/RandTrix_Nr25_Nc25_Nest0.5_Conn0.2928.txt matrices/Nr25_Nc25/syntrophy/optimized_alpha=0.005_gamma=0.5/Metamatrices 0.2928 0.5 0.292762368 0.353447631243011 random_structure 0.0104 100000 0.10761 0.1059 0.00171 0 -1.34575507080825e-05
matrices/Nr25_Nc25/consumption/RandTrix_Nr25_Nc25_Nest0.5_Conn0.32.txt matrices/Nr25_Nc25/syntrophy/optimized_alpha=0.005_gamma=0.5/Metamatrices 0.32 0.498845265588915 0.497300064 0.559801131172187 optimized_matrix 0.0065 100000 0.12878 0.12033 0.00845 0 -7.20828928755618e-06
matrices/Nr25_Nc25/consumption/RandTrix_Nr25_Nc25_Nest0.5_Conn0.32.txt matrices/Nr25_Nc25/syntrophy/optimized_alpha=0.005_gamma=0.5/Metamatrices 0.32 0.498845265588915 0.3199636 0.38146682623653 random_structure 0.0104 100000 0.12363 0.11182 0.01181 0 -7.98814631447104e-06
matrices/Nr25_Nc25/consumption/RandTrix_Nr25_Nc25_Nest0.1_Conn0.1296.txt matrices/Nr25_Nc25/syntrophy/optimized_alpha=0.005_gamma=0.5/Metamatrices 0.1296 0.10479375696767 0.129591072 0.180493497009967 random_structure 0.0065 100000 0.50211 0.46445 0.03766 0 -1.39362268662595e-05
matrices/Nr25_Nc25/consumption/RandTrix_Nr25_Nc25_Nest0.5_Conn0.3824.txt matrices/Nr25_Nc25/syntrophy/optimized_alpha=0.005_gamma=0.5/Metamatrices 0.3824 0.496305953933073 0.382460896 0.445149486906876 random_structure 0.0104 100000 0.13312 0.12082 0.0123 0 -9.01129796589942e-06
matrices/Nr25_Nc25/consumption/RandTrix_Nr25_Nc25_Nest0.5_Conn0.3824.txt matrices/Nr25_Nc25/syntrophy/optimized_alpha=0.005_gamma=0.5/Metamatrices 0.3824 0.496305953933073 0.49495056 0.557501210027864 optimized_matrix 0.0065 100000 0.14844 0.13932 0.00912 0 -8.19993327046685e-06
matrices/Nr25_Nc25/consumption/RandTrix_Nr25_Nc25_Nest0.25_Conn0.0832.txt matrices/Nr25_Nc25/syntrophy/optimized_alpha=0.005_gamma=0.5/Metamatrices 0.0832 0.25 0.083113376 0.129358581384574 random_structure 0.0065 100000 0.20663 0.20663 0 0 -0.000430153699774448
matrices/Nr25_Nc25/consumption/RandTrix_Nr25_Nc25_Nest0.5_Conn0.416.txt matrices/Nr25_Nc25/syntrophy/optimized_alpha=0.005_gamma=0.5/Metamatrices 0.416 0.504988488104375 0.415984672 0.478900269459747 random_structure 0.0104 100000 0.12167 0.11003 0.01164 0 -9.777186490514e-06
matrices/Nr25_Nc25/consumption/RandTrix_Nr25_Nc25_Nest0.6_Conn0.12.txt matrices/Nr25_Nc25/syntrophy/optimized_alpha=0.005_gamma=0.5/Metamatrices 0.12 0.6 0.12003544 0.1701756941023 random_structure 0.0104 100000 0.06732 0.06732 0 0 -0.000104398700709546
matrices/Nr25_Nc25/consumption/RandTrix_Nr25_Nc25_Nest0.5_Conn0.416.txt matrices/Nr25_Nc25/syntrophy/optimized_alpha=0.005_gamma=0.5/Metamatrices 0.416 0.504988488104375 0.504755248 0.567321137320389 optimized_matrix 0.0065 100000 0.13731 0.12664 0.01067 0 -8.6042000507805e-06
matrices/Nr25_Nc25/consumption/RandTrix_Nr25_Nc25_Nest0.6_Conn0.16.txt matrices/Nr25_Nc25/syntrophy/optimized_alpha=0.005_gamma=0.5/Metamatrices 0.16 0.6 0.159982864 0.213546288556755 random_structure 0.0104 100000 0.06253 0.06253 0 0 -1.59984217568828e-05
matrices/Nr25_Nc25/consumption/RandTrix_Nr25_Nc25_Nest0.6_Conn0.12.txt matrices/Nr25_Nc25/syntrophy/optimized_alpha=0.005_gamma=0.5/Metamatrices 0.12 0.6 0.529462608 0.631296148843929 optimized_matrix 0.0065 100000 0.03517 0.03517 0 0 -0.000147094681336191
matrices/Nr25_Nc25/consumption/RandTrix_Nr25_Nc25_Nest0.25_Conn0.1392.txt matrices/Nr25_Nc25/syntrophy/optimized_alpha=0.005_gamma=0.5/Metamatrices 0.1392 0.25 0.13922688 0.19102487756611 random_structure 0.0065 100000 0.18753 0.18753 0 0 -5.04590778242132e-05
matrices/Nr25_Nc25/consumption/RandTrix_Nr25_Nc25_Nest0.6_Conn0.2048.txt matrices/Nr25_Nc25/syntrophy/optimized_alpha=0.005_gamma=0.5/Metamatrices 0.2048 0.6 0.204767888 0.261424653892635 random_structure 0.0104 100000 0.05484 0.0548 4e-05 0 -8.87588470190612e-06
matrices/Nr25_Nc25/consumption/RandTrix_Nr25_Nc25_Nest0.6_Conn0.16.txt matrices/Nr25_Nc25/syntrophy/optimized_alpha=0.005_gamma=0.5/Metamatrices 0.16 0.6 0.501244208 0.563787597994317 optimized_matrix 0.0065 100000 0.03965 0.03965 0 0 -1.99806587014603e-05
matrices/Nr25_Nc25/consumption/RandTrix_Nr25_Nc25_Nest0.6_Conn0.3168.txt matrices/Nr25_Nc25/syntrophy/optimized_alpha=0.005_gamma=0.5/Metamatrices 0.3168 0.599869024230517 0.31681936 0.378209808956087 random_structure 0.0104 100000 0.05686 0.05679 7e-05 0 -1.17340660628917e-05
matrices/Nr25_Nc25/consumption/RandTrix_Nr25_Nc25_Nest0.6_Conn0.2048.txt matrices/Nr25_Nc25/syntrophy/optimized_alpha=0.005_gamma=0.5/Metamatrices 0.2048 0.6 0.503371424 0.566238458800141 optimized_matrix 0.0065 100000 0.03964 0.03964 0 0 -1.03202744060133e-05
matrices/Nr25_Nc25/consumption/RandTrix_Nr25_Nc25_Nest0.25_Conn0.184.txt matrices/Nr25_Nc25/syntrophy/optimized_alpha=0.005_gamma=0.5/Metamatrices 0.184 0.245901639344262 0.183953904 0.239255313202819 random_structure 0.0065 100000 0.22189 0.19908 0.02281 0 -4.39627475658219e-06
matrices/Nr25_Nc25/consumption/RandTrix_Nr25_Nc25_Nest0.6_Conn0.3712.txt matrices/Nr25_Nc25/syntrophy/optimized_alpha=0.005_gamma=0.5/Metamatrices 0.3712 0.595085995085995 0.371269456 0.433842320627098 random_structure 0.0104 100000 0.08469 0.07583 0.00886 0 -5.12552671850113e-06
matrices/Nr25_Nc25/consumption/RandTrix_Nr25_Nc25_Nest0.6_Conn0.3168.txt matrices/Nr25_Nc25/syntrophy/optimized_alpha=0.005_gamma=0.5/Metamatrices 0.3168 0.599869024230517 0.500857664 0.563969828604277 optimized_matrix 0.0065 100000 0.05687 0.05685 2e-05 0 -1.16570700546427e-05
matrices/Nr25_Nc25/consumption/RandTrix_Nr25_Nc25_Nest0.6_Conn0.44.txt matrices/Nr25_Nc25/syntrophy/optimized_alpha=0.005_gamma=0.5/Metamatrices 0.44 0.6 0.440133472 0.503174629271138 random_structure 0.0104 100000 0.10232 0.09809 0.00423 0 -1.68962907715872e-05
# File last opened on Thu Apr  4 01:26:57 2024
# We are writing, in that order, G-matrix location, A-matrix location, G connectance, G nestedness, A connectance, A nestedness, A-mode, alpha0 value, total number of simulations, proportion of feasible, stable, unstable, marginal and dominant eigenvalue
matrices/Nr25_Nc25/consumption/RandTrix_Nr25_Nc25_Nest0.6_Conn0.3712.txt matrices/Nr25_Nc25/syntrophy/optimized_alpha=0.005_gamma=0.5/Metamatrices 0.3712 0.595085995085995 0.502839824 0.565265158044994 optimized_matrix 0.0065 100000 0.09556 0.08835 0.00721 0 -4.59892304425619e-06
matrices/Nr25_Nc25/consumption/RandTrix_Nr25_Nc25_Nest0.15_Conn0.08.txt matrices/Nr25_Nc25/syntrophy/optimized_alpha=0.005_gamma=0.5/Metamatrices 0.0816 0.15 1 1 fully_connected 0.0039 100000 0.07893 0.07893 0 0 -0.000109292911333229
matrices/Nr25_Nc25/consumption/RandTrix_Nr25_Nc25_Nest0.25_Conn0.2336.txt matrices/Nr25_Nc25/syntrophy/optimized_alpha=0.005_gamma=0.5/Metamatrices 0.2336 0.252631578947368 0.233576848 0.291840549287964 random_structure 0.0065 100000 0.29054 0.29033 0.00021 0 -6.8653675963193e-05
matrices/Nr25_Nc25/consumption/RandTrix_Nr25_Nc25_Nest0.6_Conn0.44.txt matrices/Nr25_Nc25/syntrophy/optimized_alpha=0.005_gamma=0.5/Metamatrices 0.44 0.6 0.500261616 0.562683873203563 optimized_matrix 0.0065 100000 0.11915 0.11464 0.00451 0 -1.47280980469599e-05
# File last opened on Thu Apr  4 01:30:04 2024
# We are writing, in that order, G-matrix location, A-matrix location, G connectance, G nestedness, A connectance, A nestedness, A-mode, alpha0 value, total number of simulations, proportion of feasible, stable, unstable, marginal and dominant eigenvalue
matrices/Nr25_Nc25/consumption/RandTrix_Nr25_Nc25_Nest0.15_Conn0.12.txt matrices/Nr25_Nc25/syntrophy/optimized_alpha=0.005_gamma=0.5/Metamatrices 0.12 0.151419558359621 1 1 fully_connected 0.0039 100000 0.14055 0.14055 0 0 -2.63373059757474e-05
matrices/Nr25_Nc25/consumption/RandTrix_Nr25_Nc25_Nest0.2_Conn0.0896.txt matrices/Nr25_Nc25/syntrophy/optimized_alpha=0.005_gamma=0.5/Metamatrices 0.0896 0.2 0.089666384 0.136644480958498 random_structure 0.0065 100000 0.17903 0.17903 0 0 -4.36154646116942e-05
matrices/Nr25_Nc25/consumption/RandTrix_Nr25_Nc25_Nest0.15_Conn0.08.txt matrices/Nr25_Nc25/syntrophy/optimized_alpha=0.005_gamma=0.5/Metamatrices 0.0816 0.15 0.08154344 0.12759537929065 random_structure 0.0091 100000 0.19146 0.19146 0 0 -6.86649485829148e-05
matrices/Nr25_Nc25/consumption/RandTrix_Nr25_Nc25_Nest0.2_Conn0.1328.txt matrices/Nr25_Nc25/syntrophy/optimized_alpha=0.005_gamma=0.5/Metamatrices 0.1328 0.2 0.132755312 0.183949064170993 random_structure 0.0065 100000 0.26462 0.26006 0.00456 0 -5.32036850472415e-06
matrices/Nr25_Nc25/consumption/RandTrix_Nr25_Nc25_Nest0.15_Conn0.1808.txt matrices/Nr25_Nc25/syntrophy/optimized_alpha=0.005_gamma=0.5/Metamatrices 0.1808 0.158059467918623 1 1 fully_connected 0.0039 100000 0.38705 0.38704 1e-05 0 -8.6414776614217e-05
matrices/Nr25_Nc25/consumption/RandTrix_Nr25_Nc25_Nest0.15_Conn0.12.txt matrices/Nr25_Nc25/syntrophy/optimized_alpha=0.005_gamma=0.5/Metamatrices 0.12 0.151419558359621 0.1200596 0.170176625039745 random_structure 0.0091 100000 0.28717 0.28632 0.00085 0 -1.8507668896098e-05
matrices/Nr25_Nc25/consumption/RandTrix_Nr25_Nc25_Nest0.2_Conn0.168.txt matrices/Nr25_Nc25/syntrophy/optimized_alpha=0.005_gamma=0.5/Metamatrices 0.168 0.202270381836945 0.167912752 0.22211544267562 random_structure 0.0065 100000 0.23268 0.23248 0.0002 0 -1.64257229641659e-05
matrices/Nr25_Nc25/consumption/RandTrix_Nr25_Nc25_Nest0.1_Conn0.0816.txt matrices/Nr25_Nc25/syntrophy/optimized_alpha=0.005_gamma=0.5/Metamatrices 0.0816 0.1 1 1 fully_connected 0.0039 100000 0.13519 0.13519 0 0 -0.000397036335332251
matrices/Nr25_Nc25/consumption/RandTrix_Nr25_Nc25_Nest0.35_Conn0.08.txt matrices/Nr25_Nc25/syntrophy/optimized_alpha=0.005_gamma=0.5/Metamatrices 0.08 0.35 0.079996976 0.125904242912168 random_structure 0.0065 100000 0.12149 0.12149 0 0 -0.000152332153523224
matrices/Nr25_Nc25/consumption/RandTrix_Nr25_Nc25_Nest0.15_Conn0.1808.txt matrices/Nr25_Nc25/syntrophy/optimized_alpha=0.005_gamma=0.5/Metamatrices 0.1808 0.158059467918623 0.180786336 0.235835684910872 random_structure 0.0091 100000 0.40708 0.40587 0.00121 0 -8.00914518418615e-05
matrices/Nr25_Nc25/consumption/RandTrix_Nr25_Nc25_Nest0.35_Conn0.1328.txt matrices/Nr25_Nc25/syntrophy/optimized_alpha=0.005_gamma=0.5/Metamatrices 0.1328 0.35 0.132751504 0.184081525089024 random_structure 0.0065 100000 0.1043 0.1043 0 0 -1.50095508067102e-05
matrices/Nr25_Nc25/consumption/RandTrix_Nr25_Nc25_Nest0.35_Conn0.1712.txt matrices/Nr25_Nc25/syntrophy/optimized_alpha=0.005_gamma=0.5/Metamatrices 0.1712 0.35 0.171143824 0.225487657296449 random_structure 0.0065 100000 0.11267 0.11155 0.00112 0 -2.15106855252863e-06
matrices/Nr25_Nc25/consumption/RandTrix_Nr25_Nc25_Nest0.1_Conn0.1296.txt matrices/Nr25_Nc25/syntrophy/optimized_alpha=0.005_gamma=0.5/Metamatrices 0.1296 0.10479375696767 1 1 fully_connected 0.0039 100000 0.37622 0.37399 0.00223 0 -1.64162047485855e-05
matrices/Nr25_Nc25/consumption/RandTrix_Nr25_Nc25_Nest0.25_Conn0.0832.txt matrices/Nr25_Nc25/syntrophy/optimized_alpha=0.005_gamma=0.5/Metamatrices 0.0832 0.25 1 1 fully_connected 0.0039 100000 0.07628 0.07628 0 0 -0.000762906366690304
matrices/Nr25_Nc25/consumption/RandTrix_Nr25_Nc25_Nest0.1_Conn0.0816.txt matrices/Nr25_Nc25/syntrophy/optimized_alpha=0.005_gamma=0.5/Metamatrices 0.0816 0.1 0.0816504 0.127706230677181 random_structure 0.0091 100000 0.30572 0.30572 0 0 -0.000261588010737324
matrices/Nr25_Nc25/consumption/RandTrix_Nr25_Nc25_Nest0.35_Conn0.2208.txt matrices/Nr25_Nc25/syntrophy/optimized_alpha=0.005_gamma=0.5/Metamatrices 0.2208 0.347043701799486 0.220786352 0.278331875332429 random_structure 0.0065 100000 0.18718 0.16301 0.02417 0 -2.31015955269933e-06
matrices/Nr25_Nc25/consumption/RandTrix_Nr25_Nc25_Nest0.25_Conn0.1392.txt matrices/Nr25_Nc25/syntrophy/optimized_alpha=0.005_gamma=0.5/Metamatrices 0.1392 0.25 1 1 fully_connected 0.0039 100000 0.08142 0.08142 0 0 -7.84652530534219e-05
matrices/Nr25_Nc25/consumption/RandTrix_Nr25_Nc25_Nest0.25_Conn0.184.txt matrices/Nr25_Nc25/syntrophy/optimized_alpha=0.005_gamma=0.5/Metamatrices 0.184 0.245901639344262 1 1 fully_connected 0.0039 100000 0.09736 0.09664 0.00072 0 -6.47272031736228e-06
matrices/Nr25_Nc25/consumption/RandTrix_Nr25_Nc25_Nest0.35_Conn0.272.txt matrices/Nr25_Nc25/syntrophy/optimized_alpha=0.005_gamma=0.5/Metamatrices 0.272 0.346769413159455 0.272006016 0.331959923704815 random_structure 0.0065 100000 0.22624 0.22572 0.00052 0 -4.18552380652914e-05
matrices/Nr25_Nc25/consumption/RandTrix_Nr25_Nc25_Nest0.1_Conn0.1296.txt matrices/Nr25_Nc25/syntrophy/optimized_alpha=0.005_gamma=0.5/Metamatrices 0.1296 0.10479375696767 0.129591072 0.180493497009967 random_structure 0.0091 100000 0.47751 0.43388 0.04363 0 -1.49413159186573e-05
matrices/Nr25_Nc25/consumption/RandTrix_Nr25_Nc25_Nest0.25_Conn0.2336.txt matrices/Nr25_Nc25/syntrophy/optimized_alpha=0.005_gamma=0.5/Metamatrices 0.2336 0.252631578947368 1 1 fully_connected 0.0039 100000 0.22642 0.22642 0 0 -8.60354982762158e-05
matrices/Nr25_Nc25/consumption/RandTrix_Nr25_Nc25_Nest0.35_Conn0.3216.txt matrices/Nr25_Nc25/syntrophy/optimized_alpha=0.005_gamma=0.5/Metamatrices 0.3216 0.354089219330855 0.32158664 0.383217870166608 random_structure 0.0065 100000 0.23279 0.21629 0.0165 0 -1.29278949112957e-05
matrices/Nr25_Nc25/consumption/RandTrix_Nr25_Nc25_Nest0.2_Conn0.0896.txt matrices/Nr25_Nc25/syntrophy/optimized_alpha=0.005_gamma=0.5/Metamatrices 0.0896 0.2 1 1 fully_connected 0.0039 100000 0.06638 0.06638 0 0 -7.58058674263266e-05
matrices/Nr25_Nc25/consumption/RandTrix_Nr25_Nc25_Nest0.25_Conn0.0832.txt matrices/Nr25_Nc25/syntrophy/optimized_alpha=0.005_gamma=0.5/Metamatrices 0.0832 0.25 0.083113376 0.129358581384574 random_structure 0.0091 100000 0.17324 0.17324 0 0 -0.000486348203488825
matrices/Nr25_Nc25/consumption/RandTrix_Nr25_Nc25_Nest0.2_Conn0.1328.txt matrices/Nr25_Nc25/syntrophy/optimized_alpha=0.005_gamma=0.5/Metamatrices 0.1328 0.2 1 1 fully_connected 0.0039 100000 0.1143 0.11429 1e-05 0 -8.46703726458066e-06
matrices/Nr25_Nc25/consumption/RandTrix_Nr25_Nc25_Nest0.3_Conn0.0816.txt matrices/Nr25_Nc25/syntrophy/optimized_alpha=0.005_gamma=0.5/Metamatrices 0.0816 0.297435897435897 0.081578816 0.127690488446893 random_structure 0.0065 100000 0.15999 0.15999 0 0 -0.000239105576389346
matrices/Nr25_Nc25/consumption/RandTrix_Nr25_Nc25_Nest0.2_Conn0.168.txt matrices/Nr25_Nc25/syntrophy/optimized_alpha=0.005_gamma=0.5/Metamatrices 0.168 0.202270381836945 1 1 fully_connected 0.0039 100000 0.10734 0.10734 0 0 -2.56845539610438e-05
matrices/Nr25_Nc25/consumption/RandTrix_Nr25_Nc25_Nest0.25_Conn0.1392.txt matrices/Nr25_Nc25/syntrophy/optimized_alpha=0.005_gamma=0.5/Metamatrices 0.1392 0.25 0.13922688 0.19102487756611 random_structure 0.0091 100000 0.15392 0.15392 0 0 -5.7262569636658e-05
matrices/Nr25_Nc25/consumption/RandTrix_Nr25_Nc25_Nest0.3_Conn0.128.txt matrices/Nr25_Nc25/syntrophy/optimized_alpha=0.005_gamma=0.5/Metamatrices 0.128 0.3 0.12796384 0.178782387295096 random_structure 0.0065 100000 0.13206 0.13206 0 0 -2.31140109367311e-05
matrices/Nr25_Nc25/consumption/RandTrix_Nr25_Nc25_Nest0.35_Conn0.08.txt matrices/Nr25_Nc25/syntrophy/optimized_alpha=0.005_gamma=0.5/Metamatrices 0.08 0.35 1 1 fully_connected 0.0039 100000 0.04083 0.04083 0 0 -0.000279434258503538
matrices/Nr25_Nc25/consumption/RandTrix_Nr25_Nc25_Nest0.35_Conn0.1328.txt matrices/Nr25_Nc25/syntrophy/optimized_alpha=0.005_gamma=0.5/Metamatrices 0.1328 0.35 1 1 fully_connected 0.0039 100000 0.04317 0.04317 0 0 -2.45868186980097e-05
matrices/Nr25_Nc25/consumption/RandTrix_Nr25_Nc25_Nest0.25_Conn0.184.txt matrices/Nr25_Nc25/syntrophy/optimized_alpha=0.005_gamma=0.5/Metamatrices 0.184 0.245901639344262 0.183953904 0.239255313202819 random_structure 0.0091 100000 0.18661 0.1651 0.02151 0 -5.01247703700361e-06
matrices/Nr25_Nc25/consumption/RandTrix_Nr25_Nc25_Nest0.35_Conn0.1712.txt matrices/Nr25_Nc25/syntrophy/optimized_alpha=0.005_gamma=0.5/Metamatrices 0.1712 0.35 1 1 fully_connected 0.0039 100000 0.04794 0.04794 0 0 -3.67451845549733e-06
matrices/Nr25_Nc25/consumption/RandTrix_Nr25_Nc25_Nest0.3_Conn0.1776.txt matrices/Nr25_Nc25/syntrophy/optimized_alpha=0.005_gamma=0.5/Metamatrices 0.1776 0.3 0.177644912 0.232486576088497 random_structure 0.0065 100000 0.20391 0.2039 1e-05 0 -5.00636445861242e-05
matrices/Nr25_Nc25/consumption/RandTrix_Nr25_Nc25_Nest0.35_Conn0.2208.txt matrices/Nr25_Nc25/syntrophy/optimized_alpha=0.005_gamma=0.5/Metamatrices 0.2208 0.347043701799486 1 1 fully_connected 0.0039 100000 0.12755 0.125 0.00255 0 -2.72150669287211e-06
matrices/Nr25_Nc25/consumption/RandTrix_Nr25_Nc25_Nest0.3_Conn0.2272.txt matrices/Nr25_Nc25/syntrophy/optimized_alpha=0.005_gamma=0.5/Metamatrices 0.2272 0.297439759036145 0.227270352 0.285125069449428 random_structure 0.0065 100000 0.23474 0.23422 0.00052 0 -4.24726607332377e-05
matrices/Nr25_Nc25/consumption/RandTrix_Nr25_Nc25_Nest0.25_Conn0.2336.txt matrices/Nr25_Nc25/syntrophy/optimized_alpha=0.005_gamma=0.5/Metamatrices 0.2336 0.252631578947368 0.233576848 0.291840549287964 random_structure 0.0091 100000 0.26796 0.26765 0.00031 0 -7.39749785601133e-05
matrices/Nr25_Nc25/consumption/RandTrix_Nr25_Nc25_Nest0.35_Conn0.272.txt matrices/Nr25_Nc25/syntrophy/optimized_alpha=0.005_gamma=0.5/Metamatrices 0.272 0.346769413159455 1 1 fully_connected 0.0039 100000 0.19163 0.19163 0 0 -4.94188133015494e-05
matrices/Nr25_Nc25/consumption/RandTrix_Nr25_Nc25_Nest0.2_Conn0.0896.txt matrices/Nr25_Nc25/syntrophy/optimized_alpha=0.005_gamma=0.5/Metamatrices 0.0896 0.2 0.089666384 0.136644480958498 random_structure 0.0091 100000 0.15003 0.15003 0 0 -4.92500210444147e-05
matrices/Nr25_Nc25/consumption/RandTrix_Nr25_Nc25_Nest0.3_Conn0.2816.txt matrices/Nr25_Nc25/syntrophy/optimized_alpha=0.005_gamma=0.5/Metamatrices 0.2816 0.302762430939227 0.281599216 0.341924575730716 random_structure 0.0065 100000 0.27046 0.25736 0.0131 0 -1.59936562716623e-05
matrices/Nr25_Nc25/consumption/RandTrix_Nr25_Nc25_Nest0.35_Conn0.3216.txt matrices/Nr25_Nc25/syntrophy/optimized_alpha=0.005_gamma=0.5/Metamatrices 0.3216 0.354089219330855 1 1 fully_connected 0.0039 100000 0.20833 0.20764 0.00069 0 -1.36686607101855e-05
matrices/Nr25_Nc25/consumption/RandTrix_Nr25_Nc25_Nest0.3_Conn0.0816.txt matrices/Nr25_Nc25/syntrophy/optimized_alpha=0.005_gamma=0.5/Metamatrices 0.0816 0.297435897435897 1 1 fully_connected 0.0039 100000 0.05733 0.05733 0 0 -0.000420024915552577
matrices/Nr25_Nc25/consumption/RandTrix_Nr25_Nc25_Nest0.45_Conn0.0816.txt matrices/Nr25_Nc25/syntrophy/optimized_alpha=0.005_gamma=0.5/Metamatrices 0.0816 0.452 0.081576784 0.127621490825271 random_structure 0.0065 100000 0.10528 0.10528 0 0 -0.000110599034240643
matrices/Nr25_Nc25/consumption/RandTrix_Nr25_Nc25_Nest0.2_Conn0.1328.txt matrices/Nr25_Nc25/syntrophy/optimized_alpha=0.005_gamma=0.5/Metamatrices 0.1328 0.2 0.132755312 0.183949064170993 random_structure 0.0091 100000 0.22183 0.21692 0.00491 0 -6.00565981608373e-06
matrices/Nr25_Nc25/consumption/RandTrix_Nr25_Nc25_Nest0.3_Conn0.128.txt matrices/Nr25_Nc25/syntrophy/optimized_alpha=0.005_gamma=0.5/Metamatrices 0.128 0.3 1 1 fully_connected 0.0039 100000 0.05277 0.05277 0 0 -3.87154187032254e-05
matrices/Nr25_Nc25/consumption/RandTrix_Nr25_Nc25_Nest0.45_Conn0.1232.txt matrices/Nr25_Nc25/syntrophy/optimized_alpha=0.005_gamma=0.5/Metamatrices 0.1232 0.45 0.12315704 0.173517349826708 random_structure 0.0065 100000 0.09734 0.09734 0 0 -4.04323513705754e-05
matrices/Nr25_Nc25/consumption/RandTrix_Nr25_Nc25_Nest0.3_Conn0.1776.txt matrices/Nr25_Nc25/syntrophy/optimized_alpha=0.005_gamma=0.5/Metamatrices 0.1776 0.3 1 1 fully_connected 0.0039 100000 0.09282 0.09282 0 0 -7.72252850941354e-05
matrices/Nr25_Nc25/consumption/RandTrix_Nr25_Nc25_Nest0.45_Conn0.1856.txt matrices/Nr25_Nc25/syntrophy/optimized_alpha=0.005_gamma=0.5/Metamatrices 0.1856 0.449874686716792 0.185651904 0.241018467824665 random_structure 0.0065 100000 0.12569 0.12569 0 0 -3.13844190983625e-05
matrices/Nr25_Nc25/consumption/RandTrix_Nr25_Nc25_Nest0.2_Conn0.168.txt matrices/Nr25_Nc25/syntrophy/optimized_alpha=0.005_gamma=0.5/Metamatrices 0.168 0.202270381836945 0.167912752 0.22211544267562 random_structure 0.0091 100000 0.19198 0.1916 0.00038 0 -1.85983086494241e-05
matrices/Nr25_Nc25/consumption/RandTrix_Nr25_Nc25_Nest0.3_Conn0.2272.txt matrices/Nr25_Nc25/syntrophy/optimized_alpha=0.005_gamma=0.5/Metamatrices 0.2272 0.297439759036145 1 1 fully_connected 0.0039 100000 0.15572 0.15572 0 0 -5.6147783717594e-05
matrices/Nr25_Nc25/consumption/RandTrix_Nr25_Nc25_Nest0.45_Conn0.216.txt matrices/Nr25_Nc25/syntrophy/optimized_alpha=0.005_gamma=0.5/Metamatrices 0.216 0.45 0.215925744 0.273228251723648 random_structure 0.0065 100000 0.09352 0.09338 0.00014 0 -8.02633121993349e-06
matrices/Nr25_Nc25/consumption/RandTrix_Nr25_Nc25_Nest0.35_Conn0.08.txt matrices/Nr25_Nc25/syntrophy/optimized_alpha=0.005_gamma=0.5/Metamatrices 0.08 0.35 0.079996976 0.125904242912168 random_structure 0.0091 100000 0.10231 0.10231 0 0 -0.00017217433650362
matrices/Nr25_Nc25/consumption/RandTrix_Nr25_Nc25_Nest0.35_Conn0.1328.txt matrices/Nr25_Nc25/syntrophy/optimized_alpha=0.005_gamma=0.5/Metamatrices 0.1328 0.35 0.132751504 0.184081525089024 random_structure 0.0091 100000 0.08559 0.08558 1e-05 0 -1.70721854357371e-05
matrices/Nr25_Nc25/consumption/RandTrix_Nr25_Nc25_Nest0.45_Conn0.2672.txt matrices/Nr25_Nc25/syntrophy/optimized_alpha=0.005_gamma=0.5/Metamatrices 0.2672 0.446518305814788 0.26723264 0.327031051778052 random_structure 0.0065 100000 0.12642 0.11986 0.00656 0 -6.32548846924305e-06
matrices/Nr25_Nc25/consumption/RandTrix_Nr25_Nc25_Nest0.3_Conn0.2816.txt matrices/Nr25_Nc25/syntrophy/optimized_alpha=0.005_gamma=0.5/Metamatrices 0.2816 0.302762430939227 1 1 fully_connected 0.0039 100000 0.21298 0.21264 0.00034 0 -1.89526532729904e-05
matrices/Nr25_Nc25/consumption/RandTrix_Nr25_Nc25_Nest0.35_Conn0.1712.txt matrices/Nr25_Nc25/syntrophy/optimized_alpha=0.005_gamma=0.5/Metamatrices 0.1712 0.35 0.171143824 0.225487657296449 random_structure 0.0091 100000 0.09286 0.09164 0.00122 0 -2.48776894052342e-06
matrices/Nr25_Nc25/consumption/RandTrix_Nr25_Nc25_Nest0.45_Conn0.0816.txt matrices/Nr25_Nc25/syntrophy/optimized_alpha=0.005_gamma=0.5/Metamatrices 0.0816 0.452 1 1 fully_connected 0.0039 100000 0.03559 0.03559 0 0 -0.000214428557501375
matrices/Nr25_Nc25/consumption/RandTrix_Nr25_Nc25_Nest0.45_Conn0.3168.txt matrices/Nr25_Nc25/syntrophy/optimized_alpha=0.005_gamma=0.5/Metamatrices 0.3168 0.445459430413756 0.316826432 0.378293594942214 random_structure 0.0065 100000 0.16794 0.15789 0.01005 0 -8.63378678103162e-06
matrices/Nr25_Nc25/consumption/RandTrix_Nr25_Nc25_Nest0.45_Conn0.1232.txt matrices/Nr25_Nc25/syntrophy/optimized_alpha=0.005_gamma=0.5/Metamatrices 0.1232 0.45 1 1 fully_connected 0.0039 100000 0.0377 0.0377 0 0 -6.72975816908099e-05
matrices/Nr25_Nc25/consumption/RandTrix_Nr25_Nc25_Nest0.35_Conn0.2208.txt matrices/Nr25_Nc25/syntrophy/optimized_alpha=0.005_gamma=0.5/Metamatrices 0.2208 0.347043701799486 0.220786352 0.278331875332429 random_structure 0.0091 100000 0.15866 0.13613 0.02253 0 -2.65937450274436e-06
matrices/Nr25_Nc25/consumption/RandTrix_Nr25_Nc25_Nest0.45_Conn0.1856.txt matrices/Nr25_Nc25/syntrophy/optimized_alpha=0.005_gamma=0.5/Metamatrices 0.1856 0.449874686716792 1 1 fully_connected 0.0039 100000 0.05894 0.05894 0 0 -4.63004937630442e-05
matrices/Nr25_Nc25/consumption/RandTrix_Nr25_Nc25_Nest0.45_Conn0.216.txt matrices/Nr25_Nc25/syntrophy/optimized_alpha=0.005_gamma=0.5/Metamatrices 0.216 0.45 1 1 fully_connected 0.0039 100000 0.04501 0.04501 0 0 -1.20961459933979e-05
matrices/Nr25_Nc25/consumption/RandTrix_Nr25_Nc25_Nest0.45_Conn0.384.txt matrices/Nr25_Nc25/syntrophy/optimized_alpha=0.005_gamma=0.5/Metamatrices 0.384 0.452352708580467 0.38407128 0.44681058644526 random_structure 0.0065 100000 0.18614 0.18309 0.00305 0 -2.70866517977832e-05
matrices/Nr25_Nc25/consumption/RandTrix_Nr25_Nc25_Nest0.45_Conn0.2672.txt matrices/Nr25_Nc25/syntrophy/optimized_alpha=0.005_gamma=0.5/Metamatrices 0.2672 0.446518305814788 1 1 fully_connected 0.0039 100000 0.06761 0.06704 0.00057 0 -8.52139830488569e-06
matrices/Nr25_Nc25/consumption/RandTrix_Nr25_Nc25_Nest0.35_Conn0.272.txt matrices/Nr25_Nc25/syntrophy/optimized_alpha=0.005_gamma=0.5/Metamatrices 0.272 0.346769413159455 0.272006016 0.331959923704815 random_structure 0.0091 100000 0.20416 0.20352 0.00064 0 -4.58100039582902e-05
matrices/Nr25_Nc25/consumption/RandTrix_Nr25_Nc25_Nest0.45_Conn0.3168.txt matrices/Nr25_Nc25/syntrophy/optimized_alpha=0.005_gamma=0.5/Metamatrices 0.3168 0.445459430413756 1 1 fully_connected 0.0039 100000 0.12942 0.1289 0.00052 0 -9.57082761177063e-06
matrices/Nr25_Nc25/consumption/RandTrix_Nr25_Nc25_Nest0.45_Conn0.424.txt matrices/Nr25_Nc25/syntrophy/optimized_alpha=0.005_gamma=0.5/Metamatrices 0.424 0.454737583656217 0.423948672 0.486930577884256 random_structure 0.0065 100000 0.20652 0.20288 0.00364 0 -2.97484764424587e-05
matrices/Nr25_Nc25/consumption/RandTrix_Nr25_Nc25_Nest0.35_Conn0.3216.txt matrices/Nr25_Nc25/syntrophy/optimized_alpha=0.005_gamma=0.5/Metamatrices 0.3216 0.354089219330855 0.32158664 0.383217870166608 random_structure 0.0091 100000 0.2129 0.19544 0.01746 0 -1.41932413515598e-05
matrices/Nr25_Nc25/consumption/RandTrix_Nr25_Nc25_Nest0.4_Conn0.0784.txt matrices/Nr25_Nc25/syntrophy/optimized_alpha=0.005_gamma=0.5/Metamatrices 0.0784 0.4 0.078354096 0.124042620653117 random_structure 0.0065 100000 0.11339 0.11339 0 0 -0.000141127667057599
matrices/Nr25_Nc25/consumption/RandTrix_Nr25_Nc25_Nest0.45_Conn0.384.txt matrices/Nr25_Nc25/syntrophy/optimized_alpha=0.005_gamma=0.5/Metamatrices 0.384 0.452352708580467 1 1 fully_connected 0.0039 100000 0.17301 0.17298 3e-05 0 -2.8820772248498e-05
matrices/Nr25_Nc25/consumption/RandTrix_Nr25_Nc25_Nest0.3_Conn0.0816.txt matrices/Nr25_Nc25/syntrophy/optimized_alpha=0.005_gamma=0.5/Metamatrices 0.0816 0.297435897435897 0.081578816 0.127690488446893 random_structure 0.0091 100000 0.13396 0.13396 0 0 -0.000269679381729648
matrices/Nr25_Nc25/consumption/RandTrix_Nr25_Nc25_Nest0.4_Conn0.1232.txt matrices/Nr25_Nc25/syntrophy/optimized_alpha=0.005_gamma=0.5/Metamatrices 0.1232 0.399558498896247 0.12320344 0.173573905125253 random_structure 0.0065 100000 0.15123 0.15123 0 0 -0.000160800542560857
matrices/Nr25_Nc25/consumption/RandTrix_Nr25_Nc25_Nest0.3_Conn0.128.txt matrices/Nr25_Nc25/syntrophy/optimized_alpha=0.005_gamma=0.5/Metamatrices 0.128 0.3 0.12796384 0.178782387295096 random_structure 0.0091 100000 0.10986 0.10985 1e-05 0 -2.61120974932155e-05
matrices/Nr25_Nc25/consumption/RandTrix_Nr25_Nc25_Nest0.4_Conn0.2032.txt matrices/Nr25_Nc25/syntrophy/optimized_alpha=0.005_gamma=0.5/Metamatrices 0.2032 0.4 0.203216288 0.259765429244098 random_structure 0.0065 100000 0.13939 0.13915 0.00024 0 -1.37868857727411e-05
matrices/Nr25_Nc25/consumption/RandTrix_Nr25_Nc25_Nest0.45_Conn0.424.txt matrices/Nr25_Nc25/syntrophy/optimized_alpha=0.005_gamma=0.5/Metamatrices 0.424 0.454737583656217 1 1 fully_connected 0.0039 100000 0.18845 0.18838 7e-05 0 -3.16450869455805e-05
matrices/Nr25_Nc25/consumption/RandTrix_Nr25_Nc25_Nest0.4_Conn0.0784.txt matrices/Nr25_Nc25/syntrophy/optimized_alpha=0.005_gamma=0.5/Metamatrices 0.0784 0.4 1 1 fully_connected 0.0039 100000 0.03924 0.03924 0 0 -0.0002572540467175
matrices/Nr25_Nc25/consumption/RandTrix_Nr25_Nc25_Nest0.3_Conn0.1776.txt matrices/Nr25_Nc25/syntrophy/optimized_alpha=0.005_gamma=0.5/Metamatrices 0.1776 0.3 0.177644912 0.232486576088497 random_structure 0.0091 100000 0.16779 0.16778 1e-05 0 -5.66346968895349e-05
matrices/Nr25_Nc25/consumption/RandTrix_Nr25_Nc25_Nest0.4_Conn0.2288.txt matrices/Nr25_Nc25/syntrophy/optimized_alpha=0.005_gamma=0.5/Metamatrices 0.2288 0.4 0.228796896 0.286708766833243 random_structure 0.0065 100000 0.11891 0.10833 0.01058 0 -2.17198920775119e-06
matrices/Nr25_Nc25/consumption/RandTrix_Nr25_Nc25_Nest0.4_Conn0.1232.txt matrices/Nr25_Nc25/syntrophy/optimized_alpha=0.005_gamma=0.5/Metamatrices 0.1232 0.399558498896247 1 1 fully_connected 0.0039 100000 0.06436 0.06436 0 0 -0.000265645706183202
matrices/Nr25_Nc25/consumption/RandTrix_Nr25_Nc25_Nest0.4_Conn0.272.txt matrices/Nr25_Nc25/syntrophy/optimized_alpha=0.005_gamma=0.5/Metamatrices 0.272 0.397260273972603 0.27201152 0.33196892525202 random_structure 0.0065 100000 0.13103 0.13047 0.00056 0 -1.88377153277206e-05
matrices/Nr25_Nc25/consumption/RandTrix_Nr25_Nc25_Nest0.4_Conn0.2032.txt matrices/Nr25_Nc25/syntrophy/optimized_alpha=0.005_gamma=0.5/Metamatrices 0.2032 0.4 1 1 fully_connected 0.0039 100000 0.09307 0.09307 0 0 -1.88546112942217e-05
matrices/Nr25_Nc25/consumption/RandTrix_Nr25_Nc25_Nest0.3_Conn0.2272.txt matrices/Nr25_Nc25/syntrophy/optimized_alpha=0.005_gamma=0.5/Metamatrices 0.2272 0.297439759036145 0.227270352 0.285125069449428 random_structure 0.0091 100000 0.20344 0.20293 0.00051 0 -4.74108324801567e-05
matrices/Nr25_Nc25/consumption/RandTrix_Nr25_Nc25_Nest0.4_Conn0.2288.txt matrices/Nr25_Nc25/syntrophy/optimized_alpha=0.005_gamma=0.5/Metamatrices 0.2288 0.4 1 1 fully_connected 0.0039 100000 0.05984 0.05941 0.00043 0 -2.93131577570303e-06
matrices/Nr25_Nc25/consumption/RandTrix_Nr25_Nc25_Nest0.4_Conn0.272.txt matrices/Nr25_Nc25/syntrophy/optimized_alpha=0.005_gamma=0.5/Metamatrices 0.272 0.397260273972603 1 1 fully_connected 0.0039 100000 0.06753 0.06752 1e-05 0 -2.78520216448394e-05
matrices/Nr25_Nc25/consumption/RandTrix_Nr25_Nc25_Nest0.4_Conn0.3312.txt matrices/Nr25_Nc25/syntrophy/optimized_alpha=0.005_gamma=0.5/Metamatrices 0.3312 0.396235521235521 0.331298784 0.39317321309248 random_structure 0.0065 100000 0.18074 0.16681 0.01393 0 -9.24033273675702e-06
matrices/Nr25_Nc25/consumption/RandTrix_Nr25_Nc25_Nest0.4_Conn0.3312.txt matrices/Nr25_Nc25/syntrophy/optimized_alpha=0.005_gamma=0.5/Metamatrices 0.3312 0.396235521235521 1 1 fully_connected 0.0039 100000 0.14321 0.1427 0.00051 0 -1.07261181559361e-05
matrices/Nr25_Nc25/consumption/RandTrix_Nr25_Nc25_Nest0.3_Conn0.2816.txt matrices/Nr25_Nc25/syntrophy/optimized_alpha=0.005_gamma=0.5/Metamatrices 0.2816 0.302762430939227 0.281599216 0.341924575730716 random_structure 0.0091 100000 0.24665 0.23244 0.01421 0 -1.75025912028459e-05
matrices/Nr25_Nc25/consumption/RandTrix_Nr25_Nc25_Nest0.4_Conn0.3712.txt matrices/Nr25_Nc25/syntrophy/optimized_alpha=0.005_gamma=0.5/Metamatrices 0.3712 0.40494527766518 0.371228144 0.433798378059447 random_structure 0.0065 100000 0.22004 0.21813 0.00191 0 -4.06853974393816e-05
matrices/Nr25_Nc25/consumption/RandTrix_Nr25_Nc25_Nest0.45_Conn0.0816.txt matrices/Nr25_Nc25/syntrophy/optimized_alpha=0.005_gamma=0.5/Metamatrices 0.0816 0.452 0.081576784 0.127621490825271 random_structure 0.0091 100000 0.08936 0.08936 0 0 -0.000124890698668465
matrices/Nr25_Nc25/consumption/RandTrix_Nr25_Nc25_Nest0.45_Conn0.1232.txt matrices/Nr25_Nc25/syntrophy/optimized_alpha=0.005_gamma=0.5/Metamatrices 0.1232 0.45 0.12315704 0.173517349826708 random_structure 0.0091 100000 0.08174 0.08174 0 0 -4.55413011388315e-05
matrices/Nr25_Nc25/consumption/RandTrix_Nr25_Nc25_Nest0.4_Conn0.3712.txt matrices/Nr25_Nc25/syntrophy/optimized_alpha=0.005_gamma=0.5/Metamatrices 0.3712 0.40494527766518 1 1 fully_connected 0.0039 100000 0.20687 0.20686 1e-05 0 -4.29325004954594e-05
matrices/Nr25_Nc25/consumption/RandTrix_Nr25_Nc25_Nest0.55_Conn0.0992.txt matrices/Nr25_Nc25/syntrophy/optimized_alpha=0.005_gamma=0.5/Metamatrices 0.0992 0.548109965635739 0.099190576 0.147182009600499 random_structure 0.0065 100000 0.09493 0.09493 0 0 -0.000102284852908453
matrices/Nr25_Nc25/consumption/RandTrix_Nr25_Nc25_Nest0.55_Conn0.0992.txt matrices/Nr25_Nc25/syntrophy/optimized_alpha=0.005_gamma=0.5/Metamatrices 0.0992 0.548109965635739 1 1 fully_connected 0.0039 100000 0.03251 0.03251 0 0 -0.000186198009185941
matrices/Nr25_Nc25/consumption/RandTrix_Nr25_Nc25_Nest0.45_Conn0.1856.txt matrices/Nr25_Nc25/syntrophy/optimized_alpha=0.005_gamma=0.5/Metamatrices 0.1856 0.449874686716792 0.185651904 0.241018467824665 random_structure 0.0091 100000 0.10076 0.10076 0 0 -3.56835357275945e-05
matrices/Nr25_Nc25/consumption/RandTrix_Nr25_Nc25_Nest0.55_Conn0.1248.txt matrices/Nr25_Nc25/syntrophy/optimized_alpha=0.005_gamma=0.5/Metamatrices 0.1248 0.55 1 1 fully_connected 0.0039 100000 0.03388 0.03388 0 0 -8.38659249204057e-05
matrices/Nr25_Nc25/consumption/RandTrix_Nr25_Nc25_Nest0.55_Conn0.1248.txt matrices/Nr25_Nc25/syntrophy/optimized_alpha=0.005_gamma=0.5/Metamatrices 0.1248 0.55 0.124778176 0.175266382420412 random_structure 0.0065 100000 0.08708 0.08708 0 0 -4.99543691311866e-05
matrices/Nr25_Nc25/consumption/RandTrix_Nr25_Nc25_Nest0.45_Conn0.216.txt matrices/Nr25_Nc25/syntrophy/optimized_alpha=0.005_gamma=0.5/Metamatrices 0.216 0.45 0.215925744 0.273228251723648 random_structure 0.0091 100000 0.07461 0.07446 0.00015 0 -9.2212321702996e-06
matrices/Nr25_Nc25/consumption/RandTrix_Nr25_Nc25_Nest0.55_Conn0.184.txt matrices/Nr25_Nc25/syntrophy/optimized_alpha=0.005_gamma=0.5/Metamatrices 0.184 0.55019556714472 1 1 fully_connected 0.0039 100000 0.04477 0.04477 0 0 -2.68310626037654e-05
matrices/Nr25_Nc25/consumption/RandTrix_Nr25_Nc25_Nest0.55_Conn0.2304.txt matrices/Nr25_Nc25/syntrophy/optimized_alpha=0.005_gamma=0.5/Metamatrices 0.2304 0.55 1 1 fully_connected 0.0039 100000 0.03995 0.03995 0 0 -9.73355794854854e-06
matrices/Nr25_Nc25/consumption/RandTrix_Nr25_Nc25_Nest0.55_Conn0.184.txt matrices/Nr25_Nc25/syntrophy/optimized_alpha=0.005_gamma=0.5/Metamatrices 0.184 0.55019556714472 0.184002832 0.239366730130113 random_structure 0.0065 100000 0.09306 0.09306 0 0 -1.82918168991418e-05
matrices/Nr25_Nc25/consumption/RandTrix_Nr25_Nc25_Nest0.45_Conn0.2672.txt matrices/Nr25_Nc25/syntrophy/optimized_alpha=0.005_gamma=0.5/Metamatrices 0.2672 0.446518305814788 0.26723264 0.327031051778052 random_structure 0.0091 100000 0.10153 0.09546 0.00607 0 -7.24531954364214e-06
matrices/Nr25_Nc25/consumption/RandTrix_Nr25_Nc25_Nest0.55_Conn0.3024.txt matrices/Nr25_Nc25/syntrophy/optimized_alpha=0.005_gamma=0.5/Metamatrices 0.3024 0.550095724313976 1 1 fully_connected 0.0039 100000 0.04701 0.04679 0.00022 0 -6.55281928962503e-06
matrices/Nr25_Nc25/consumption/RandTrix_Nr25_Nc25_Nest0.55_Conn0.2304.txt matrices/Nr25_Nc25/syntrophy/optimized_alpha=0.005_gamma=0.5/Metamatrices 0.2304 0.55 0.230388 0.288508751491761 random_structure 0.0065 100000 0.07597 0.07589 8e-05 0 -6.76624132645325e-06
matrices/Nr25_Nc25/consumption/RandTrix_Nr25_Nc25_Nest0.55_Conn0.3344.txt matrices/Nr25_Nc25/syntrophy/optimized_alpha=0.005_gamma=0.5/Metamatrices 0.3344 0.547425474254743 1 1 fully_connected 0.0039 100000 0.08839 0.08822 0.00017 0 -1.6426499893809e-05
matrices/Nr25_Nc25/consumption/RandTrix_Nr25_Nc25_Nest0.45_Conn0.3168.txt matrices/Nr25_Nc25/syntrophy/optimized_alpha=0.005_gamma=0.5/Metamatrices 0.3168 0.445459430413756 0.316826432 0.378293594942214 random_structure 0.0091 100000 0.14607 0.13632 0.00975 0 -9.70390785758637e-06
matrices/Nr25_Nc25/consumption/RandTrix_Nr25_Nc25_Nest0.55_Conn0.3024.txt matrices/Nr25_Nc25/syntrophy/optimized_alpha=0.005_gamma=0.5/Metamatrices 0.3024 0.550095724313976 0.302421856 0.363439132180026 random_structure 0.0065 100000 0.08537 0.0821 0.00327 0 -4.78360225659688e-06
matrices/Nr25_Nc25/consumption/RandTrix_Nr25_Nc25_Nest0.55_Conn0.3824.txt matrices/Nr25_Nc25/syntrophy/optimized_alpha=0.005_gamma=0.5/Metamatrices 0.3824 0.547794117647059 1 1 fully_connected 0.0039 100000 0.09036 0.08819 0.00217 0 -2.70431659717111e-06
matrices/Nr25_Nc25/consumption/RandTrix_Nr25_Nc25_Nest0.45_Conn0.384.txt matrices/Nr25_Nc25/syntrophy/optimized_alpha=0.005_gamma=0.5/Metamatrices 0.384 0.452352708580467 0.38407128 0.44681058644526 random_structure 0.0091 100000 0.16737 0.16378 0.00359 0 -2.99447211408713e-05
matrices/Nr25_Nc25/consumption/RandTrix_Nr25_Nc25_Nest0.55_Conn0.3344.txt matrices/Nr25_Nc25/syntrophy/optimized_alpha=0.005_gamma=0.5/Metamatrices 0.3344 0.547425474254743 0.334381328 0.396326884943407 random_structure 0.0065 100000 0.11463 0.11259 0.00204 0 -1.38751184695804e-05
matrices/Nr25_Nc25/consumption/RandTrix_Nr25_Nc25_Nest0.55_Conn0.4176.txt matrices/Nr25_Nc25/syntrophy/optimized_alpha=0.005_gamma=0.5/Metamatrices 0.4176 0.546571541815299 1 1 fully_connected 0.0039 100000 0.14859 0.13387 0.01472 0 -4.20622950434745e-06
matrices/Nr25_Nc25/consumption/RandTrix_Nr25_Nc25_Nest0.5_Conn0.0912.txt matrices/Nr25_Nc25/syntrophy/optimized_alpha=0.005_gamma=0.5/Metamatrices 0.0912 0.50278293135436 1 1 fully_connected 0.0039 100000 0.03337 0.03337 0 0 -0.00019012022976717
matrices/Nr25_Nc25/consumption/RandTrix_Nr25_Nc25_Nest0.55_Conn0.3824.txt matrices/Nr25_Nc25/syntrophy/optimized_alpha=0.005_gamma=0.5/Metamatrices 0.3824 0.547794117647059 0.382394496 0.445104756316697 random_structure 0.0065 100000 0.11912 0.1044 0.01472 0 -2.48118268983475e-06
matrices/Nr25_Nc25/consumption/RandTrix_Nr25_Nc25_Nest0.45_Conn0.424.txt matrices/Nr25_Nc25/syntrophy/optimized_alpha=0.005_gamma=0.5/Metamatrices 0.424 0.454737583656217 0.423948672 0.486930577884256 random_structure 0.0091 100000 0.18666 0.18277 0.00389 0 -3.26291482733082e-05
matrices/Nr25_Nc25/consumption/RandTrix_Nr25_Nc25_Nest0.5_Conn0.1248.txt matrices/Nr25_Nc25/syntrophy/optimized_alpha=0.005_gamma=0.5/Metamatrices 0.1248 0.5 1 1 fully_connected 0.0039 100000 0.03972 0.03972 0 0 -0.000125331007663339
matrices/Nr25_Nc25/consumption/RandTrix_Nr25_Nc25_Nest0.5_Conn0.1744.txt matrices/Nr25_Nc25/syntrophy/optimized_alpha=0.005_gamma=0.5/Metamatrices 0.1744 0.5 1 1 fully_connected 0.0039 100000 0.05442 0.05442 0 0 -8.26246783783391e-05
matrices/Nr25_Nc25/consumption/RandTrix_Nr25_Nc25_Nest0.55_Conn0.4176.txt matrices/Nr25_Nc25/syntrophy/optimized_alpha=0.005_gamma=0.5/Metamatrices 0.4176 0.546571541815299 0.417561664 0.480548326314756 random_structure 0.0065 100000 0.16133 0.13754 0.02379 0 -4.07327933240609e-06
matrices/Nr25_Nc25/consumption/RandTrix_Nr25_Nc25_Nest0.4_Conn0.0784.txt matrices/Nr25_Nc25/syntrophy/optimized_alpha=0.005_gamma=0.5/Metamatrices 0.0784 0.4 0.078354096 0.124042620653117 random_structure 0.0091 100000 0.09521 0.09521 0 0 -0.000159737307798814
matrices/Nr25_Nc25/consumption/RandTrix_Nr25_Nc25_Nest0.5_Conn0.2496.txt matrices/Nr25_Nc25/syntrophy/optimized_alpha=0.005_gamma=0.5/Metamatrices 0.2496 0.5 1 1 fully_connected 0.0039 100000 0.06158 0.06158 0 0 -2.62325926464907e-05
matrices/Nr25_Nc25/consumption/RandTrix_Nr25_Nc25_Nest0.5_Conn0.0912.txt matrices/Nr25_Nc25/syntrophy/optimized_alpha=0.005_gamma=0.5/Metamatrices 0.0912 0.50278293135436 0.091238304 0.138474065529153 random_structure 0.0065 100000 0.0983 0.0983 0 0 -0.000101816487829558
matrices/Nr25_Nc25/consumption/RandTrix_Nr25_Nc25_Nest0.4_Conn0.1232.txt matrices/Nr25_Nc25/syntrophy/optimized_alpha=0.005_gamma=0.5/Metamatrices 0.1232 0.399558498896247 0.12320344 0.173573905125253 random_structure 0.0091 100000 0.12237 0.12237 0 0 -0.00018417529508159
matrices/Nr25_Nc25/consumption/RandTrix_Nr25_Nc25_Nest0.5_Conn0.2928.txt matrices/Nr25_Nc25/syntrophy/optimized_alpha=0.005_gamma=0.5/Metamatrices 0.2928 0.5 1 1 fully_connected 0.0039 100000 0.10248 0.10244 4e-05 0 -1.36881528743905e-05
matrices/Nr25_Nc25/consumption/RandTrix_Nr25_Nc25_Nest0.5_Conn0.1248.txt matrices/Nr25_Nc25/syntrophy/optimized_alpha=0.005_gamma=0.5/Metamatrices 0.1248 0.5 0.124842272 0.175341620733262 random_structure 0.0065 100000 0.09945 0.09945 0 0 -7.53261098746859e-05
matrices/Nr25_Nc25/consumption/RandTrix_Nr25_Nc25_Nest0.4_Conn0.2032.txt matrices/Nr25_Nc25/syntrophy/optimized_alpha=0.005_gamma=0.5/Metamatrices 0.2032 0.4 0.203216288 0.259765429244098 random_structure 0.0091 100000 0.11827 0.11789 0.00038 0 -1.56588113581814e-05
matrices/Nr25_Nc25/consumption/RandTrix_Nr25_Nc25_Nest0.5_Conn0.32.txt matrices/Nr25_Nc25/syntrophy/optimized_alpha=0.005_gamma=0.5/Metamatrices 0.32 0.498845265588915 1 1 fully_connected 0.0039 100000 0.12185 0.12137 0.00048 0 -7.28249921477182e-06
matrices/Nr25_Nc25/consumption/RandTrix_Nr25_Nc25_Nest0.5_Conn0.1744.txt matrices/Nr25_Nc25/syntrophy/optimized_alpha=0.005_gamma=0.5/Metamatrices 0.1744 0.5 0.174479408 0.22911241459649 random_structure 0.0065 100000 0.11492 0.11492 0 0 -5.61385514063289e-05
matrices/Nr25_Nc25/consumption/RandTrix_Nr25_Nc25_Nest0.4_Conn0.2288.txt matrices/Nr25_Nc25/syntrophy/optimized_alpha=0.005_gamma=0.5/Metamatrices 0.2288 0.4 0.228796896 0.286708766833243 random_structure 0.0091 100000 0.09506 0.08552 0.00954 0 -2.53301912435192e-06
matrices/Nr25_Nc25/consumption/RandTrix_Nr25_Nc25_Nest0.5_Conn0.3824.txt matrices/Nr25_Nc25/syntrophy/optimized_alpha=0.005_gamma=0.5/Metamatrices 0.3824 0.496305953933073 1 1 fully_connected 0.0039 100000 0.13784 0.13743 0.00041 0 -8.15332838456723e-06
matrices/Nr25_Nc25/consumption/RandTrix_Nr25_Nc25_Nest0.5_Conn0.2496.txt matrices/Nr25_Nc25/syntrophy/optimized_alpha=0.005_gamma=0.5/Metamatrices 0.2496 0.5 0.249553728 0.308493730090267 random_structure 0.0065 100000 0.11367 0.11367 0 0 -1.94316776255976e-05
matrices/Nr25_Nc25/consumption/RandTrix_Nr25_Nc25_Nest0.4_Conn0.272.txt matrices/Nr25_Nc25/syntrophy/optimized_alpha=0.005_gamma=0.5/Metamatrices 0.272 0.397260273972603 0.27201152 0.33196892525202 random_structure 0.0091 100000 0.10632 0.10577 0.00055 0 -2.13379242141783e-05
matrices/Nr25_Nc25/consumption/RandTrix_Nr25_Nc25_Nest0.5_Conn0.416.txt matrices/Nr25_Nc25/syntrophy/optimized_alpha=0.005_gamma=0.5/Metamatrices 0.416 0.504988488104375 1 1 fully_connected 0.0039 100000 0.1278 0.12706 0.00074 0 -8.17454612975574e-06
matrices/Nr25_Nc25/consumption/RandTrix_Nr25_Nc25_Nest0.6_Conn0.12.txt matrices/Nr25_Nc25/syntrophy/optimized_alpha=0.005_gamma=0.5/Metamatrices 0.12 0.6 1 1 fully_connected 0.0039 100000 0.0323 0.0323 0 0 -0.000151901732248545
matrices/Nr25_Nc25/consumption/RandTrix_Nr25_Nc25_Nest0.5_Conn0.2928.txt matrices/Nr25_Nc25/syntrophy/optimized_alpha=0.005_gamma=0.5/Metamatrices 0.2928 0.5 0.292762368 0.353447631243011 random_structure 0.0065 100000 0.139 0.13718 0.00182 0 -1.12857868390884e-05
matrices/Nr25_Nc25/consumption/RandTrix_Nr25_Nc25_Nest0.4_Conn0.3312.txt matrices/Nr25_Nc25/syntrophy/optimized_alpha=0.005_gamma=0.5/Metamatrices 0.3312 0.396235521235521 0.331298784 0.39317321309248 random_structure 0.0091 100000 0.15751 0.14394 0.01357 0 -1.04566956857423e-05
matrices/Nr25_Nc25/consumption/RandTrix_Nr25_Nc25_Nest0.6_Conn0.16.txt matrices/Nr25_Nc25/syntrophy/optimized_alpha=0.005_gamma=0.5/Metamatrices 0.16 0.6 1 1 fully_connected 0.0039 100000 0.03303 0.03303 0 0 -2.22517792659895e-05
matrices/Nr25_Nc25/consumption/RandTrix_Nr25_Nc25_Nest0.6_Conn0.2048.txt matrices/Nr25_Nc25/syntrophy/optimized_alpha=0.005_gamma=0.5/Metamatrices 0.2048 0.6 1 1 fully_connected 0.0039 100000 0.03395 0.03395 0 0 -1.11782811177712e-05
matrices/Nr25_Nc25/consumption/RandTrix_Nr25_Nc25_Nest0.5_Conn0.32.txt matrices/Nr25_Nc25/syntrophy/optimized_alpha=0.005_gamma=0.5/Metamatrices 0.32 0.498845265588915 0.3199636 0.38146682623653 random_structure 0.0065 100000 0.15417 0.14185 0.01232 0 -6.64805443072926e-06
matrices/Nr25_Nc25/consumption/RandTrix_Nr25_Nc25_Nest0.6_Conn0.3168.txt matrices/Nr25_Nc25/syntrophy/optimized_alpha=0.005_gamma=0.5/Metamatrices 0.3168 0.599869024230517 1 1 fully_connected 0.0039 100000 0.04828 0.04828 0 0 -1.27718566318721e-05
matrices/Nr25_Nc25/consumption/RandTrix_Nr25_Nc25_Nest0.4_Conn0.3712.txt matrices/Nr25_Nc25/syntrophy/optimized_alpha=0.005_gamma=0.5/Metamatrices 0.3712 0.40494527766518 0.371228144 0.433798378059447 random_structure 0.0091 100000 0.20211 0.19957 0.00254 0 -4.42021083215468e-05
matrices/Nr25_Nc25/consumption/RandTrix_Nr25_Nc25_Nest0.6_Conn0.3712.txt matrices/Nr25_Nc25/syntrophy/optimized_alpha=0.005_gamma=0.5/Metamatrices 0.3712 0.595085995085995 1 1 fully_connected 0.0039 100000 0.08341 0.08267 0.00074 0 -4.78044098022549e-06
matrices/Nr25_Nc25/consumption/RandTrix_Nr25_Nc25_Nest0.5_Conn0.3824.txt matrices/Nr25_Nc25/syntrophy/optimized_alpha=0.005_gamma=0.5/Metamatrices 0.3824 0.496305953933073 0.382460896 0.445149486906876 random_structure 0.0065 100000 0.16159 0.14868 0.01291 0 -7.6151823931402e-06
matrices/Nr25_Nc25/consumption/RandTrix_Nr25_Nc25_Nest0.55_Conn0.0992.txt matrices/Nr25_Nc25/syntrophy/optimized_alpha=0.005_gamma=0.5/Metamatrices 0.0992 0.548109965635739 0.099190576 0.147182009600499 random_structure 0.0091 100000 0.08072 0.08072 0 0 -0.000114885487475003
matrices/Nr25_Nc25/consumption/RandTrix_Nr25_Nc25_Nest0.6_Conn0.44.txt matrices/Nr25_Nc25/syntrophy/optimized_alpha=0.005_gamma=0.5/Metamatrices 0.44 0.6 1 1 fully_connected 0.0039 100000 0.11178 0.11128 0.0005 0 -1.55167429530166e-05
# File last opened on Thu Apr  4 02:54:17 2024
# We are writing, in that order, G-matrix location, A-matrix location, G connectance, G nestedness, A connectance, A nestedness, A-mode, alpha0 value, total number of simulations, proportion of feasible, stable, unstable, marginal and dominant eigenvalue
matrices/Nr25_Nc25/consumption/RandTrix_Nr25_Nc25_Nest0.55_Conn0.1248.txt matrices/Nr25_Nc25/syntrophy/optimized_alpha=0.005_gamma=0.5/Metamatrices 0.1248 0.55 0.124778176 0.175266382420412 random_structure 0.0091 100000 0.07235 0.07235 0 0 -5.65527952932275e-05
matrices/Nr25_Nc25/consumption/RandTrix_Nr25_Nc25_Nest0.5_Conn0.416.txt matrices/Nr25_Nc25/syntrophy/optimized_alpha=0.005_gamma=0.5/Metamatrices 0.416 0.504988488104375 0.415984672 0.478900269459747 random_structure 0.0065 100000 0.15144 0.13903 0.01241 0 -8.16816755261697e-06
matrices/Nr25_Nc25/consumption/RandTrix_Nr25_Nc25_Nest0.55_Conn0.184.txt matrices/Nr25_Nc25/syntrophy/optimized_alpha=0.005_gamma=0.5/Metamatrices 0.184 0.55019556714472 0.184002832 0.239366730130113 random_structure 0.0091 100000 0.0732 0.0732 0 0 -2.09687409159546e-05
matrices/Nr25_Nc25/consumption/RandTrix_Nr25_Nc25_Nest0.6_Conn0.12.txt matrices/Nr25_Nc25/syntrophy/optimized_alpha=0.005_gamma=0.5/Metamatrices 0.12 0.6 0.12003544 0.1701756941023 random_structure 0.0065 100000 0.0865 0.0865 0 0 -8.80873303246873e-05
matrices/Nr25_Nc25/consumption/RandTrix_Nr25_Nc25_Nest0.55_Conn0.2304.txt matrices/Nr25_Nc25/syntrophy/optimized_alpha=0.005_gamma=0.5/Metamatrices 0.2304 0.55 0.230388 0.288508751491761 random_structure 0.0091 100000 0.05878 0.05876 2e-05 0 -7.8215533507343e-06
matrices/Nr25_Nc25/consumption/RandTrix_Nr25_Nc25_Nest0.15_Conn0.08.txt matrices/Nr25_Nc25/syntrophy/optimized_alpha=0.005_gamma=0.5/Metamatrices 0.0816 0.15 0.08154344 0.12759537929065 random_structure 0.0052 100000 0.24403 0.24403 0 0 -5.74583361848053e-05
matrices/Nr25_Nc25/consumption/RandTrix_Nr25_Nc25_Nest0.55_Conn0.3024.txt matrices/Nr25_Nc25/syntrophy/optimized_alpha=0.005_gamma=0.5/Metamatrices 0.3024 0.550095724313976 0.302421856 0.363439132180026 random_structure 0.0091 100000 0.06777 0.06456 0.00321 0 -5.47845016304611e-06
matrices/Nr25_Nc25/consumption/RandTrix_Nr25_Nc25_Nest0.6_Conn0.16.txt matrices/Nr25_Nc25/syntrophy/optimized_alpha=0.005_gamma=0.5/Metamatrices 0.16 0.6 0.159982864 0.213546288556755 random_structure 0.0065 100000 0.081 0.081 0 0 -1.34525618353662e-05
matrices/Nr25_Nc25/consumption/RandTrix_Nr25_Nc25_Nest0.6_Conn0.2048.txt matrices/Nr25_Nc25/syntrophy/optimized_alpha=0.005_gamma=0.5/Metamatrices 0.2048 0.6 0.204767888 0.261424653892635 random_structure 0.0065 100000 0.0741 0.07405 5e-05 0 -7.45080004244672e-06
matrices/Nr25_Nc25/consumption/RandTrix_Nr25_Nc25_Nest0.55_Conn0.3344.txt matrices/Nr25_Nc25/syntrophy/optimized_alpha=0.005_gamma=0.5/Metamatrices 0.3344 0.547425474254743 0.334381328 0.396326884943407 random_structure 0.0091 100000 0.09559 0.09372 0.00187 0 -1.56712957415147e-05
matrices/Nr25_Nc25/consumption/RandTrix_Nr25_Nc25_Nest0.6_Conn0.3168.txt matrices/Nr25_Nc25/syntrophy/optimized_alpha=0.005_gamma=0.5/Metamatrices 0.3168 0.599869024230517 0.31681936 0.378209808956087 random_structure 0.0065 100000 0.08271 0.08264 7e-05 0 -9.73240674974652e-06
matrices/Nr25_Nc25/consumption/RandTrix_Nr25_Nc25_Nest0.55_Conn0.3824.txt matrices/Nr25_Nc25/syntrophy/optimized_alpha=0.005_gamma=0.5/Metamatrices 0.3824 0.547794117647059 0.382394496 0.445104756316697 random_structure 0.0091 100000 0.09981 0.08621 0.0136 0 -2.86082131316651e-06
matrices/Nr25_Nc25/consumption/RandTrix_Nr25_Nc25_Nest0.6_Conn0.3712.txt matrices/Nr25_Nc25/syntrophy/optimized_alpha=0.005_gamma=0.5/Metamatrices 0.3712 0.595085995085995 0.371269456 0.433842320627098 random_structure 0.0065 100000 0.10921 0.0992 0.01001 0 -4.23356154949613e-06
matrices/Nr25_Nc25/consumption/RandTrix_Nr25_Nc25_Nest0.55_Conn0.4176.txt matrices/Nr25_Nc25/syntrophy/optimized_alpha=0.005_gamma=0.5/Metamatrices 0.4176 0.546571541815299 0.417561664 0.480548326314756 random_structure 0.0091 100000 0.14275 0.11855 0.0242 0 -4.60578531736584e-06
matrices/Nr25_Nc25/consumption/RandTrix_Nr25_Nc25_Nest0.15_Conn0.12.txt matrices/Nr25_Nc25/syntrophy/optimized_alpha=0.005_gamma=0.5/Metamatrices 0.12 0.151419558359621 0.1200596 0.170176625039745 random_structure 0.0052 100000 0.36044 0.35991 0.00053 0 -1.57556403988831e-05
matrices/Nr25_Nc25/consumption/RandTrix_Nr25_Nc25_Nest0.5_Conn0.0912.txt matrices/Nr25_Nc25/syntrophy/optimized_alpha=0.005_gamma=0.5/Metamatrices 0.0912 0.50278293135436 0.091238304 0.138474065529153 random_structure 0.0091 100000 0.08328 0.08328 0 0 -0.000114693414077779
matrices/Nr25_Nc25/consumption/RandTrix_Nr25_Nc25_Nest0.6_Conn0.44.txt matrices/Nr25_Nc25/syntrophy/optimized_alpha=0.005_gamma=0.5/Metamatrices 0.44 0.6 0.440133472 0.503174629271138 random_structure 0.0065 100000 0.12625 0.12172 0.00453 0 -1.41997843809295e-05
# File last opened on Thu Apr  4 03:03:15 2024
# We are writing, in that order, G-matrix location, A-matrix location, G connectance, G nestedness, A connectance, A nestedness, A-mode, alpha0 value, total number of simulations, proportion of feasible, stable, unstable, marginal and dominant eigenvalue
matrices/Nr25_Nc25/consumption/RandTrix_Nr25_Nc25_Nest0.5_Conn0.1248.txt matrices/Nr25_Nc25/syntrophy/optimized_alpha=0.005_gamma=0.5/Metamatrices 0.1248 0.5 0.124842272 0.175341620733262 random_structure 0.0091 100000 0.08172 0.08172 0 0 -8.55375125874286e-05
matrices/Nr25_Nc25/consumption/RandTrix_Nr25_Nc25_Nest0.15_Conn0.08.txt matrices/Nr25_Nc25/syntrophy/optimized_alpha=0.005_gamma=0.5/Metamatrices 0.0816 0.15 0.200596624 0.479473368067334 optimized_matrix 0.0052 100000 0.12977 0.12977 0 0 -9.04669022983202e-05
matrices/Nr25_Nc25/consumption/RandTrix_Nr25_Nc25_Nest0.5_Conn0.1744.txt matrices/Nr25_Nc25/syntrophy/optimized_alpha=0.005_gamma=0.5/Metamatrices 0.1744 0.5 0.174479408 0.22911241459649 random_structure 0.0091 100000 0.09192 0.09192 0 0 -6.39870096678914e-05
matrices/Nr25_Nc25/consumption/RandTrix_Nr25_Nc25_Nest0.5_Conn0.2496.txt matrices/Nr25_Nc25/syntrophy/optimized_alpha=0.005_gamma=0.5/Metamatrices 0.2496 0.5 0.249553728 0.308493730090267 random_structure 0.0091 100000 0.08888 0.08888 0 0 -2.22706950391769e-05
matrices/Nr25_Nc25/consumption/RandTrix_Nr25_Nc25_Nest0.15_Conn0.1808.txt matrices/Nr25_Nc25/syntrophy/optimized_alpha=0.005_gamma=0.5/Metamatrices 0.1808 0.158059467918623 0.180786336 0.235835684910872 random_structure 0.0052 100000 0.43626 0.43561 0.00065 0 -7.42707656227995e-05
matrices/Nr25_Nc25/consumption/RandTrix_Nr25_Nc25_Nest0.5_Conn0.2928.txt matrices/Nr25_Nc25/syntrophy/optimized_alpha=0.005_gamma=0.5/Metamatrices 0.2928 0.5 0.292762368 0.353447631243011 random_structure 0.0091 100000 0.11671 0.11496 0.00175 0 -1.27769177861582e-05
matrices/Nr25_Nc25/consumption/RandTrix_Nr25_Nc25_Nest0.15_Conn0.12.txt matrices/Nr25_Nc25/syntrophy/optimized_alpha=0.005_gamma=0.5/Metamatrices 0.12 0.151419558359621 0.367452176 0.502377319154476 optimized_matrix 0.0052 100000 0.22831 0.22828 3e-05 0 -2.20714811099815e-05
matrices/Nr25_Nc25/consumption/RandTrix_Nr25_Nc25_Nest0.5_Conn0.32.txt matrices/Nr25_Nc25/syntrophy/optimized_alpha=0.005_gamma=0.5/Metamatrices 0.32 0.498845265588915 0.3199636 0.38146682623653 random_structure 0.0091 100000 0.13201 0.12014 0.01187 0 -7.56878661666608e-06
matrices/Nr25_Nc25/consumption/RandTrix_Nr25_Nc25_Nest0.1_Conn0.0816.txt matrices/Nr25_Nc25/syntrophy/optimized_alpha=0.005_gamma=0.5/Metamatrices 0.0816 0.1 0.0816504 0.127706230677181 random_structure 0.0052 100000 0.37279 0.37279 0 0 -0.000225041416505999
matrices/Nr25_Nc25/consumption/RandTrix_Nr25_Nc25_Nest0.5_Conn0.3824.txt matrices/Nr25_Nc25/syntrophy/optimized_alpha=0.005_gamma=0.5/Metamatrices 0.3824 0.496305953933073 0.382460896 0.445149486906876 random_structure 0.0091 100000 0.14133 0.12871 0.01262 0 -8.57934509448673e-06
matrices/Nr25_Nc25/consumption/RandTrix_Nr25_Nc25_Nest0.5_Conn0.416.txt matrices/Nr25_Nc25/syntrophy/optimized_alpha=0.005_gamma=0.5/Metamatrices 0.416 0.504988488104375 0.415984672 0.478900269459747 random_structure 0.0091 100000 0.13043 0.11831 0.01212 0 -9.29379053559049e-06
matrices/Nr25_Nc25/consumption/RandTrix_Nr25_Nc25_Nest0.15_Conn0.1808.txt matrices/Nr25_Nc25/syntrophy/optimized_alpha=0.005_gamma=0.5/Metamatrices 0.1808 0.158059467918623 0.498304336 0.560898611504969 optimized_matrix 0.0052 100000 0.39634 0.3962 0.00014 0 -8.2225037221062e-05
matrices/Nr25_Nc25/consumption/RandTrix_Nr25_Nc25_Nest0.6_Conn0.12.txt matrices/Nr25_Nc25/syntrophy/optimized_alpha=0.005_gamma=0.5/Metamatrices 0.12 0.6 0.12003544 0.1701756941023 random_structure 0.0091 100000 0.0731 0.0731 0 0 -9.89770459788377e-05
matrices/Nr25_Nc25/consumption/RandTrix_Nr25_Nc25_Nest0.6_Conn0.16.txt matrices/Nr25_Nc25/syntrophy/optimized_alpha=0.005_gamma=0.5/Metamatrices 0.16 0.6 0.159982864 0.213546288556755 random_structure 0.0091 100000 0.06811 0.06811 0 0 -1.51194718261275e-05
matrices/Nr25_Nc25/consumption/RandTrix_Nr25_Nc25_Nest0.6_Conn0.2048.txt matrices/Nr25_Nc25/syntrophy/optimized_alpha=0.005_gamma=0.5/Metamatrices 0.2048 0.6 0.204767888 0.261424653892635 random_structure 0.0091 100000 0.06029 0.06026 3e-05 0 -8.44701026635835e-06
matrices/Nr25_Nc25/consumption/RandTrix_Nr25_Nc25_Nest0.1_Conn0.0816.txt matrices/Nr25_Nc25/syntrophy/optimized_alpha=0.005_gamma=0.5/Metamatrices 0.0816 0.1 0.138218576 0.291928496041915 optimized_matrix 0.0052 100000 0.27723 0.27723 0 0 -0.000287289441628352
matrices/Nr25_Nc25/consumption/RandTrix_Nr25_Nc25_Nest0.1_Conn0.1296.txt matrices/Nr25_Nc25/syntrophy/optimized_alpha=0.005_gamma=0.5/Metamatrices 0.1296 0.10479375696767 0.129591072 0.180493497009967 random_structure 0.0052 100000 0.51407 0.4805 0.03357 0 -1.3447345044624e-05
matrices/Nr25_Nc25/consumption/RandTrix_Nr25_Nc25_Nest0.6_Conn0.3168.txt matrices/Nr25_Nc25/syntrophy/optimized_alpha=0.005_gamma=0.5/Metamatrices 0.3168 0.599869024230517 0.31681936 0.378209808956087 random_structure 0.0091 100000 0.06395 0.06389 6e-05 0 -1.11366537715867e-05
matrices/Nr25_Nc25/consumption/RandTrix_Nr25_Nc25_Nest0.6_Conn0.3712.txt matrices/Nr25_Nc25/syntrophy/optimized_alpha=0.005_gamma=0.5/Metamatrices 0.3712 0.595085995085995 0.371269456 0.433842320627098 random_structure 0.0091 100000 0.09185 0.08241 0.00944 0 -4.82739034568972e-06
matrices/Nr25_Nc25/consumption/RandTrix_Nr25_Nc25_Nest0.25_Conn0.0832.txt matrices/Nr25_Nc25/syntrophy/optimized_alpha=0.005_gamma=0.5/Metamatrices 0.0832 0.25 0.083113376 0.129358581384574 random_structure 0.0052 100000 0.22784 0.22784 0 0 -0.00039911561155455
matrices/Nr25_Nc25/consumption/RandTrix_Nr25_Nc25_Nest0.6_Conn0.44.txt matrices/Nr25_Nc25/syntrophy/optimized_alpha=0.005_gamma=0.5/Metamatrices 0.44 0.6 0.440133472 0.503174629271138 random_structure 0.0091 100000 0.1085 0.10415 0.00435 0 -1.60813506828154e-05
# File last opened on Thu Apr  4 03:20:59 2024
# We are writing, in that order, G-matrix location, A-matrix location, G connectance, G nestedness, A connectance, A nestedness, A-mode, alpha0 value, total number of simulations, proportion of feasible, stable, unstable, marginal and dominant eigenvalue
matrices/Nr25_Nc25/consumption/RandTrix_Nr25_Nc25_Nest0.15_Conn0.08.txt matrices/Nr25_Nc25/syntrophy/optimized_alpha=0.005_gamma=0.5/Metamatrices 0.0816 0.15 1 1 fully_connected 0.0026 100000 0.11977 0.11977 0 0 -9.08902925423282e-05
matrices/Nr25_Nc25/consumption/RandTrix_Nr25_Nc25_Nest0.25_Conn0.1392.txt matrices/Nr25_Nc25/syntrophy/optimized_alpha=0.005_gamma=0.5/Metamatrices 0.1392 0.25 0.13922688 0.19102487756611 random_structure 0.0052 100000 0.20933 0.20933 0 0 -4.67413914811124e-05
matrices/Nr25_Nc25/consumption/RandTrix_Nr25_Nc25_Nest0.1_Conn0.1296.txt matrices/Nr25_Nc25/syntrophy/optimized_alpha=0.005_gamma=0.5/Metamatrices 0.1296 0.10479375696767 0.28123296 0.329929482337338 optimized_matrix 0.0052 100000 0.48181 0.45586 0.02595 0 -1.44500158414555e-05
matrices/Nr25_Nc25/consumption/RandTrix_Nr25_Nc25_Nest0.15_Conn0.12.txt matrices/Nr25_Nc25/syntrophy/optimized_alpha=0.005_gamma=0.5/Metamatrices 0.12 0.151419558359621 1 1 fully_connected 0.0026 100000 0.20871 0.20871 0 0 -2.22387066431593e-05
matrices/Nr25_Nc25/consumption/RandTrix_Nr25_Nc25_Nest0.25_Conn0.0832.txt matrices/Nr25_Nc25/syntrophy/optimized_alpha=0.005_gamma=0.5/Metamatrices 0.0832 0.25 0.322301312 0.578597739891471 optimized_matrix 0.0052 100000 0.11403 0.11403 0 0 -0.000647889101053803
matrices/Nr25_Nc25/consumption/RandTrix_Nr25_Nc25_Nest0.25_Conn0.184.txt matrices/Nr25_Nc25/syntrophy/optimized_alpha=0.005_gamma=0.5/Metamatrices 0.184 0.245901639344262 0.183953904 0.239255313202819 random_structure 0.0052 100000 0.24222 0.21954 0.02268 0 -4.0676645339049e-06
matrices/Nr25_Nc25/consumption/RandTrix_Nr25_Nc25_Nest0.25_Conn0.1392.txt matrices/Nr25_Nc25/syntrophy/optimized_alpha=0.005_gamma=0.5/Metamatrices 0.1392 0.25 0.495091616 0.558237780261642 optimized_matrix 0.0052 100000 0.10886 0.10886 0 0 -6.91565231231062e-05
matrices/Nr25_Nc25/consumption/RandTrix_Nr25_Nc25_Nest0.25_Conn0.2336.txt matrices/Nr25_Nc25/syntrophy/optimized_alpha=0.005_gamma=0.5/Metamatrices 0.2336 0.252631578947368 0.233576848 0.291840549287964 random_structure 0.0052 100000 0.30159 0.30136 0.00023 0 -6.61861178934655e-05
matrices/Nr25_Nc25/consumption/RandTrix_Nr25_Nc25_Nest0.25_Conn0.184.txt matrices/Nr25_Nc25/syntrophy/optimized_alpha=0.005_gamma=0.5/Metamatrices 0.184 0.245901639344262 0.497657056 0.560293097275365 optimized_matrix 0.0052 100000 0.1417 0.13157 0.01013 0 -5.74401785421356e-06
matrices/Nr25_Nc25/consumption/RandTrix_Nr25_Nc25_Nest0.15_Conn0.1808.txt matrices/Nr25_Nc25/syntrophy/optimized_alpha=0.005_gamma=0.5/Metamatrices 0.1808 0.158059467918623 1 1 fully_connected 0.0026 100000 0.4179 0.4179 0 0 -7.96635302565362e-05
matrices/Nr25_Nc25/consumption/RandTrix_Nr25_Nc25_Nest0.2_Conn0.0896.txt matrices/Nr25_Nc25/syntrophy/optimized_alpha=0.005_gamma=0.5/Metamatrices 0.0896 0.2 0.089666384 0.136644480958498 random_structure 0.0052 100000 0.19691 0.19691 0 0 -4.06245823725919e-05
matrices/Nr25_Nc25/consumption/RandTrix_Nr25_Nc25_Nest0.1_Conn0.0816.txt matrices/Nr25_Nc25/syntrophy/optimized_alpha=0.005_gamma=0.5/Metamatrices 0.0816 0.1 1 1 fully_connected 0.0026 100000 0.20408 0.20408 0 0 -0.000331573998559049
matrices/Nr25_Nc25/consumption/RandTrix_Nr25_Nc25_Nest0.25_Conn0.2336.txt matrices/Nr25_Nc25/syntrophy/optimized_alpha=0.005_gamma=0.5/Metamatrices 0.2336 0.252631578947368 0.504302112 0.566586879574538 optimized_matrix 0.0052 100000 0.26115 0.26113 2e-05 0 -7.79691540753689e-05
matrices/Nr25_Nc25/consumption/RandTrix_Nr25_Nc25_Nest0.2_Conn0.1328.txt matrices/Nr25_Nc25/syntrophy/optimized_alpha=0.005_gamma=0.5/Metamatrices 0.1328 0.2 0.132755312 0.183949064170993 random_structure 0.0052 100000 0.28979 0.28586 0.00393 0 -4.95902856212612e-06
matrices/Nr25_Nc25/consumption/RandTrix_Nr25_Nc25_Nest0.2_Conn0.0896.txt matrices/Nr25_Nc25/syntrophy/optimized_alpha=0.005_gamma=0.5/Metamatrices 0.0896 0.2 0.203452512 0.450963617779204 optimized_matrix 0.0052 100000 0.1755 0.1755 0 0 -4.7449358676769e-05
matrices/Nr25_Nc25/consumption/RandTrix_Nr25_Nc25_Nest0.2_Conn0.168.txt matrices/Nr25_Nc25/syntrophy/optimized_alpha=0.005_gamma=0.5/Metamatrices 0.168 0.202270381836945 0.167912752 0.22211544267562 random_structure 0.0052 100000 0.25784 0.25761 0.00023 0 -1.52410215886207e-05
matrices/Nr25_Nc25/consumption/RandTrix_Nr25_Nc25_Nest0.2_Conn0.1328.txt matrices/Nr25_Nc25/syntrophy/optimized_alpha=0.005_gamma=0.5/Metamatrices 0.1328 0.2 0.469595888 0.552937595455866 optimized_matrix 0.0052 100000 0.15051 0.14997 0.00054 0 -7.31755398777007e-06
matrices/Nr25_Nc25/consumption/RandTrix_Nr25_Nc25_Nest0.1_Conn0.1296.txt matrices/Nr25_Nc25/syntrophy/optimized_alpha=0.005_gamma=0.5/Metamatrices 0.1296 0.10479375696767 1 1 fully_connected 0.0026 100000 0.43465 0.43243 0.00222 0 -1.45488293670019e-05
matrices/Nr25_Nc25/consumption/RandTrix_Nr25_Nc25_Nest0.35_Conn0.08.txt matrices/Nr25_Nc25/syntrophy/optimized_alpha=0.005_gamma=0.5/Metamatrices 0.08 0.35 0.079996976 0.125904242912168 random_structure 0.0052 100000 0.13445 0.13445 0 0 -0.000140981763801126
matrices/Nr25_Nc25/consumption/RandTrix_Nr25_Nc25_Nest0.25_Conn0.0832.txt matrices/Nr25_Nc25/syntrophy/optimized_alpha=0.005_gamma=0.5/Metamatrices 0.0832 0.25 1 1 fully_connected 0.0026 100000 0.11613 0.11613 0 0 -0.000627950489944441
matrices/Nr25_Nc25/consumption/RandTrix_Nr25_Nc25_Nest0.2_Conn0.168.txt matrices/Nr25_Nc25/syntrophy/optimized_alpha=0.005_gamma=0.5/Metamatrices 0.168 0.202270381836945 0.501259312 0.56371747763855 optimized_matrix 0.0052 100000 0.14315 0.14312 3e-05 0 -2.22006892174059e-05
matrices/Nr25_Nc25/consumption/RandTrix_Nr25_Nc25_Nest0.35_Conn0.1328.txt matrices/Nr25_Nc25/syntrophy/optimized_alpha=0.005_gamma=0.5/Metamatrices 0.1328 0.35 0.132751504 0.184081525089024 random_structure 0.0052 100000 0.11729 0.11728 1e-05 0 -1.38091212060048e-05
matrices/Nr25_Nc25/consumption/RandTrix_Nr25_Nc25_Nest0.35_Conn0.08.txt matrices/Nr25_Nc25/syntrophy/optimized_alpha=0.005_gamma=0.5/Metamatrices 0.08 0.35 0.288467216 0.582240537065094 optimized_matrix 0.0052 100000 0.04752 0.04752 0 0 -0.000275123832953636
matrices/Nr25_Nc25/consumption/RandTrix_Nr25_Nc25_Nest0.25_Conn0.1392.txt matrices/Nr25_Nc25/syntrophy/optimized_alpha=0.005_gamma=0.5/Metamatrices 0.1392 0.25 1 1 fully_connected 0.0026 100000 0.12176 0.12176 0 0 -6.55533131270453e-05
matrices/Nr25_Nc25/consumption/RandTrix_Nr25_Nc25_Nest0.35_Conn0.1712.txt matrices/Nr25_Nc25/syntrophy/optimized_alpha=0.005_gamma=0.5/Metamatrices 0.1712 0.35 0.171143824 0.225487657296449 random_structure 0.0052 100000 0.12594 0.12482 0.00112 0 -1.96708920209497e-06
matrices/Nr25_Nc25/consumption/RandTrix_Nr25_Nc25_Nest0.35_Conn0.1328.txt matrices/Nr25_Nc25/syntrophy/optimized_alpha=0.005_gamma=0.5/Metamatrices 0.1328 0.35 0.501616608 0.56437859817906 optimized_matrix 0.0052 100000 0.05698 0.05698 0 0 -2.20848233009702e-05
matrices/Nr25_Nc25/consumption/RandTrix_Nr25_Nc25_Nest0.25_Conn0.184.txt matrices/Nr25_Nc25/syntrophy/optimized_alpha=0.005_gamma=0.5/Metamatrices 0.184 0.245901639344262 1 1 fully_connected 0.0026 100000 0.14032 0.13949 0.00083 0 -5.37253997696362e-06
matrices/Nr25_Nc25/consumption/RandTrix_Nr25_Nc25_Nest0.35_Conn0.1712.txt matrices/Nr25_Nc25/syntrophy/optimized_alpha=0.005_gamma=0.5/Metamatrices 0.1712 0.35 0.500647344 0.563419028700934 optimized_matrix 0.0052 100000 0.06777 0.06777 0 0 -3.05783237686734e-06
matrices/Nr25_Nc25/consumption/RandTrix_Nr25_Nc25_Nest0.35_Conn0.2208.txt matrices/Nr25_Nc25/syntrophy/optimized_alpha=0.005_gamma=0.5/Metamatrices 0.2208 0.347043701799486 0.220786352 0.278331875332429 random_structure 0.0052 100000 0.20506 0.18073 0.02433 0 -2.12072933845928e-06
matrices/Nr25_Nc25/consumption/RandTrix_Nr25_Nc25_Nest0.25_Conn0.2336.txt matrices/Nr25_Nc25/syntrophy/optimized_alpha=0.005_gamma=0.5/Metamatrices 0.2336 0.252631578947368 1 1 fully_connected 0.0026 100000 0.26621 0.26621 0 0 -7.56620185465308e-05
matrices/Nr25_Nc25/consumption/RandTrix_Nr25_Nc25_Nest0.35_Conn0.2208.txt matrices/Nr25_Nc25/syntrophy/optimized_alpha=0.005_gamma=0.5/Metamatrices 0.2208 0.347043701799486 0.503702352 0.566092980942237 optimized_matrix 0.0052 100000 0.14942 0.13578 0.01364 0 -2.65848802482327e-06
matrices/Nr25_Nc25/consumption/RandTrix_Nr25_Nc25_Nest0.2_Conn0.0896.txt matrices/Nr25_Nc25/syntrophy/optimized_alpha=0.005_gamma=0.5/Metamatrices 0.0896 0.2 1 1 fully_connected 0.0026 100000 0.09792 0.09792 0 0 -6.40465272476702e-05
matrices/Nr25_Nc25/consumption/RandTrix_Nr25_Nc25_Nest0.35_Conn0.272.txt matrices/Nr25_Nc25/syntrophy/optimized_alpha=0.005_gamma=0.5/Metamatrices 0.272 0.346769413159455 0.272006016 0.331959923704815 random_structure 0.0052 100000 0.23697 0.23661 0.00036 0 -4.00252977649935e-05
matrices/Nr25_Nc25/consumption/RandTrix_Nr25_Nc25_Nest0.35_Conn0.272.txt matrices/Nr25_Nc25/syntrophy/optimized_alpha=0.005_gamma=0.5/Metamatrices 0.272 0.346769413159455 0.498463872 0.560870723792059 optimized_matrix 0.0052 100000 0.2133 0.21313 0.00017 0 -4.41603354981919e-05
matrices/Nr25_Nc25/consumption/RandTrix_Nr25_Nc25_Nest0.2_Conn0.1328.txt matrices/Nr25_Nc25/syntrophy/optimized_alpha=0.005_gamma=0.5/Metamatrices 0.1328 0.2 1 1 fully_connected 0.0026 100000 0.16843 0.16843 0 0 -7.10540637462865e-06
matrices/Nr25_Nc25/consumption/RandTrix_Nr25_Nc25_Nest0.35_Conn0.3216.txt matrices/Nr25_Nc25/syntrophy/optimized_alpha=0.005_gamma=0.5/Metamatrices 0.3216 0.354089219330855 0.32158664 0.383217870166608 random_structure 0.0052 100000 0.24191 0.22707 0.01484 0 -1.22970737247381e-05
matrices/Nr25_Nc25/consumption/RandTrix_Nr25_Nc25_Nest0.2_Conn0.168.txt matrices/Nr25_Nc25/syntrophy/optimized_alpha=0.005_gamma=0.5/Metamatrices 0.168 0.202270381836945 1 1 fully_connected 0.0026 100000 0.15704 0.15704 0 0 -2.15175494849359e-05
matrices/Nr25_Nc25/consumption/RandTrix_Nr25_Nc25_Nest0.35_Conn0.3216.txt matrices/Nr25_Nc25/syntrophy/optimized_alpha=0.005_gamma=0.5/Metamatrices 0.3216 0.354089219330855 0.498219312 0.560944453661425 optimized_matrix 0.0052 100000 0.22604 0.21404 0.012 0 -1.2823170435326e-05
matrices/Nr25_Nc25/consumption/RandTrix_Nr25_Nc25_Nest0.3_Conn0.0816.txt matrices/Nr25_Nc25/syntrophy/optimized_alpha=0.005_gamma=0.5/Metamatrices 0.0816 0.297435897435897 0.081578816 0.127690488446893 random_structure 0.0052 100000 0.17702 0.17702 0 0 -0.000221943952967368
matrices/Nr25_Nc25/consumption/RandTrix_Nr25_Nc25_Nest0.35_Conn0.08.txt matrices/Nr25_Nc25/syntrophy/optimized_alpha=0.005_gamma=0.5/Metamatrices 0.08 0.35 1 1 fully_connected 0.0026 100000 0.0624 0.0624 0 0 -0.000231437326881329
matrices/Nr25_Nc25/consumption/RandTrix_Nr25_Nc25_Nest0.35_Conn0.1328.txt matrices/Nr25_Nc25/syntrophy/optimized_alpha=0.005_gamma=0.5/Metamatrices 0.1328 0.35 1 1 fully_connected 0.0026 100000 0.06484 0.06484 0 0 -2.0486252172872e-05
matrices/Nr25_Nc25/consumption/RandTrix_Nr25_Nc25_Nest0.3_Conn0.0816.txt matrices/Nr25_Nc25/syntrophy/optimized_alpha=0.005_gamma=0.5/Metamatrices 0.0816 0.297435897435897 0.256733552 0.581259499621654 optimized_matrix 0.0052 100000 0.08995 0.08995 0 0 -0.00034598518341645
matrices/Nr25_Nc25/consumption/RandTrix_Nr25_Nc25_Nest0.3_Conn0.128.txt matrices/Nr25_Nc25/syntrophy/optimized_alpha=0.005_gamma=0.5/Metamatrices 0.128 0.3 0.12796384 0.178782387295096 random_structure 0.0052 100000 0.14667 0.14667 0 0 -2.14120292819924e-05
matrices/Nr25_Nc25/consumption/RandTrix_Nr25_Nc25_Nest0.35_Conn0.1712.txt matrices/Nr25_Nc25/syntrophy/optimized_alpha=0.005_gamma=0.5/Metamatrices 0.1712 0.35 1 1 fully_connected 0.0026 100000 0.07078 0.07078 0 0 -2.97565548823592e-06
matrices/Nr25_Nc25/consumption/RandTrix_Nr25_Nc25_Nest0.3_Conn0.128.txt matrices/Nr25_Nc25/syntrophy/optimized_alpha=0.005_gamma=0.5/Metamatrices 0.128 0.3 0.491515728 0.55940010194379 optimized_matrix 0.0052 100000 0.07009 0.07009 0 0 -3.40522374636513e-05
matrices/Nr25_Nc25/consumption/RandTrix_Nr25_Nc25_Nest0.35_Conn0.2208.txt matrices/Nr25_Nc25/syntrophy/optimized_alpha=0.005_gamma=0.5/Metamatrices 0.2208 0.347043701799486 1 1 fully_connected 0.0026 100000 0.16101 0.15861 0.0024 0 -2.31413211798267e-06
matrices/Nr25_Nc25/consumption/RandTrix_Nr25_Nc25_Nest0.3_Conn0.1776.txt matrices/Nr25_Nc25/syntrophy/optimized_alpha=0.005_gamma=0.5/Metamatrices 0.1776 0.3 0.496905008 0.559188524086186 optimized_matrix 0.0052 100000 0.12798 0.12798 0 0 -6.70033669793604e-05
matrices/Nr25_Nc25/consumption/RandTrix_Nr25_Nc25_Nest0.3_Conn0.1776.txt matrices/Nr25_Nc25/syntrophy/optimized_alpha=0.005_gamma=0.5/Metamatrices 0.1776 0.3 0.177644912 0.232486576088497 random_structure 0.0052 100000 0.22686 0.22685 1e-05 0 -4.6439728246829e-05
matrices/Nr25_Nc25/consumption/RandTrix_Nr25_Nc25_Nest0.35_Conn0.272.txt matrices/Nr25_Nc25/syntrophy/optimized_alpha=0.005_gamma=0.5/Metamatrices 0.272 0.346769413159455 1 1 fully_connected 0.0026 100000 0.2222 0.2222 0 0 -4.35695522281687e-05
matrices/Nr25_Nc25/consumption/RandTrix_Nr25_Nc25_Nest0.3_Conn0.2272.txt matrices/Nr25_Nc25/syntrophy/optimized_alpha=0.005_gamma=0.5/Metamatrices 0.2272 0.297439759036145 0.5007808 0.562879496929306 optimized_matrix 0.0052 100000 0.18979 0.18972 7e-05 0 -4.97434861735859e-05
matrices/Nr25_Nc25/consumption/RandTrix_Nr25_Nc25_Nest0.3_Conn0.2272.txt matrices/Nr25_Nc25/syntrophy/optimized_alpha=0.005_gamma=0.5/Metamatrices 0.2272 0.297439759036145 0.227270352 0.285125069449428 random_structure 0.0052 100000 0.25243 0.25194 0.00049 0 -3.9968033942156e-05
matrices/Nr25_Nc25/consumption/RandTrix_Nr25_Nc25_Nest0.35_Conn0.3216.txt matrices/Nr25_Nc25/syntrophy/optimized_alpha=0.005_gamma=0.5/Metamatrices 0.3216 0.354089219330855 1 1 fully_connected 0.0026 100000 0.23208 0.23139 0.00069 0 -1.23197566697402e-05
matrices/Nr25_Nc25/consumption/RandTrix_Nr25_Nc25_Nest0.3_Conn0.0816.txt matrices/Nr25_Nc25/syntrophy/optimized_alpha=0.005_gamma=0.5/Metamatrices 0.0816 0.297435897435897 1 1 fully_connected 0.0026 100000 0.08806 0.08806 0 0 -0.000347313345892928
matrices/Nr25_Nc25/consumption/RandTrix_Nr25_Nc25_Nest0.3_Conn0.2816.txt matrices/Nr25_Nc25/syntrophy/optimized_alpha=0.005_gamma=0.5/Metamatrices 0.2816 0.302762430939227 0.281599216 0.341924575730716 random_structure 0.0052 100000 0.28322 0.27143 0.01179 0 -1.52100373232279e-05
matrices/Nr25_Nc25/consumption/RandTrix_Nr25_Nc25_Nest0.3_Conn0.2816.txt matrices/Nr25_Nc25/syntrophy/optimized_alpha=0.005_gamma=0.5/Metamatrices 0.2816 0.302762430939227 0.49851608 0.561183825493516 optimized_matrix 0.0052 100000 0.25405 0.24648 0.00757 0 -1.70653875929651e-05
matrices/Nr25_Nc25/consumption/RandTrix_Nr25_Nc25_Nest0.3_Conn0.128.txt matrices/Nr25_Nc25/syntrophy/optimized_alpha=0.005_gamma=0.5/Metamatrices 0.128 0.3 1 1 fully_connected 0.0026 100000 0.07914 0.07914 0 0 -3.21966973795535e-05
matrices/Nr25_Nc25/consumption/RandTrix_Nr25_Nc25_Nest0.45_Conn0.0816.txt matrices/Nr25_Nc25/syntrophy/optimized_alpha=0.005_gamma=0.5/Metamatrices 0.0816 0.452 0.360060096 0.604172194080551 optimized_matrix 0.0052 100000 0.03448 0.03448 0 0 -0.000225938374521494
matrices/Nr25_Nc25/consumption/RandTrix_Nr25_Nc25_Nest0.45_Conn0.0816.txt matrices/Nr25_Nc25/syntrophy/optimized_alpha=0.005_gamma=0.5/Metamatrices 0.0816 0.452 0.081576784 0.127621490825271 random_structure 0.0052 100000 0.11578 0.11578 0 0 -0.000102711651162175
matrices/Nr25_Nc25/consumption/RandTrix_Nr25_Nc25_Nest0.3_Conn0.1776.txt matrices/Nr25_Nc25/syntrophy/optimized_alpha=0.005_gamma=0.5/Metamatrices 0.1776 0.3 1 1 fully_connected 0.0026 100000 0.13625 0.13625 0 0 -6.46429578824179e-05
matrices/Nr25_Nc25/consumption/RandTrix_Nr25_Nc25_Nest0.45_Conn0.1232.txt matrices/Nr25_Nc25/syntrophy/optimized_alpha=0.005_gamma=0.5/Metamatrices 0.1232 0.45 0.502075808 0.574615309387194 optimized_matrix 0.0052 100000 0.05334 0.05334 0 0 -5.74799675887127e-05
matrices/Nr25_Nc25/consumption/RandTrix_Nr25_Nc25_Nest0.45_Conn0.1232.txt matrices/Nr25_Nc25/syntrophy/optimized_alpha=0.005_gamma=0.5/Metamatrices 0.1232 0.45 0.12315704 0.173517349826708 random_structure 0.0052 100000 0.10867 0.10867 0 0 -3.72541429080195e-05
matrices/Nr25_Nc25/consumption/RandTrix_Nr25_Nc25_Nest0.45_Conn0.1856.txt matrices/Nr25_Nc25/syntrophy/optimized_alpha=0.005_gamma=0.5/Metamatrices 0.1856 0.449874686716792 0.498675296 0.561411217025832 optimized_matrix 0.0052 100000 0.08054 0.08054 0 0 -4.06384115865656e-05
matrices/Nr25_Nc25/consumption/RandTrix_Nr25_Nc25_Nest0.3_Conn0.2272.txt matrices/Nr25_Nc25/syntrophy/optimized_alpha=0.005_gamma=0.5/Metamatrices 0.2272 0.297439759036145 1 1 fully_connected 0.0026 100000 0.19549 0.19549 0 0 -4.81504023967784e-05
matrices/Nr25_Nc25/consumption/RandTrix_Nr25_Nc25_Nest0.45_Conn0.1856.txt matrices/Nr25_Nc25/syntrophy/optimized_alpha=0.005_gamma=0.5/Metamatrices 0.1856 0.449874686716792 0.185651904 0.241018467824665 random_structure 0.0052 100000 0.14244 0.14244 0 0 -2.89331560792561e-05
matrices/Nr25_Nc25/consumption/RandTrix_Nr25_Nc25_Nest0.45_Conn0.216.txt matrices/Nr25_Nc25/syntrophy/optimized_alpha=0.005_gamma=0.5/Metamatrices 0.216 0.45 0.4995548 0.561973923231633 optimized_matrix 0.0052 100000 0.06108 0.06108 0 0 -1.02684008296209e-05
matrices/Nr25_Nc25/consumption/RandTrix_Nr25_Nc25_Nest0.45_Conn0.216.txt matrices/Nr25_Nc25/syntrophy/optimized_alpha=0.005_gamma=0.5/Metamatrices 0.216 0.45 0.215925744 0.273228251723648 random_structure 0.0052 100000 0.10626 0.10611 0.00015 0 -7.3754219390923e-06
matrices/Nr25_Nc25/consumption/RandTrix_Nr25_Nc25_Nest0.45_Conn0.2672.txt matrices/Nr25_Nc25/syntrophy/optimized_alpha=0.005_gamma=0.5/Metamatrices 0.2672 0.446518305814788 0.493152096 0.555945919306402 optimized_matrix 0.0052 100000 0.09372 0.0904 0.00332 0 -7.47540952709129e-06
matrices/Nr25_Nc25/consumption/RandTrix_Nr25_Nc25_Nest0.3_Conn0.2816.txt matrices/Nr25_Nc25/syntrophy/optimized_alpha=0.005_gamma=0.5/Metamatrices 0.2816 0.302762430939227 1 1 fully_connected 0.0026 100000 0.25239 0.25196 0.00043 0 -1.65655709736039e-05
matrices/Nr25_Nc25/consumption/RandTrix_Nr25_Nc25_Nest0.45_Conn0.0816.txt matrices/Nr25_Nc25/syntrophy/optimized_alpha=0.005_gamma=0.5/Metamatrices 0.0816 0.452 1 1 fully_connected 0.0026 100000 0.0542 0.0542 0 0 -0.000175519370865962
matrices/Nr25_Nc25/consumption/RandTrix_Nr25_Nc25_Nest0.45_Conn0.2672.txt matrices/Nr25_Nc25/syntrophy/optimized_alpha=0.005_gamma=0.5/Metamatrices 0.2672 0.446518305814788 0.26723264 0.327031051778052 random_structure 0.0052 100000 0.14335 0.1361 0.00725 0 -5.80052788773194e-06
matrices/Nr25_Nc25/consumption/RandTrix_Nr25_Nc25_Nest0.45_Conn0.3168.txt matrices/Nr25_Nc25/syntrophy/optimized_alpha=0.005_gamma=0.5/Metamatrices 0.3168 0.445459430413756 0.500818544 0.563550849076594 optimized_matrix 0.0052 100000 0.15676 0.15085 0.00591 0 -9.02851062990892e-06
matrices/Nr25_Nc25/consumption/RandTrix_Nr25_Nc25_Nest0.45_Conn0.1232.txt matrices/Nr25_Nc25/syntrophy/optimized_alpha=0.005_gamma=0.5/Metamatrices 0.1232 0.45 1 1 fully_connected 0.0026 100000 0.05727 0.05727 0 0 -5.55439266917058e-05
matrices/Nr25_Nc25/consumption/RandTrix_Nr25_Nc25_Nest0.45_Conn0.1856.txt matrices/Nr25_Nc25/syntrophy/optimized_alpha=0.005_gamma=0.5/Metamatrices 0.1856 0.449874686716792 1 1 fully_connected 0.0026 100000 0.08864 0.08864 0 0 -3.84301347488057e-05
matrices/Nr25_Nc25/consumption/RandTrix_Nr25_Nc25_Nest0.45_Conn0.3168.txt matrices/Nr25_Nc25/syntrophy/optimized_alpha=0.005_gamma=0.5/Metamatrices 0.3168 0.445459430413756 0.316826432 0.378293594942214 random_structure 0.0052 100000 0.1814 0.1715 0.0099 0 -8.04605364501602e-06
matrices/Nr25_Nc25/consumption/RandTrix_Nr25_Nc25_Nest0.45_Conn0.216.txt matrices/Nr25_Nc25/syntrophy/optimized_alpha=0.005_gamma=0.5/Metamatrices 0.216 0.45 1 1 fully_connected 0.0026 100000 0.06661 0.06661 0 0 -1.00083380523595e-05
matrices/Nr25_Nc25/consumption/RandTrix_Nr25_Nc25_Nest0.45_Conn0.384.txt matrices/Nr25_Nc25/syntrophy/optimized_alpha=0.005_gamma=0.5/Metamatrices 0.384 0.452352708580467 0.502455872 0.565166774902208 optimized_matrix 0.0052 100000 0.18709 0.18456 0.00253 0 -2.69216134057947e-05
matrices/Nr25_Nc25/consumption/RandTrix_Nr25_Nc25_Nest0.45_Conn0.384.txt matrices/Nr25_Nc25/syntrophy/optimized_alpha=0.005_gamma=0.5/Metamatrices 0.384 0.452352708580467 0.38407128 0.44681058644526 random_structure 0.0052 100000 0.19503 0.19232 0.00271 0 -2.57937299277941e-05
matrices/Nr25_Nc25/consumption/RandTrix_Nr25_Nc25_Nest0.45_Conn0.2672.txt matrices/Nr25_Nc25/syntrophy/optimized_alpha=0.005_gamma=0.5/Metamatrices 0.2672 0.446518305814788 1 1 fully_connected 0.0026 100000 0.09788 0.09709 0.00079 0 -7.11040655367607e-06
matrices/Nr25_Nc25/consumption/RandTrix_Nr25_Nc25_Nest0.45_Conn0.424.txt matrices/Nr25_Nc25/syntrophy/optimized_alpha=0.005_gamma=0.5/Metamatrices 0.424 0.454737583656217 0.500930096 0.563617660803111 optimized_matrix 0.0052 100000 0.20844 0.20603 0.00241 0 -2.93246579244834e-05
matrices/Nr25_Nc25/consumption/RandTrix_Nr25_Nc25_Nest0.45_Conn0.3168.txt matrices/Nr25_Nc25/syntrophy/optimized_alpha=0.005_gamma=0.5/Metamatrices 0.3168 0.445459430413756 1 1 fully_connected 0.0026 100000 0.15669 0.15612 0.00057 0 -8.28398479130539e-06
matrices/Nr25_Nc25/consumption/RandTrix_Nr25_Nc25_Nest0.45_Conn0.424.txt matrices/Nr25_Nc25/syntrophy/optimized_alpha=0.005_gamma=0.5/Metamatrices 0.424 0.454737583656217 0.423948672 0.486930577884256 random_structure 0.0052 100000 0.21679 0.21344 0.00335 0 -2.83184059415621e-05
matrices/Nr25_Nc25/consumption/RandTrix_Nr25_Nc25_Nest0.4_Conn0.0784.txt matrices/Nr25_Nc25/syntrophy/optimized_alpha=0.005_gamma=0.5/Metamatrices 0.0784 0.4 0.293158336 0.635183956228774 optimized_matrix 0.0052 100000 0.04642 0.04642 0 0 -0.00024565421953715
matrices/Nr25_Nc25/consumption/RandTrix_Nr25_Nc25_Nest0.4_Conn0.0784.txt matrices/Nr25_Nc25/syntrophy/optimized_alpha=0.005_gamma=0.5/Metamatrices 0.0784 0.4 0.078354096 0.124042620653117 random_structure 0.0052 100000 0.12483 0.12483 0 0 -0.000131063500845407
matrices/Nr25_Nc25/consumption/RandTrix_Nr25_Nc25_Nest0.45_Conn0.384.txt matrices/Nr25_Nc25/syntrophy/optimized_alpha=0.005_gamma=0.5/Metamatrices 0.384 0.452352708580467 1 1 fully_connected 0.0026 100000 0.19274 0.19271 3e-05 0 -2.60853578824871e-05
matrices/Nr25_Nc25/consumption/RandTrix_Nr25_Nc25_Nest0.4_Conn0.1232.txt matrices/Nr25_Nc25/syntrophy/optimized_alpha=0.005_gamma=0.5/Metamatrices 0.1232 0.399558498896247 0.501398928 0.564091008002285 optimized_matrix 0.0052 100000 0.08414 0.08414 0 0 -0.00023750865915959
matrices/Nr25_Nc25/consumption/RandTrix_Nr25_Nc25_Nest0.4_Conn0.1232.txt matrices/Nr25_Nc25/syntrophy/optimized_alpha=0.005_gamma=0.5/Metamatrices 0.1232 0.399558498896247 0.12320344 0.173573905125253 random_structure 0.0052 100000 0.16974 0.16974 0 0 -0.000148167537250727
matrices/Nr25_Nc25/consumption/RandTrix_Nr25_Nc25_Nest0.4_Conn0.2032.txt matrices/Nr25_Nc25/syntrophy/optimized_alpha=0.005_gamma=0.5/Metamatrices 0.2032 0.4 0.504881888 0.567364699624277 optimized_matrix 0.0052 100000 0.10855 0.10845 0.0001 0 -1.65452701025519e-05
matrices/Nr25_Nc25/consumption/RandTrix_Nr25_Nc25_Nest0.45_Conn0.424.txt matrices/Nr25_Nc25/syntrophy/optimized_alpha=0.005_gamma=0.5/Metamatrices 0.424 0.454737583656217 1 1 fully_connected 0.0026 100000 0.21236 0.21226 0.0001 0 -2.84212867934767e-05
matrices/Nr25_Nc25/consumption/RandTrix_Nr25_Nc25_Nest0.4_Conn0.2032.txt matrices/Nr25_Nc25/syntrophy/optimized_alpha=0.005_gamma=0.5/Metamatrices 0.2032 0.4 0.203216288 0.259765429244098 random_structure 0.0052 100000 0.15275 0.15249 0.00026 0 -1.27945250388225e-05
matrices/Nr25_Nc25/consumption/RandTrix_Nr25_Nc25_Nest0.4_Conn0.2288.txt matrices/Nr25_Nc25/syntrophy/optimized_alpha=0.005_gamma=0.5/Metamatrices 0.2288 0.4 0.499326512 0.561893487100161 optimized_matrix 0.0052 100000 0.08361 0.07882 0.00479 0 -2.57034869735061e-06
matrices/Nr25_Nc25/consumption/RandTrix_Nr25_Nc25_Nest0.4_Conn0.0784.txt matrices/Nr25_Nc25/syntrophy/optimized_alpha=0.005_gamma=0.5/Metamatrices 0.0784 0.4 1 1 fully_connected 0.0026 100000 0.05993 0.05993 0 0 -0.000213275847433953
matrices/Nr25_Nc25/consumption/RandTrix_Nr25_Nc25_Nest0.4_Conn0.2288.txt matrices/Nr25_Nc25/syntrophy/optimized_alpha=0.005_gamma=0.5/Metamatrices 0.2288 0.4 0.228796896 0.286708766833243 random_structure 0.0052 100000 0.13463 0.12291 0.01172 0 -1.9957972901072e-06
matrices/Nr25_Nc25/consumption/RandTrix_Nr25_Nc25_Nest0.4_Conn0.1232.txt matrices/Nr25_Nc25/syntrophy/optimized_alpha=0.005_gamma=0.5/Metamatrices 0.1232 0.399558498896247 1 1 fully_connected 0.0026 100000 0.09872 0.09872 0 0 -0.000219228919709452
matrices/Nr25_Nc25/consumption/RandTrix_Nr25_Nc25_Nest0.4_Conn0.272.txt matrices/Nr25_Nc25/syntrophy/optimized_alpha=0.005_gamma=0.5/Metamatrices 0.272 0.397260273972603 0.497837472 0.560156860055058 optimized_matrix 0.0052 100000 0.09963 0.09946 0.00017 0 -2.21465804261777e-05
matrices/Nr25_Nc25/consumption/RandTrix_Nr25_Nc25_Nest0.4_Conn0.2032.txt matrices/Nr25_Nc25/syntrophy/optimized_alpha=0.005_gamma=0.5/Metamatrices 0.2032 0.4 1 1 fully_connected 0.0026 100000 0.11868 0.11868 0 0 -1.58738919412333e-05
matrices/Nr25_Nc25/consumption/RandTrix_Nr25_Nc25_Nest0.4_Conn0.272.txt matrices/Nr25_Nc25/syntrophy/optimized_alpha=0.005_gamma=0.5/Metamatrices 0.272 0.397260273972603 0.27201152 0.33196892525202 random_structure 0.0052 100000 0.14764 0.14709 0.00055 0 -1.73899346929802e-05
matrices/Nr25_Nc25/consumption/RandTrix_Nr25_Nc25_Nest0.4_Conn0.3312.txt matrices/Nr25_Nc25/syntrophy/optimized_alpha=0.005_gamma=0.5/Metamatrices 0.3312 0.396235521235521 0.495861664 0.558513839582349 optimized_matrix 0.0052 100000 0.1728 0.16301 0.00979 0 -9.47092855978163e-06
matrices/Nr25_Nc25/consumption/RandTrix_Nr25_Nc25_Nest0.4_Conn0.2288.txt matrices/Nr25_Nc25/syntrophy/optimized_alpha=0.005_gamma=0.5/Metamatrices 0.2288 0.4 1 1 fully_connected 0.0026 100000 0.08834 0.08775 0.00059 0 -2.45124496298249e-06
matrices/Nr25_Nc25/consumption/RandTrix_Nr25_Nc25_Nest0.4_Conn0.3312.txt matrices/Nr25_Nc25/syntrophy/optimized_alpha=0.005_gamma=0.5/Metamatrices 0.3312 0.396235521235521 0.331298784 0.39317321309248 random_structure 0.0052 100000 0.19525 0.18161 0.01364 0 -8.58944468377418e-06
matrices/Nr25_Nc25/consumption/RandTrix_Nr25_Nc25_Nest0.4_Conn0.272.txt matrices/Nr25_Nc25/syntrophy/optimized_alpha=0.005_gamma=0.5/Metamatrices 0.272 0.397260273972603 1 1 fully_connected 0.0026 100000 0.09733 0.09732 1e-05 0 -2.32791761087838e-05
matrices/Nr25_Nc25/consumption/RandTrix_Nr25_Nc25_Nest0.4_Conn0.3712.txt matrices/Nr25_Nc25/syntrophy/optimized_alpha=0.005_gamma=0.5/Metamatrices 0.3712 0.40494527766518 0.499912496 0.562542229846622 optimized_matrix 0.0052 100000 0.22001 0.21906 0.00095 0 -4.01201819907381e-05
matrices/Nr25_Nc25/consumption/RandTrix_Nr25_Nc25_Nest0.4_Conn0.3312.txt matrices/Nr25_Nc25/syntrophy/optimized_alpha=0.005_gamma=0.5/Metamatrices 0.3312 0.396235521235521 1 1 fully_connected 0.0026 100000 0.17204 0.1715 0.00054 0 -9.29200929755147e-06
matrices/Nr25_Nc25/consumption/RandTrix_Nr25_Nc25_Nest0.55_Conn0.0992.txt matrices/Nr25_Nc25/syntrophy/optimized_alpha=0.005_gamma=0.5/Metamatrices 0.0992 0.548109965635739 0.464281968 0.679690522514822 optimized_matrix 0.0052 100000 0.03386 0.03386 0 0 -0.000184429317991118
matrices/Nr25_Nc25/consumption/RandTrix_Nr25_Nc25_Nest0.4_Conn0.3712.txt matrices/Nr25_Nc25/syntrophy/optimized_alpha=0.005_gamma=0.5/Metamatrices 0.3712 0.40494527766518 0.371228144 0.433798378059447 random_structure 0.0052 100000 0.22918 0.22761 0.00157 0 -3.89687982479133e-05
matrices/Nr25_Nc25/consumption/RandTrix_Nr25_Nc25_Nest0.55_Conn0.1248.txt matrices/Nr25_Nc25/syntrophy/optimized_alpha=0.005_gamma=0.5/Metamatrices 0.1248 0.55 0.508859584 0.589706801525264 optimized_matrix 0.0052 100000 0.04942 0.04942 0 0 -7.0892141545124e-05
matrices/Nr25_Nc25/consumption/RandTrix_Nr25_Nc25_Nest0.55_Conn0.0992.txt matrices/Nr25_Nc25/syntrophy/optimized_alpha=0.005_gamma=0.5/Metamatrices 0.0992 0.548109965635739 0.099190576 0.147182009600499 random_structure 0.0052 100000 0.10473 0.10473 0 0 -9.46959851548611e-05
matrices/Nr25_Nc25/consumption/RandTrix_Nr25_Nc25_Nest0.55_Conn0.184.txt matrices/Nr25_Nc25/syntrophy/optimized_alpha=0.005_gamma=0.5/Metamatrices 0.184 0.55019556714472 0.503517248 0.566467214844569 optimized_matrix 0.0052 100000 0.05972 0.05972 0 0 -2.43039874239164e-05
matrices/Nr25_Nc25/consumption/RandTrix_Nr25_Nc25_Nest0.4_Conn0.3712.txt matrices/Nr25_Nc25/syntrophy/optimized_alpha=0.005_gamma=0.5/Metamatrices 0.3712 0.40494527766518 1 1 fully_connected 0.0026 100000 0.22722 0.22721 1e-05 0 -3.91371673399405e-05
matrices/Nr25_Nc25/consumption/RandTrix_Nr25_Nc25_Nest0.55_Conn0.1248.txt matrices/Nr25_Nc25/syntrophy/optimized_alpha=0.005_gamma=0.5/Metamatrices 0.1248 0.55 0.124778176 0.175266382420412 random_structure 0.0052 100000 0.09748 0.09748 0 0 -4.60705338668856e-05
matrices/Nr25_Nc25/consumption/RandTrix_Nr25_Nc25_Nest0.55_Conn0.0992.txt matrices/Nr25_Nc25/syntrophy/optimized_alpha=0.005_gamma=0.5/Metamatrices 0.0992 0.548109965635739 1 1 fully_connected 0.0026 100000 0.049 0.049 0 0 -0.000154623387942282
matrices/Nr25_Nc25/consumption/RandTrix_Nr25_Nc25_Nest0.55_Conn0.2304.txt matrices/Nr25_Nc25/syntrophy/optimized_alpha=0.005_gamma=0.5/Metamatrices 0.2304 0.55 0.503091104 0.565258420492982 optimized_matrix 0.0052 100000 0.05224 0.05224 0 0 -8.37488832803547e-06
matrices/Nr25_Nc25/consumption/RandTrix_Nr25_Nc25_Nest0.55_Conn0.1248.txt matrices/Nr25_Nc25/syntrophy/optimized_alpha=0.005_gamma=0.5/Metamatrices 0.1248 0.55 1 1 fully_connected 0.0026 100000 0.05129 0.05129 0 0 -6.93960573334818e-05
matrices/Nr25_Nc25/consumption/RandTrix_Nr25_Nc25_Nest0.55_Conn0.184.txt matrices/Nr25_Nc25/syntrophy/optimized_alpha=0.005_gamma=0.5/Metamatrices 0.184 0.55019556714472 0.184002832 0.239366730130113 random_structure 0.0052 100000 0.10629 0.10629 0 0 -1.67644764386914e-05
matrices/Nr25_Nc25/consumption/RandTrix_Nr25_Nc25_Nest0.55_Conn0.3024.txt matrices/Nr25_Nc25/syntrophy/optimized_alpha=0.005_gamma=0.5/Metamatrices 0.3024 0.550095724313976 0.503229216 0.565672099390899 optimized_matrix 0.0052 100000 0.07118 0.06958 0.0016 0 -5.18571594055484e-06
matrices/Nr25_Nc25/consumption/RandTrix_Nr25_Nc25_Nest0.55_Conn0.184.txt matrices/Nr25_Nc25/syntrophy/optimized_alpha=0.005_gamma=0.5/Metamatrices 0.184 0.55019556714472 1 1 fully_connected 0.0026 100000 0.06834 0.06834 0 0 -2.21717909979169e-05
matrices/Nr25_Nc25/consumption/RandTrix_Nr25_Nc25_Nest0.55_Conn0.2304.txt matrices/Nr25_Nc25/syntrophy/optimized_alpha=0.005_gamma=0.5/Metamatrices 0.2304 0.55 0.230388 0.288508751491761 random_structure 0.0052 100000 0.0867 0.08665 5e-05 0 -6.22644250961299e-06
matrices/Nr25_Nc25/consumption/RandTrix_Nr25_Nc25_Nest0.55_Conn0.2304.txt matrices/Nr25_Nc25/syntrophy/optimized_alpha=0.005_gamma=0.5/Metamatrices 0.2304 0.55 1 1 fully_connected 0.0026 100000 0.05902 0.05902 0 0 -8.11728023785826e-06
matrices/Nr25_Nc25/consumption/RandTrix_Nr25_Nc25_Nest0.55_Conn0.3344.txt matrices/Nr25_Nc25/syntrophy/optimized_alpha=0.005_gamma=0.5/Metamatrices 0.3344 0.547425474254743 0.500012784 0.562561422105708 optimized_matrix 0.0052 100000 0.10667 0.10566 0.00101 0 -1.48947200322694e-05
matrices/Nr25_Nc25/consumption/RandTrix_Nr25_Nc25_Nest0.55_Conn0.3024.txt matrices/Nr25_Nc25/syntrophy/optimized_alpha=0.005_gamma=0.5/Metamatrices 0.3024 0.550095724313976 0.302421856 0.363439132180026 random_structure 0.0052 100000 0.09792 0.09453 0.00339 0 -4.38704672418941e-06
matrices/Nr25_Nc25/consumption/RandTrix_Nr25_Nc25_Nest0.55_Conn0.3024.txt matrices/Nr25_Nc25/syntrophy/optimized_alpha=0.005_gamma=0.5/Metamatrices 0.3024 0.550095724313976 1 1 fully_connected 0.0026 100000 0.06867 0.0684 0.00027 0 -5.46407228378653e-06
matrices/Nr25_Nc25/consumption/RandTrix_Nr25_Nc25_Nest0.55_Conn0.3824.txt matrices/Nr25_Nc25/syntrophy/optimized_alpha=0.005_gamma=0.5/Metamatrices 0.3824 0.547794117647059 0.499039568 0.561571315178137 optimized_matrix 0.0052 100000 0.11367 0.10253 0.01114 0 -2.48899377716698e-06
matrices/Nr25_Nc25/consumption/RandTrix_Nr25_Nc25_Nest0.55_Conn0.3344.txt matrices/Nr25_Nc25/syntrophy/optimized_alpha=0.005_gamma=0.5/Metamatrices 0.3344 0.547425474254743 0.334381328 0.396326884943407 random_structure 0.0052 100000 0.12734 0.12536 0.00198 0 -1.28409153122514e-05
matrices/Nr25_Nc25/consumption/RandTrix_Nr25_Nc25_Nest0.55_Conn0.3344.txt matrices/Nr25_Nc25/syntrophy/optimized_alpha=0.005_gamma=0.5/Metamatrices 0.3344 0.547425474254743 1 1 fully_connected 0.0026 100000 0.10999 0.10977 0.00022 0 -1.42155710536607e-05
matrices/Nr25_Nc25/consumption/RandTrix_Nr25_Nc25_Nest0.55_Conn0.3824.txt matrices/Nr25_Nc25/syntrophy/optimized_alpha=0.005_gamma=0.5/Metamatrices 0.3824 0.547794117647059 0.382394496 0.445104756316697 random_structure 0.0052 100000 0.13189 0.11665 0.01524 0 -2.28012567524437e-06
matrices/Nr25_Nc25/consumption/RandTrix_Nr25_Nc25_Nest0.55_Conn0.3824.txt matrices/Nr25_Nc25/syntrophy/optimized_alpha=0.005_gamma=0.5/Metamatrices 0.3824 0.547794117647059 1 1 fully_connected 0.0026 100000 0.11476 0.11224 0.00252 0 -2.27761397487866e-06
matrices/Nr25_Nc25/consumption/RandTrix_Nr25_Nc25_Nest0.55_Conn0.4176.txt matrices/Nr25_Nc25/syntrophy/optimized_alpha=0.005_gamma=0.5/Metamatrices 0.4176 0.546571541815299 0.497876448 0.560086229776802 optimized_matrix 0.0052 100000 0.16587 0.14248 0.02339 0 -3.99152454277584e-06
matrices/Nr25_Nc25/consumption/RandTrix_Nr25_Nc25_Nest0.5_Conn0.0912.txt matrices/Nr25_Nc25/syntrophy/optimized_alpha=0.005_gamma=0.5/Metamatrices 0.0912 0.50278293135436 0.418946272 0.678039387814745 optimized_matrix 0.0052 100000 0.03355 0.03355 0 0 -0.000190581348834076
matrices/Nr25_Nc25/consumption/RandTrix_Nr25_Nc25_Nest0.55_Conn0.4176.txt matrices/Nr25_Nc25/syntrophy/optimized_alpha=0.005_gamma=0.5/Metamatrices 0.4176 0.546571541815299 0.417561664 0.480548326314756 random_structure 0.0052 100000 0.17258 0.14899 0.02359 0 -3.78625339040241e-06
matrices/Nr25_Nc25/consumption/RandTrix_Nr25_Nc25_Nest0.55_Conn0.4176.txt matrices/Nr25_Nc25/syntrophy/optimized_alpha=0.005_gamma=0.5/Metamatrices 0.4176 0.546571541815299 1 1 fully_connected 0.0026 100000 0.17139 0.15671 0.01468 0 -3.68882313450035e-06
matrices/Nr25_Nc25/consumption/RandTrix_Nr25_Nc25_Nest0.5_Conn0.1248.txt matrices/Nr25_Nc25/syntrophy/optimized_alpha=0.005_gamma=0.5/Metamatrices 0.1248 0.5 0.50265856 0.565084952528763 optimized_matrix 0.0052 100000 0.05282 0.05282 0 0 -0.000112372964617858
matrices/Nr25_Nc25/consumption/RandTrix_Nr25_Nc25_Nest0.5_Conn0.0912.txt matrices/Nr25_Nc25/syntrophy/optimized_alpha=0.005_gamma=0.5/Metamatrices 0.0912 0.50278293135436 1 1 fully_connected 0.0026 100000 0.05088 0.05088 0 0 -0.00015577945212838
matrices/Nr25_Nc25/consumption/RandTrix_Nr25_Nc25_Nest0.5_Conn0.0912.txt matrices/Nr25_Nc25/syntrophy/optimized_alpha=0.005_gamma=0.5/Metamatrices 0.0912 0.50278293135436 0.091238304 0.138474065529153 random_structure 0.0052 100000 0.10879 0.10879 0 0 -9.41533068510916e-05
matrices/Nr25_Nc25/consumption/RandTrix_Nr25_Nc25_Nest0.5_Conn0.1744.txt matrices/Nr25_Nc25/syntrophy/optimized_alpha=0.005_gamma=0.5/Metamatrices 0.1744 0.5 0.500272816 0.56308568135412 optimized_matrix 0.0052 100000 0.07343 0.07343 0 0 -7.2493414443385e-05
matrices/Nr25_Nc25/consumption/RandTrix_Nr25_Nc25_Nest0.5_Conn0.1248.txt matrices/Nr25_Nc25/syntrophy/optimized_alpha=0.005_gamma=0.5/Metamatrices 0.1248 0.5 1 1 fully_connected 0.0026 100000 0.0601 0.0601 0 0 -0.000103830812290673
matrices/Nr25_Nc25/consumption/RandTrix_Nr25_Nc25_Nest0.5_Conn0.1248.txt matrices/Nr25_Nc25/syntrophy/optimized_alpha=0.005_gamma=0.5/Metamatrices 0.1248 0.5 0.124842272 0.175341620733262 random_structure 0.0052 100000 0.11084 0.11084 0 0 -6.97576081573254e-05
matrices/Nr25_Nc25/consumption/RandTrix_Nr25_Nc25_Nest0.5_Conn0.1744.txt matrices/Nr25_Nc25/syntrophy/optimized_alpha=0.005_gamma=0.5/Metamatrices 0.1744 0.5 1 1 fully_connected 0.0026 100000 0.08274 0.08274 0 0 -6.84821525367253e-05
matrices/Nr25_Nc25/consumption/RandTrix_Nr25_Nc25_Nest0.5_Conn0.2496.txt matrices/Nr25_Nc25/syntrophy/optimized_alpha=0.005_gamma=0.5/Metamatrices 0.2496 0.5 0.501362496 0.563730805037855 optimized_matrix 0.0052 100000 0.08474 0.08474 0 0 -2.32958719088716e-05
matrices/Nr25_Nc25/consumption/RandTrix_Nr25_Nc25_Nest0.5_Conn0.1744.txt matrices/Nr25_Nc25/syntrophy/optimized_alpha=0.005_gamma=0.5/Metamatrices 0.1744 0.5 0.174479408 0.22911241459649 random_structure 0.0052 100000 0.12977 0.12977 0 0 -5.18296056742535e-05
matrices/Nr25_Nc25/consumption/RandTrix_Nr25_Nc25_Nest0.5_Conn0.2496.txt matrices/Nr25_Nc25/syntrophy/optimized_alpha=0.005_gamma=0.5/Metamatrices 0.2496 0.5 1 1 fully_connected 0.0026 100000 0.09082 0.09082 0 0 -2.19308552120326e-05
matrices/Nr25_Nc25/consumption/RandTrix_Nr25_Nc25_Nest0.5_Conn0.2928.txt matrices/Nr25_Nc25/syntrophy/optimized_alpha=0.005_gamma=0.5/Metamatrices 0.2928 0.5 0.498913408 0.561445044870755 optimized_matrix 0.0052 100000 0.12422 0.12366 0.00056 0 -1.26266155866623e-05
matrices/Nr25_Nc25/consumption/RandTrix_Nr25_Nc25_Nest0.5_Conn0.2928.txt matrices/Nr25_Nc25/syntrophy/optimized_alpha=0.005_gamma=0.5/Metamatrices 0.2928 0.5 1 1 fully_connected 0.0026 100000 0.12908 0.12902 6e-05 0 -1.17013393320239e-05
matrices/Nr25_Nc25/consumption/RandTrix_Nr25_Nc25_Nest0.5_Conn0.2496.txt matrices/Nr25_Nc25/syntrophy/optimized_alpha=0.005_gamma=0.5/Metamatrices 0.2496 0.5 0.249553728 0.308493730090267 random_structure 0.0052 100000 0.12994 0.12994 0 0 -1.79005881074121e-05
matrices/Nr25_Nc25/consumption/RandTrix_Nr25_Nc25_Nest0.5_Conn0.32.txt matrices/Nr25_Nc25/syntrophy/optimized_alpha=0.005_gamma=0.5/Metamatrices 0.32 0.498845265588915 0.497300064 0.559801131172187 optimized_matrix 0.0052 100000 0.14245 0.13406 0.00839 0 -6.65241752105583e-06
matrices/Nr25_Nc25/consumption/RandTrix_Nr25_Nc25_Nest0.5_Conn0.32.txt matrices/Nr25_Nc25/syntrophy/optimized_alpha=0.005_gamma=0.5/Metamatrices 0.32 0.498845265588915 1 1 fully_connected 0.0026 100000 0.14708 0.1465 0.00058 0 -6.33367697227958e-06
matrices/Nr25_Nc25/consumption/RandTrix_Nr25_Nc25_Nest0.5_Conn0.2928.txt matrices/Nr25_Nc25/syntrophy/optimized_alpha=0.005_gamma=0.5/Metamatrices 0.2928 0.5 0.292762368 0.353447631243011 random_structure 0.0052 100000 0.15334 0.15157 0.00177 0 -1.04446836028959e-05
matrices/Nr25_Nc25/consumption/RandTrix_Nr25_Nc25_Nest0.5_Conn0.3824.txt matrices/Nr25_Nc25/syntrophy/optimized_alpha=0.005_gamma=0.5/Metamatrices 0.3824 0.496305953933073 1 1 fully_connected 0.0026 100000 0.16318 0.16272 0.00046 0 -7.11982955755744e-06
matrices/Nr25_Nc25/consumption/RandTrix_Nr25_Nc25_Nest0.5_Conn0.32.txt matrices/Nr25_Nc25/syntrophy/optimized_alpha=0.005_gamma=0.5/Metamatrices 0.32 0.498845265588915 0.3199636 0.38146682623653 random_structure 0.0052 100000 0.16857 0.15615 0.01242 0 -6.14755339158171e-06
matrices/Nr25_Nc25/consumption/RandTrix_Nr25_Nc25_Nest0.5_Conn0.3824.txt matrices/Nr25_Nc25/syntrophy/optimized_alpha=0.005_gamma=0.5/Metamatrices 0.3824 0.496305953933073 0.49495056 0.557501210027864 optimized_matrix 0.0052 100000 0.16178 0.15217 0.00961 0 -7.60587683560928e-06
matrices/Nr25_Nc25/consumption/RandTrix_Nr25_Nc25_Nest0.5_Conn0.416.txt matrices/Nr25_Nc25/syntrophy/optimized_alpha=0.005_gamma=0.5/Metamatrices 0.416 0.504988488104375 1 1 fully_connected 0.0026 100000 0.15306 0.15219 0.00087 0 -7.15460646257905e-06
matrices/Nr25_Nc25/consumption/RandTrix_Nr25_Nc25_Nest0.5_Conn0.3824.txt matrices/Nr25_Nc25/syntrophy/optimized_alpha=0.005_gamma=0.5/Metamatrices 0.3824 0.496305953933073 0.382460896 0.445149486906876 random_structure 0.0052 100000 0.17329 0.16023 0.01306 0 -7.11801699565316e-06
matrices/Nr25_Nc25/consumption/RandTrix_Nr25_Nc25_Nest0.6_Conn0.12.txt matrices/Nr25_Nc25/syntrophy/optimized_alpha=0.005_gamma=0.5/Metamatrices 0.12 0.6 1 1 fully_connected 0.0026 100000 0.04871 0.04871 0 0 -0.000126181322742205
matrices/Nr25_Nc25/consumption/RandTrix_Nr25_Nc25_Nest0.5_Conn0.416.txt matrices/Nr25_Nc25/syntrophy/optimized_alpha=0.005_gamma=0.5/Metamatrices 0.416 0.504988488104375 0.504755248 0.567321137320389 optimized_matrix 0.0052 100000 0.15122 0.14041 0.01081 0 -7.93991189614105e-06
matrices/Nr25_Nc25/consumption/RandTrix_Nr25_Nc25_Nest0.6_Conn0.16.txt matrices/Nr25_Nc25/syntrophy/optimized_alpha=0.005_gamma=0.5/Metamatrices 0.16 0.6 1 1 fully_connected 0.0026 100000 0.04848 0.04848 0 0 -1.85311445778564e-05
matrices/Nr25_Nc25/consumption/RandTrix_Nr25_Nc25_Nest0.6_Conn0.12.txt matrices/Nr25_Nc25/syntrophy/optimized_alpha=0.005_gamma=0.5/Metamatrices 0.12 0.6 0.529462608 0.631296148843929 optimized_matrix 0.0052 100000 0.0442 0.0442 0 0 -0.000132582286603534
matrices/Nr25_Nc25/consumption/RandTrix_Nr25_Nc25_Nest0.6_Conn0.2048.txt matrices/Nr25_Nc25/syntrophy/optimized_alpha=0.005_gamma=0.5/Metamatrices 0.2048 0.6 1 1 fully_connected 0.0026 100000 0.05045 0.05045 0 0 -9.31755580765235e-06
matrices/Nr25_Nc25/consumption/RandTrix_Nr25_Nc25_Nest0.5_Conn0.416.txt matrices/Nr25_Nc25/syntrophy/optimized_alpha=0.005_gamma=0.5/Metamatrices 0.416 0.504988488104375 0.415984672 0.478900269459747 random_structure 0.0052 100000 0.16581 0.15296 0.01285 0 -7.56226063491446e-06
matrices/Nr25_Nc25/consumption/RandTrix_Nr25_Nc25_Nest0.6_Conn0.16.txt matrices/Nr25_Nc25/syntrophy/optimized_alpha=0.005_gamma=0.5/Metamatrices 0.16 0.6 0.501244208 0.563787597994317 optimized_matrix 0.0052 100000 0.04805 0.04805 0 0 -1.80495625595685e-05
matrices/Nr25_Nc25/consumption/RandTrix_Nr25_Nc25_Nest0.6_Conn0.3168.txt matrices/Nr25_Nc25/syntrophy/optimized_alpha=0.005_gamma=0.5/Metamatrices 0.3168 0.599869024230517 1 1 fully_connected 0.0026 100000 0.07017 0.07017 0 0 -1.07102904081525e-05
matrices/Nr25_Nc25/consumption/RandTrix_Nr25_Nc25_Nest0.6_Conn0.12.txt matrices/Nr25_Nc25/syntrophy/optimized_alpha=0.005_gamma=0.5/Metamatrices 0.12 0.6 0.12003544 0.1701756941023 random_structure 0.0052 100000 0.09607 0.09607 0 0 -8.14034601493479e-05
matrices/Nr25_Nc25/consumption/RandTrix_Nr25_Nc25_Nest0.6_Conn0.2048.txt matrices/Nr25_Nc25/syntrophy/optimized_alpha=0.005_gamma=0.5/Metamatrices 0.2048 0.6 0.503371424 0.566238458800141 optimized_matrix 0.0052 100000 0.04901 0.04901 0 0 -9.37363205692737e-06
matrices/Nr25_Nc25/consumption/RandTrix_Nr25_Nc25_Nest0.6_Conn0.3712.txt matrices/Nr25_Nc25/syntrophy/optimized_alpha=0.005_gamma=0.5/Metamatrices 0.3712 0.595085995085995 1 1 fully_connected 0.0026 100000 0.10616 0.10529 0.00087 0 -4.0285999718623e-06
matrices/Nr25_Nc25/consumption/RandTrix_Nr25_Nc25_Nest0.6_Conn0.16.txt matrices/Nr25_Nc25/syntrophy/optimized_alpha=0.005_gamma=0.5/Metamatrices 0.16 0.6 0.159982864 0.213546288556755 random_structure 0.0052 100000 0.09069 0.09067 2e-05 0 -1.23580925690309e-05
matrices/Nr25_Nc25/consumption/RandTrix_Nr25_Nc25_Nest0.6_Conn0.3168.txt matrices/Nr25_Nc25/syntrophy/optimized_alpha=0.005_gamma=0.5/Metamatrices 0.3168 0.599869024230517 0.500857664 0.563969828604277 optimized_matrix 0.0052 100000 0.069 0.069 0 0 -1.0569942580693e-05
matrices/Nr25_Nc25/consumption/RandTrix_Nr25_Nc25_Nest0.6_Conn0.2048.txt matrices/Nr25_Nc25/syntrophy/optimized_alpha=0.005_gamma=0.5/Metamatrices 0.2048 0.6 0.204767888 0.261424653892635 random_structure 0.0052 100000 0.08375 0.0837 5e-05 0 -6.85737238166832e-06
matrices/Nr25_Nc25/consumption/RandTrix_Nr25_Nc25_Nest0.6_Conn0.44.txt matrices/Nr25_Nc25/syntrophy/optimized_alpha=0.005_gamma=0.5/Metamatrices 0.44 0.6 1 1 fully_connected 0.0026 100000 0.13192 0.13146 0.00046 0 -1.34985429107508e-05
# File last opened on Thu Apr  4 05:03:49 2024
# We are writing, in that order, G-matrix location, A-matrix location, G connectance, G nestedness, A connectance, A nestedness, A-mode, alpha0 value, total number of simulations, proportion of feasible, stable, unstable, marginal and dominant eigenvalue
matrices/Nr25_Nc25/consumption/RandTrix_Nr25_Nc25_Nest0.6_Conn0.3712.txt matrices/Nr25_Nc25/syntrophy/optimized_alpha=0.005_gamma=0.5/Metamatrices 0.3712 0.595085995085995 0.502839824 0.565265158044994 optimized_matrix 0.0052 100000 0.10748 0.09994 0.00754 0 -4.19962152623813e-06
matrices/Nr25_Nc25/consumption/RandTrix_Nr25_Nc25_Nest0.6_Conn0.3168.txt matrices/Nr25_Nc25/syntrophy/optimized_alpha=0.005_gamma=0.5/Metamatrices 0.3168 0.599869024230517 0.31681936 0.378209808956087 random_structure 0.0052 100000 0.0949 0.0948 0.0001 0 -8.94559955621834e-06
matrices/Nr25_Nc25/consumption/RandTrix_Nr25_Nc25_Nest0.15_Conn0.08.txt matrices/Nr25_Nc25/syntrophy/optimized_alpha=0.005_gamma=0.5/Metamatrices 0.0816 0.15 0.200596624 0.479473368067334 optimized_matrix 0.0078 100000 0.08894 0.08894 0 0 -0.000108511668892852
matrices/Nr25_Nc25/consumption/RandTrix_Nr25_Nc25_Nest0.6_Conn0.3712.txt matrices/Nr25_Nc25/syntrophy/optimized_alpha=0.005_gamma=0.5/Metamatrices 0.3712 0.595085995085995 0.371269456 0.433842320627098 random_structure 0.0052 100000 0.12157 0.11114 0.01043 0 -3.87992339006431e-06
matrices/Nr25_Nc25/consumption/RandTrix_Nr25_Nc25_Nest0.6_Conn0.44.txt matrices/Nr25_Nc25/syntrophy/optimized_alpha=0.005_gamma=0.5/Metamatrices 0.44 0.6 0.500261616 0.562683873203563 optimized_matrix 0.0052 100000 0.13097 0.12631 0.00466 0 -1.3621024330245e-05
# File last opened on Thu Apr  4 05:07:07 2024
# We are writing, in that order, G-matrix location, A-matrix location, G connectance, G nestedness, A connectance, A nestedness, A-mode, alpha0 value, total number of simulations, proportion of feasible, stable, unstable, marginal and dominant eigenvalue
matrices/Nr25_Nc25/consumption/RandTrix_Nr25_Nc25_Nest0.15_Conn0.12.txt matrices/Nr25_Nc25/syntrophy/optimized_alpha=0.005_gamma=0.5/Metamatrices 0.12 0.151419558359621 0.367452176 0.502377319154476 optimized_matrix 0.0078 100000 0.16027 0.16027 0 0 -2.61731518513839e-05
matrices/Nr25_Nc25/consumption/RandTrix_Nr25_Nc25_Nest0.6_Conn0.44.txt matrices/Nr25_Nc25/syntrophy/optimized_alpha=0.005_gamma=0.5/Metamatrices 0.44 0.6 0.440133472 0.503174629271138 random_structure 0.0052 100000 0.13788 0.13318 0.0047 0 -1.31699404976632e-05
# File last opened on Thu Apr  4 05:08:12 2024
# We are writing, in that order, G-matrix location, A-matrix location, G connectance, G nestedness, A connectance, A nestedness, A-mode, alpha0 value, total number of simulations, proportion of feasible, stable, unstable, marginal and dominant eigenvalue
matrices/Nr25_Nc25/consumption/RandTrix_Nr25_Nc25_Nest0.15_Conn0.08.txt matrices/Nr25_Nc25/syntrophy/optimized_alpha=0.005_gamma=0.5/Metamatrices 0.0816 0.15 0.08154344 0.12759537929065 random_structure 0.014 100000 0.14776 0.14776 0 0 -8.04769759942455e-05
matrices/Nr25_Nc25/consumption/RandTrix_Nr25_Nc25_Nest0.15_Conn0.08.txt matrices/Nr25_Nc25/syntrophy/optimized_alpha=0.005_gamma=0.5/Metamatrices 0.0816 0.15 0.08154344 0.12759537929065 random_structure 0.0078 100000 0.20686 0.20686 0 0 -6.50779689551215e-05
matrices/Nr25_Nc25/consumption/RandTrix_Nr25_Nc25_Nest0.15_Conn0.12.txt matrices/Nr25_Nc25/syntrophy/optimized_alpha=0.005_gamma=0.5/Metamatrices 0.12 0.151419558359621 0.1200596 0.170176625039745 random_structure 0.014 100000 0.21626 0.21535 0.00091 0 -2.16633786399638e-05
matrices/Nr25_Nc25/consumption/RandTrix_Nr25_Nc25_Nest0.15_Conn0.1808.txt matrices/Nr25_Nc25/syntrophy/optimized_alpha=0.005_gamma=0.5/Metamatrices 0.1808 0.158059467918623 0.498304336 0.560898611504969 optimized_matrix 0.0078 100000 0.35726 0.35702 0.00024 0 -9.07820605641029e-05
matrices/Nr25_Nc25/consumption/RandTrix_Nr25_Nc25_Nest0.15_Conn0.12.txt matrices/Nr25_Nc25/syntrophy/optimized_alpha=0.005_gamma=0.5/Metamatrices 0.12 0.151419558359621 0.1200596 0.170176625039745 random_structure 0.0078 100000 0.30997 0.30921 0.00076 0 -1.75969545744803e-05
matrices/Nr25_Nc25/consumption/RandTrix_Nr25_Nc25_Nest0.1_Conn0.0816.txt matrices/Nr25_Nc25/syntrophy/optimized_alpha=0.005_gamma=0.5/Metamatrices 0.0816 0.1 0.138218576 0.291928496041915 optimized_matrix 0.0078 100000 0.20932 0.20932 0 0 -0.000338814198405249
matrices/Nr25_Nc25/consumption/RandTrix_Nr25_Nc25_Nest0.15_Conn0.1808.txt matrices/Nr25_Nc25/syntrophy/optimized_alpha=0.005_gamma=0.5/Metamatrices 0.1808 0.158059467918623 0.180786336 0.235835684910872 random_structure 0.014 100000 0.3699 0.36815 0.00175 0 -8.81067912476746e-05
matrices/Nr25_Nc25/consumption/RandTrix_Nr25_Nc25_Nest0.1_Conn0.0816.txt matrices/Nr25_Nc25/syntrophy/optimized_alpha=0.005_gamma=0.5/Metamatrices 0.0816 0.1 0.0816504 0.127706230677181 random_structure 0.014 100000 0.23642 0.23642 0 0 -0.000304906500351908
matrices/Nr25_Nc25/consumption/RandTrix_Nr25_Nc25_Nest0.15_Conn0.1808.txt matrices/Nr25_Nc25/syntrophy/optimized_alpha=0.005_gamma=0.5/Metamatrices 0.1808 0.158059467918623 0.180786336 0.235835684910872 random_structure 0.0078 100000 0.41728 0.41635 0.00093 0 -7.80067673136101e-05
matrices/Nr25_Nc25/consumption/RandTrix_Nr25_Nc25_Nest0.1_Conn0.1296.txt matrices/Nr25_Nc25/syntrophy/optimized_alpha=0.005_gamma=0.5/Metamatrices 0.1296 0.10479375696767 0.28123296 0.329929482337338 optimized_matrix 0.0078 100000 0.4455 0.41581 0.02969 0 -1.60336031829131e-05
matrices/Nr25_Nc25/consumption/RandTrix_Nr25_Nc25_Nest0.25_Conn0.0832.txt matrices/Nr25_Nc25/syntrophy/optimized_alpha=0.005_gamma=0.5/Metamatrices 0.0832 0.25 0.322301312 0.578597739891471 optimized_matrix 0.0078 100000 0.07352 0.07352 0 0 -0.000791079180201897
matrices/Nr25_Nc25/consumption/RandTrix_Nr25_Nc25_Nest0.1_Conn0.0816.txt matrices/Nr25_Nc25/syntrophy/optimized_alpha=0.005_gamma=0.5/Metamatrices 0.0816 0.1 0.0816504 0.127706230677181 random_structure 0.0078 100000 0.32796 0.32796 0 0 -0.000248963811984357
matrices/Nr25_Nc25/consumption/RandTrix_Nr25_Nc25_Nest0.1_Conn0.1296.txt matrices/Nr25_Nc25/syntrophy/optimized_alpha=0.005_gamma=0.5/Metamatrices 0.1296 0.10479375696767 0.129591072 0.180493497009967 random_structure 0.014 100000 0.43365 0.38408 0.04957 0 -1.68166679813385e-05
matrices/Nr25_Nc25/consumption/RandTrix_Nr25_Nc25_Nest0.25_Conn0.1392.txt matrices/Nr25_Nc25/syntrophy/optimized_alpha=0.005_gamma=0.5/Metamatrices 0.1392 0.25 0.495091616 0.558237780261642 optimized_matrix 0.0078 100000 0.06854 0.06854 0 0 -8.36618414242373e-05
matrices/Nr25_Nc25/consumption/RandTrix_Nr25_Nc25_Nest0.25_Conn0.0832.txt matrices/Nr25_Nc25/syntrophy/optimized_alpha=0.005_gamma=0.5/Metamatrices 0.0832 0.25 0.083113376 0.129358581384574 random_structure 0.014 100000 0.12924 0.12924 0 0 -0.000580913248839674
matrices/Nr25_Nc25/consumption/RandTrix_Nr25_Nc25_Nest0.25_Conn0.184.txt matrices/Nr25_Nc25/syntrophy/optimized_alpha=0.005_gamma=0.5/Metamatrices 0.184 0.245901639344262 0.497657056 0.560293097275365 optimized_matrix 0.0078 100000 0.09864 0.09031 0.00833 0 -6.97923814676032e-06
matrices/Nr25_Nc25/consumption/RandTrix_Nr25_Nc25_Nest0.25_Conn0.1392.txt matrices/Nr25_Nc25/syntrophy/optimized_alpha=0.005_gamma=0.5/Metamatrices 0.1392 0.25 0.13922688 0.19102487756611 random_structure 0.014 100000 0.11089 0.11089 0 0 -6.79132505742153e-05
matrices/Nr25_Nc25/consumption/RandTrix_Nr25_Nc25_Nest0.1_Conn0.1296.txt matrices/Nr25_Nc25/syntrophy/optimized_alpha=0.005_gamma=0.5/Metamatrices 0.1296 0.10479375696767 0.129591072 0.180493497009967 random_structure 0.0078 100000 0.49016 0.4493 0.04086 0 -1.44226138677219e-05
matrices/Nr25_Nc25/consumption/RandTrix_Nr25_Nc25_Nest0.25_Conn0.184.txt matrices/Nr25_Nc25/syntrophy/optimized_alpha=0.005_gamma=0.5/Metamatrices 0.184 0.245901639344262 0.183953904 0.239255313202819 random_structure 0.014 100000 0.14118 0.12203 0.01915 0 -6.04642523863081e-06
matrices/Nr25_Nc25/consumption/RandTrix_Nr25_Nc25_Nest0.25_Conn0.2336.txt matrices/Nr25_Nc25/syntrophy/optimized_alpha=0.005_gamma=0.5/Metamatrices 0.2336 0.252631578947368 0.504302112 0.566586879574538 optimized_matrix 0.0078 100000 0.22237 0.22236 1e-05 0 -8.86221691982802e-05
matrices/Nr25_Nc25/consumption/RandTrix_Nr25_Nc25_Nest0.25_Conn0.0832.txt matrices/Nr25_Nc25/syntrophy/optimized_alpha=0.005_gamma=0.5/Metamatrices 0.0832 0.25 0.083113376 0.129358581384574 random_structure 0.0078 100000 0.18927 0.18927 0 0 -0.000458231771909209
matrices/Nr25_Nc25/consumption/RandTrix_Nr25_Nc25_Nest0.2_Conn0.0896.txt matrices/Nr25_Nc25/syntrophy/optimized_alpha=0.005_gamma=0.5/Metamatrices 0.0896 0.2 0.203452512 0.450963617779204 optimized_matrix 0.0078 100000 0.14162 0.14162 0 0 -5.5755772502392e-05
matrices/Nr25_Nc25/consumption/RandTrix_Nr25_Nc25_Nest0.25_Conn0.2336.txt matrices/Nr25_Nc25/syntrophy/optimized_alpha=0.005_gamma=0.5/Metamatrices 0.2336 0.252631578947368 0.233576848 0.291840549287964 random_structure 0.014 100000 0.22779 0.22733 0.00046 0 -8.43841446833407e-05
matrices/Nr25_Nc25/consumption/RandTrix_Nr25_Nc25_Nest0.2_Conn0.0896.txt matrices/Nr25_Nc25/syntrophy/optimized_alpha=0.005_gamma=0.5/Metamatrices 0.0896 0.2 0.089666384 0.136644480958498 random_structure 0.014 100000 0.11387 0.11387 0 0 -5.81880696966059e-05
matrices/Nr25_Nc25/consumption/RandTrix_Nr25_Nc25_Nest0.2_Conn0.1328.txt matrices/Nr25_Nc25/syntrophy/optimized_alpha=0.005_gamma=0.5/Metamatrices 0.1328 0.2 0.469595888 0.552937595455866 optimized_matrix 0.0078 100000 0.09693 0.09653 0.0004 0 -8.69509208734877e-06
matrices/Nr25_Nc25/consumption/RandTrix_Nr25_Nc25_Nest0.25_Conn0.1392.txt matrices/Nr25_Nc25/syntrophy/optimized_alpha=0.005_gamma=0.5/Metamatrices 0.1392 0.25 0.13922688 0.19102487756611 random_structure 0.0078 100000 0.16913 0.16913 0 0 -5.40517761114694e-05
matrices/Nr25_Nc25/consumption/RandTrix_Nr25_Nc25_Nest0.2_Conn0.168.txt matrices/Nr25_Nc25/syntrophy/optimized_alpha=0.005_gamma=0.5/Metamatrices 0.168 0.202270381836945 0.501259312 0.56371747763855 optimized_matrix 0.0078 100000 0.09225 0.09224 1e-05 0 -2.65831152526982e-05
matrices/Nr25_Nc25/consumption/RandTrix_Nr25_Nc25_Nest0.2_Conn0.1328.txt matrices/Nr25_Nc25/syntrophy/optimized_alpha=0.005_gamma=0.5/Metamatrices 0.1328 0.2 0.132755312 0.183949064170993 random_structure 0.014 100000 0.16383 0.15862 0.00521 0 -7.18296226441291e-06
matrices/Nr25_Nc25/consumption/RandTrix_Nr25_Nc25_Nest0.35_Conn0.08.txt matrices/Nr25_Nc25/syntrophy/optimized_alpha=0.005_gamma=0.5/Metamatrices 0.08 0.35 0.288467216 0.582240537065094 optimized_matrix 0.0078 100000 0.02602 0.02602 0 0 -0.000342264156274746
matrices/Nr25_Nc25/consumption/RandTrix_Nr25_Nc25_Nest0.25_Conn0.184.txt matrices/Nr25_Nc25/syntrophy/optimized_alpha=0.005_gamma=0.5/Metamatrices 0.184 0.245901639344262 0.183953904 0.239255313202819 random_structure 0.0078 100000 0.20316 0.18126 0.0219 0 -4.69520679721463e-06
matrices/Nr25_Nc25/consumption/RandTrix_Nr25_Nc25_Nest0.35_Conn0.1328.txt matrices/Nr25_Nc25/syntrophy/optimized_alpha=0.005_gamma=0.5/Metamatrices 0.1328 0.35 0.501616608 0.56437859817906 optimized_matrix 0.0078 100000 0.03516 0.03516 0 0 -2.66625577440271e-05
matrices/Nr25_Nc25/consumption/RandTrix_Nr25_Nc25_Nest0.2_Conn0.168.txt matrices/Nr25_Nc25/syntrophy/optimized_alpha=0.005_gamma=0.5/Metamatrices 0.168 0.202270381836945 0.167912752 0.22211544267562 random_structure 0.014 100000 0.13933 0.13907 0.00026 0 -2.20658404876733e-05
matrices/Nr25_Nc25/consumption/RandTrix_Nr25_Nc25_Nest0.35_Conn0.1712.txt matrices/Nr25_Nc25/syntrophy/optimized_alpha=0.005_gamma=0.5/Metamatrices 0.1712 0.35 0.500647344 0.563419028700934 optimized_matrix 0.0078 100000 0.04413 0.04412 1e-05 0 -3.79812082687308e-06
matrices/Nr25_Nc25/consumption/RandTrix_Nr25_Nc25_Nest0.35_Conn0.08.txt matrices/Nr25_Nc25/syntrophy/optimized_alpha=0.005_gamma=0.5/Metamatrices 0.08 0.35 0.079996976 0.125904242912168 random_structure 0.014 100000 0.07806 0.07806 0 0 -0.000204304095575243
matrices/Nr25_Nc25/consumption/RandTrix_Nr25_Nc25_Nest0.25_Conn0.2336.txt matrices/Nr25_Nc25/syntrophy/optimized_alpha=0.005_gamma=0.5/Metamatrices 0.2336 0.252631578947368 0.233576848 0.291840549287964 random_structure 0.0078 100000 0.27948 0.2792 0.00028 0 -7.12355880670139e-05
matrices/Nr25_Nc25/consumption/RandTrix_Nr25_Nc25_Nest0.35_Conn0.1328.txt matrices/Nr25_Nc25/syntrophy/optimized_alpha=0.005_gamma=0.5/Metamatrices 0.1328 0.35 0.132751504 0.184081525089024 random_structure 0.014 100000 0.06242 0.06242 0 0 -2.0318110954475e-05
matrices/Nr25_Nc25/consumption/RandTrix_Nr25_Nc25_Nest0.35_Conn0.2208.txt matrices/Nr25_Nc25/syntrophy/optimized_alpha=0.005_gamma=0.5/Metamatrices 0.2208 0.347043701799486 0.503702352 0.566092980942237 optimized_matrix 0.0078 100000 0.11444 0.10221 0.01223 0 -3.22694954766924e-06
matrices/Nr25_Nc25/consumption/RandTrix_Nr25_Nc25_Nest0.35_Conn0.1712.txt matrices/Nr25_Nc25/syntrophy/optimized_alpha=0.005_gamma=0.5/Metamatrices 0.1712 0.35 0.171143824 0.225487657296449 random_structure 0.014 100000 0.06774 0.0666 0.00114 0 -3.04033987615559e-06
matrices/Nr25_Nc25/consumption/RandTrix_Nr25_Nc25_Nest0.2_Conn0.0896.txt matrices/Nr25_Nc25/syntrophy/optimized_alpha=0.005_gamma=0.5/Metamatrices 0.0896 0.2 0.089666384 0.136644480958498 random_structure 0.0078 100000 0.16342 0.16342 0 0 -4.65289248418131e-05
matrices/Nr25_Nc25/consumption/RandTrix_Nr25_Nc25_Nest0.35_Conn0.272.txt matrices/Nr25_Nc25/syntrophy/optimized_alpha=0.005_gamma=0.5/Metamatrices 0.272 0.346769413159455 0.498463872 0.560870723792059 optimized_matrix 0.0078 100000 0.18235 0.18214 0.00021 0 -4.99561532889763e-05
matrices/Nr25_Nc25/consumption/RandTrix_Nr25_Nc25_Nest0.35_Conn0.2208.txt matrices/Nr25_Nc25/syntrophy/optimized_alpha=0.005_gamma=0.5/Metamatrices 0.2208 0.347043701799486 0.220786352 0.278331875332429 random_structure 0.014 100000 0.12272 0.10296 0.01976 0 -3.24670241231632e-06
matrices/Nr25_Nc25/consumption/RandTrix_Nr25_Nc25_Nest0.2_Conn0.1328.txt matrices/Nr25_Nc25/syntrophy/optimized_alpha=0.005_gamma=0.5/Metamatrices 0.1328 0.2 0.132755312 0.183949064170993 random_structure 0.0078 100000 0.24208 0.23732 0.00476 0 -5.66454742545387e-06
matrices/Nr25_Nc25/consumption/RandTrix_Nr25_Nc25_Nest0.35_Conn0.272.txt matrices/Nr25_Nc25/syntrophy/optimized_alpha=0.005_gamma=0.5/Metamatrices 0.272 0.346769413159455 0.272006016 0.331959923704815 random_structure 0.014 100000 0.16879 0.16805 0.00074 0 -5.32728286831907e-05
matrices/Nr25_Nc25/consumption/RandTrix_Nr25_Nc25_Nest0.35_Conn0.3216.txt matrices/Nr25_Nc25/syntrophy/optimized_alpha=0.005_gamma=0.5/Metamatrices 0.3216 0.354089219330855 0.498219312 0.560944453661425 optimized_matrix 0.0078 100000 0.19874 0.18566 0.01308 0 -1.44761159256373e-05
matrices/Nr25_Nc25/consumption/RandTrix_Nr25_Nc25_Nest0.3_Conn0.0816.txt matrices/Nr25_Nc25/syntrophy/optimized_alpha=0.005_gamma=0.5/Metamatrices 0.0816 0.297435897435897 0.256733552 0.581259499621654 optimized_matrix 0.0078 100000 0.05942 0.05942 0 0 -0.000415721033149982
matrices/Nr25_Nc25/consumption/RandTrix_Nr25_Nc25_Nest0.35_Conn0.3216.txt matrices/Nr25_Nc25/syntrophy/optimized_alpha=0.005_gamma=0.5/Metamatrices 0.3216 0.354089219330855 0.32158664 0.383217870166608 random_structure 0.014 100000 0.18003 0.16277 0.01726 0 -1.65774157197519e-05
matrices/Nr25_Nc25/consumption/RandTrix_Nr25_Nc25_Nest0.2_Conn0.168.txt matrices/Nr25_Nc25/syntrophy/optimized_alpha=0.005_gamma=0.5/Metamatrices 0.168 0.202270381836945 0.167912752 0.22211544267562 random_structure 0.0078 100000 0.21097 0.21067 0.0003 0 -1.75345645391929e-05
matrices/Nr25_Nc25/consumption/RandTrix_Nr25_Nc25_Nest0.3_Conn0.128.txt matrices/Nr25_Nc25/syntrophy/optimized_alpha=0.005_gamma=0.5/Metamatrices 0.128 0.3 0.491515728 0.55940010194379 optimized_matrix 0.0078 100000 0.04456 0.04456 0 0 -4.06689500530816e-05
matrices/Nr25_Nc25/consumption/RandTrix_Nr25_Nc25_Nest0.3_Conn0.0816.txt matrices/Nr25_Nc25/syntrophy/optimized_alpha=0.005_gamma=0.5/Metamatrices 0.0816 0.297435897435897 0.081578816 0.127690488446893 random_structure 0.014 100000 0.10073 0.10073 0 0 -0.000318735348129971
matrices/Nr25_Nc25/consumption/RandTrix_Nr25_Nc25_Nest0.35_Conn0.08.txt matrices/Nr25_Nc25/syntrophy/optimized_alpha=0.005_gamma=0.5/Metamatrices 0.08 0.35 0.079996976 0.125904242912168 random_structure 0.0078 100000 0.11107 0.11107 0 0 -0.000162509105067317
matrices/Nr25_Nc25/consumption/RandTrix_Nr25_Nc25_Nest0.3_Conn0.1776.txt matrices/Nr25_Nc25/syntrophy/optimized_alpha=0.005_gamma=0.5/Metamatrices 0.1776 0.3 0.496905008 0.559188524086186 optimized_matrix 0.0078 100000 0.08474 0.08474 0 0 -8.00307589171009e-05
matrices/Nr25_Nc25/consumption/RandTrix_Nr25_Nc25_Nest0.3_Conn0.128.txt matrices/Nr25_Nc25/syntrophy/optimized_alpha=0.005_gamma=0.5/Metamatrices 0.128 0.3 0.12796384 0.178782387295096 random_structure 0.014 100000 0.08115 0.08114 1e-05 0 -3.09038210329816e-05
matrices/Nr25_Nc25/consumption/RandTrix_Nr25_Nc25_Nest0.35_Conn0.1328.txt matrices/Nr25_Nc25/syntrophy/optimized_alpha=0.005_gamma=0.5/Metamatrices 0.1328 0.35 0.132751504 0.184081525089024 random_structure 0.0078 100000 0.09423 0.09423 0 0 -1.60619358152498e-05
matrices/Nr25_Nc25/consumption/RandTrix_Nr25_Nc25_Nest0.35_Conn0.1712.txt matrices/Nr25_Nc25/syntrophy/optimized_alpha=0.005_gamma=0.5/Metamatrices 0.1712 0.35 0.171143824 0.225487657296449 random_structure 0.0078 100000 0.10235 0.10122 0.00113 0 -2.31617718636834e-06
matrices/Nr25_Nc25/consumption/RandTrix_Nr25_Nc25_Nest0.3_Conn0.1776.txt matrices/Nr25_Nc25/syntrophy/optimized_alpha=0.005_gamma=0.5/Metamatrices 0.1776 0.3 0.177644912 0.232486576088497 random_structure 0.014 100000 0.12263 0.12263 0 0 -6.68133650840818e-05
matrices/Nr25_Nc25/consumption/RandTrix_Nr25_Nc25_Nest0.3_Conn0.2272.txt matrices/Nr25_Nc25/syntrophy/optimized_alpha=0.005_gamma=0.5/Metamatrices 0.2272 0.297439759036145 0.5007808 0.562879496929306 optimized_matrix 0.0078 100000 0.14956 0.14952 4e-05 0 -5.82713687485412e-05
matrices/Nr25_Nc25/consumption/RandTrix_Nr25_Nc25_Nest0.35_Conn0.2208.txt matrices/Nr25_Nc25/syntrophy/optimized_alpha=0.005_gamma=0.5/Metamatrices 0.2208 0.347043701799486 0.220786352 0.278331875332429 random_structure 0.0078 100000 0.17185 0.1486 0.02325 0 -2.4904965955598e-06
matrices/Nr25_Nc25/consumption/RandTrix_Nr25_Nc25_Nest0.3_Conn0.2272.txt matrices/Nr25_Nc25/syntrophy/optimized_alpha=0.005_gamma=0.5/Metamatrices 0.2272 0.297439759036145 0.227270352 0.285125069449428 random_structure 0.014 100000 0.16062 0.16013 0.00049 0 -5.55439405770917e-05
matrices/Nr25_Nc25/consumption/RandTrix_Nr25_Nc25_Nest0.3_Conn0.2816.txt matrices/Nr25_Nc25/syntrophy/optimized_alpha=0.005_gamma=0.5/Metamatrices 0.2816 0.302762430939227 0.49851608 0.561183825493516 optimized_matrix 0.0078 100000 0.21649 0.20868 0.00781 0 -1.96250290675506e-05
matrices/Nr25_Nc25/consumption/RandTrix_Nr25_Nc25_Nest0.35_Conn0.272.txt matrices/Nr25_Nc25/syntrophy/optimized_alpha=0.005_gamma=0.5/Metamatrices 0.272 0.346769413159455 0.272006016 0.331959923704815 random_structure 0.0078 100000 0.21455 0.21398 0.00057 0 -4.3917326445087e-05
matrices/Nr25_Nc25/consumption/RandTrix_Nr25_Nc25_Nest0.45_Conn0.0816.txt matrices/Nr25_Nc25/syntrophy/optimized_alpha=0.005_gamma=0.5/Metamatrices 0.0816 0.452 0.360060096 0.604172194080551 optimized_matrix 0.0078 100000 0.01741 0.01741 0 0 -0.000278612138696505
matrices/Nr25_Nc25/consumption/RandTrix_Nr25_Nc25_Nest0.3_Conn0.2816.txt matrices/Nr25_Nc25/syntrophy/optimized_alpha=0.005_gamma=0.5/Metamatrices 0.2816 0.302762430939227 0.281599216 0.341924575730716 random_structure 0.014 100000 0.20634 0.19205 0.01429 0 -2.03027323718277e-05
matrices/Nr25_Nc25/consumption/RandTrix_Nr25_Nc25_Nest0.45_Conn0.1232.txt matrices/Nr25_Nc25/syntrophy/optimized_alpha=0.005_gamma=0.5/Metamatrices 0.1232 0.45 0.502075808 0.574615309387194 optimized_matrix 0.0078 100000 0.03483 0.03483 0 0 -6.93746865615378e-05
matrices/Nr25_Nc25/consumption/RandTrix_Nr25_Nc25_Nest0.45_Conn0.0816.txt matrices/Nr25_Nc25/syntrophy/optimized_alpha=0.005_gamma=0.5/Metamatrices 0.0816 0.452 0.081576784 0.127621490825271 random_structure 0.014 100000 0.06858 0.06858 0 0 -0.000148312707840295
matrices/Nr25_Nc25/consumption/RandTrix_Nr25_Nc25_Nest0.45_Conn0.1856.txt matrices/Nr25_Nc25/syntrophy/optimized_alpha=0.005_gamma=0.5/Metamatrices 0.1856 0.449874686716792 0.498675296 0.561411217025832 optimized_matrix 0.0078 100000 0.05051 0.05051 0 0 -4.92867384598023e-05
matrices/Nr25_Nc25/consumption/RandTrix_Nr25_Nc25_Nest0.45_Conn0.1232.txt matrices/Nr25_Nc25/syntrophy/optimized_alpha=0.005_gamma=0.5/Metamatrices 0.1232 0.45 0.12315704 0.173517349826708 random_structure 0.014 100000 0.06099 0.06099 0 0 -5.39551385857522e-05
matrices/Nr25_Nc25/consumption/RandTrix_Nr25_Nc25_Nest0.35_Conn0.3216.txt matrices/Nr25_Nc25/syntrophy/optimized_alpha=0.005_gamma=0.5/Metamatrices 0.3216 0.354089219330855 0.32158664 0.383217870166608 random_structure 0.0078 100000 0.22315 0.20587 0.01728 0 -1.35438050187571e-05
matrices/Nr25_Nc25/consumption/RandTrix_Nr25_Nc25_Nest0.45_Conn0.216.txt matrices/Nr25_Nc25/syntrophy/optimized_alpha=0.005_gamma=0.5/Metamatrices 0.216 0.45 0.4995548 0.561973923231633 optimized_matrix 0.0078 100000 0.03985 0.03984 1e-05 0 -1.23115915154812e-05
matrices/Nr25_Nc25/consumption/RandTrix_Nr25_Nc25_Nest0.45_Conn0.1856.txt matrices/Nr25_Nc25/syntrophy/optimized_alpha=0.005_gamma=0.5/Metamatrices 0.1856 0.449874686716792 0.185651904 0.241018467824665 random_structure 0.014 100000 0.06893 0.06893 0 0 -4.24789275937117e-05
matrices/Nr25_Nc25/consumption/RandTrix_Nr25_Nc25_Nest0.45_Conn0.216.txt matrices/Nr25_Nc25/syntrophy/optimized_alpha=0.005_gamma=0.5/Metamatrices 0.216 0.45 0.215925744 0.273228251723648 random_structure 0.014 100000 0.05184 0.05171 0.00013 0 -1.10492175863191e-05
matrices/Nr25_Nc25/consumption/RandTrix_Nr25_Nc25_Nest0.3_Conn0.0816.txt matrices/Nr25_Nc25/syntrophy/optimized_alpha=0.005_gamma=0.5/Metamatrices 0.0816 0.297435897435897 0.081578816 0.127690488446893 random_structure 0.0078 100000 0.14564 0.14564 0 0 -0.00025525209880251
matrices/Nr25_Nc25/consumption/RandTrix_Nr25_Nc25_Nest0.45_Conn0.2672.txt matrices/Nr25_Nc25/syntrophy/optimized_alpha=0.005_gamma=0.5/Metamatrices 0.2672 0.446518305814788 0.493152096 0.555945919306402 optimized_matrix 0.0078 100000 0.06358 0.06095 0.00263 0 -8.87263340990661e-06
matrices/Nr25_Nc25/consumption/RandTrix_Nr25_Nc25_Nest0.45_Conn0.2672.txt matrices/Nr25_Nc25/syntrophy/optimized_alpha=0.005_gamma=0.5/Metamatrices 0.2672 0.446518305814788 0.26723264 0.327031051778052 random_structure 0.014 100000 0.07035 0.06505 0.0053 0 -8.68507739584211e-06
matrices/Nr25_Nc25/consumption/RandTrix_Nr25_Nc25_Nest0.3_Conn0.128.txt matrices/Nr25_Nc25/syntrophy/optimized_alpha=0.005_gamma=0.5/Metamatrices 0.128 0.3 0.12796384 0.178782387295096 random_structure 0.0078 100000 0.12007 0.12007 0 0 -2.467379022861e-05
matrices/Nr25_Nc25/consumption/RandTrix_Nr25_Nc25_Nest0.45_Conn0.3168.txt matrices/Nr25_Nc25/syntrophy/optimized_alpha=0.005_gamma=0.5/Metamatrices 0.3168 0.445459430413756 0.500818544 0.563550849076594 optimized_matrix 0.0078 100000 0.12968 0.12429 0.00539 0 -1.04411677692159e-05
matrices/Nr25_Nc25/consumption/RandTrix_Nr25_Nc25_Nest0.45_Conn0.3168.txt matrices/Nr25_Nc25/syntrophy/optimized_alpha=0.005_gamma=0.5/Metamatrices 0.3168 0.445459430413756 0.316826432 0.378293594942214 random_structure 0.014 100000 0.11705 0.10794 0.00911 0 -1.14948740781902e-05
matrices/Nr25_Nc25/consumption/RandTrix_Nr25_Nc25_Nest0.3_Conn0.1776.txt matrices/Nr25_Nc25/syntrophy/optimized_alpha=0.005_gamma=0.5/Metamatrices 0.1776 0.3 0.177644912 0.232486576088497 random_structure 0.0078 100000 0.18459 0.18458 1e-05 0 -5.34162740687408e-05
matrices/Nr25_Nc25/consumption/RandTrix_Nr25_Nc25_Nest0.45_Conn0.384.txt matrices/Nr25_Nc25/syntrophy/optimized_alpha=0.005_gamma=0.5/Metamatrices 0.384 0.452352708580467 0.38407128 0.44681058644526 random_structure 0.014 100000 0.14015 0.13676 0.00339 0 -3.47930892676218e-05
matrices/Nr25_Nc25/consumption/RandTrix_Nr25_Nc25_Nest0.45_Conn0.384.txt matrices/Nr25_Nc25/syntrophy/optimized_alpha=0.005_gamma=0.5/Metamatrices 0.384 0.452352708580467 0.502455872 0.565166774902208 optimized_matrix 0.0078 100000 0.16459 0.16163 0.00296 0 -3.00955044589107e-05
matrices/Nr25_Nc25/consumption/RandTrix_Nr25_Nc25_Nest0.45_Conn0.424.txt matrices/Nr25_Nc25/syntrophy/optimized_alpha=0.005_gamma=0.5/Metamatrices 0.424 0.454737583656217 0.423948672 0.486930577884256 random_structure 0.014 100000 0.15605 0.15215 0.0039 0 -3.7892359786728e-05
matrices/Nr25_Nc25/consumption/RandTrix_Nr25_Nc25_Nest0.3_Conn0.2272.txt matrices/Nr25_Nc25/syntrophy/optimized_alpha=0.005_gamma=0.5/Metamatrices 0.2272 0.297439759036145 0.227270352 0.285125069449428 random_structure 0.0078 100000 0.21839 0.21793 0.00046 0 -4.49132525968575e-05
matrices/Nr25_Nc25/consumption/RandTrix_Nr25_Nc25_Nest0.4_Conn0.0784.txt matrices/Nr25_Nc25/syntrophy/optimized_alpha=0.005_gamma=0.5/Metamatrices 0.0784 0.4 0.078354096 0.124042620653117 random_structure 0.014 100000 0.07328 0.07328 0 0 -0.000188501527137022
matrices/Nr25_Nc25/consumption/RandTrix_Nr25_Nc25_Nest0.45_Conn0.424.txt matrices/Nr25_Nc25/syntrophy/optimized_alpha=0.005_gamma=0.5/Metamatrices 0.424 0.454737583656217 0.500930096 0.563617660803111 optimized_matrix 0.0078 100000 0.18428 0.18174 0.00254 0 -3.28578389429151e-05
matrices/Nr25_Nc25/consumption/RandTrix_Nr25_Nc25_Nest0.4_Conn0.1232.txt matrices/Nr25_Nc25/syntrophy/optimized_alpha=0.005_gamma=0.5/Metamatrices 0.1232 0.399558498896247 0.12320344 0.173573905125253 random_structure 0.014 100000 0.08583 0.08583 0 0 -0.000221871106961314
matrices/Nr25_Nc25/consumption/RandTrix_Nr25_Nc25_Nest0.4_Conn0.0784.txt matrices/Nr25_Nc25/syntrophy/optimized_alpha=0.005_gamma=0.5/Metamatrices 0.0784 0.4 0.293158336 0.635183956228774 optimized_matrix 0.0078 100000 0.02605 0.02605 0 0 -0.00030412738918328
matrices/Nr25_Nc25/consumption/RandTrix_Nr25_Nc25_Nest0.3_Conn0.2816.txt matrices/Nr25_Nc25/syntrophy/optimized_alpha=0.005_gamma=0.5/Metamatrices 0.2816 0.302762430939227 0.281599216 0.341924575730716 random_structure 0.0078 100000 0.2587 0.2451 0.0136 0 -1.67142225051039e-05
matrices/Nr25_Nc25/consumption/RandTrix_Nr25_Nc25_Nest0.4_Conn0.2032.txt matrices/Nr25_Nc25/syntrophy/optimized_alpha=0.005_gamma=0.5/Metamatrices 0.2032 0.4 0.203216288 0.259765429244098 random_structure 0.014 100000 0.09154 0.09122 0.00032 0 -1.86010673833714e-05
matrices/Nr25_Nc25/consumption/RandTrix_Nr25_Nc25_Nest0.4_Conn0.1232.txt matrices/Nr25_Nc25/syntrophy/optimized_alpha=0.005_gamma=0.5/Metamatrices 0.1232 0.399558498896247 0.501398928 0.564091008002285 optimized_matrix 0.0078 100000 0.05048 0.05048 0 0 -0.000289018662069727
matrices/Nr25_Nc25/consumption/RandTrix_Nr25_Nc25_Nest0.45_Conn0.0816.txt matrices/Nr25_Nc25/syntrophy/optimized_alpha=0.005_gamma=0.5/Metamatrices 0.0816 0.452 0.081576784 0.127621490825271 random_structure 0.0078 100000 0.09654 0.09654 0 0 -0.0001180338793324
matrices/Nr25_Nc25/consumption/RandTrix_Nr25_Nc25_Nest0.4_Conn0.2288.txt matrices/Nr25_Nc25/syntrophy/optimized_alpha=0.005_gamma=0.5/Metamatrices 0.2288 0.4 0.228796896 0.286708766833243 random_structure 0.014 100000 0.06512 0.05746 0.00766 0 -3.08415557606772e-06
matrices/Nr25_Nc25/consumption/RandTrix_Nr25_Nc25_Nest0.4_Conn0.2032.txt matrices/Nr25_Nc25/syntrophy/optimized_alpha=0.005_gamma=0.5/Metamatrices 0.2032 0.4 0.504881888 0.567364699624277 optimized_matrix 0.0078 100000 0.0836 0.08354 6e-05 0 -1.94797952199084e-05
matrices/Nr25_Nc25/consumption/RandTrix_Nr25_Nc25_Nest0.4_Conn0.272.txt matrices/Nr25_Nc25/syntrophy/optimized_alpha=0.005_gamma=0.5/Metamatrices 0.272 0.397260273972603 0.27201152 0.33196892525202 random_structure 0.014 100000 0.07287 0.07249 0.00038 0 -2.52676509679884e-05
matrices/Nr25_Nc25/consumption/RandTrix_Nr25_Nc25_Nest0.45_Conn0.1232.txt matrices/Nr25_Nc25/syntrophy/optimized_alpha=0.005_gamma=0.5/Metamatrices 0.1232 0.45 0.12315704 0.173517349826708 random_structure 0.0078 100000 0.08891 0.08891 0 0 -4.30150556269692e-05
matrices/Nr25_Nc25/consumption/RandTrix_Nr25_Nc25_Nest0.4_Conn0.2288.txt matrices/Nr25_Nc25/syntrophy/optimized_alpha=0.005_gamma=0.5/Metamatrices 0.2288 0.4 0.499326512 0.561893487100161 optimized_matrix 0.0078 100000 0.05554 0.05177 0.00377 0 -3.1555404308334e-06
matrices/Nr25_Nc25/consumption/RandTrix_Nr25_Nc25_Nest0.45_Conn0.1856.txt matrices/Nr25_Nc25/syntrophy/optimized_alpha=0.005_gamma=0.5/Metamatrices 0.1856 0.449874686716792 0.185651904 0.241018467824665 random_structure 0.0078 100000 0.11179 0.11179 0 0 -3.36264013987299e-05
matrices/Nr25_Nc25/consumption/RandTrix_Nr25_Nc25_Nest0.4_Conn0.3312.txt matrices/Nr25_Nc25/syntrophy/optimized_alpha=0.005_gamma=0.5/Metamatrices 0.3312 0.396235521235521 0.331298784 0.39317321309248 random_structure 0.014 100000 0.12699 0.11415 0.01284 0 -1.25293424849025e-05
matrices/Nr25_Nc25/consumption/RandTrix_Nr25_Nc25_Nest0.4_Conn0.272.txt matrices/Nr25_Nc25/syntrophy/optimized_alpha=0.005_gamma=0.5/Metamatrices 0.272 0.397260273972603 0.497837472 0.560156860055058 optimized_matrix 0.0078 100000 0.07018 0.07007 0.00011 0 -2.63430443332379e-05
matrices/Nr25_Nc25/consumption/RandTrix_Nr25_Nc25_Nest0.45_Conn0.216.txt matrices/Nr25_Nc25/syntrophy/optimized_alpha=0.005_gamma=0.5/Metamatrices 0.216 0.45 0.215925744 0.273228251723648 random_structure 0.0078 100000 0.08352 0.08336 0.00016 0 -8.63363553109215e-06
matrices/Nr25_Nc25/consumption/RandTrix_Nr25_Nc25_Nest0.45_Conn0.2672.txt matrices/Nr25_Nc25/syntrophy/optimized_alpha=0.005_gamma=0.5/Metamatrices 0.2672 0.446518305814788 0.26723264 0.327031051778052 random_structure 0.0078 100000 0.11258 0.10608 0.0065 0 -6.83204365529773e-06
matrices/Nr25_Nc25/consumption/RandTrix_Nr25_Nc25_Nest0.4_Conn0.3712.txt matrices/Nr25_Nc25/syntrophy/optimized_alpha=0.005_gamma=0.5/Metamatrices 0.3712 0.40494527766518 0.371228144 0.433798378059447 random_structure 0.014 100000 0.17 0.16754 0.00246 0 -5.11231898479666e-05
matrices/Nr25_Nc25/consumption/RandTrix_Nr25_Nc25_Nest0.4_Conn0.3312.txt matrices/Nr25_Nc25/syntrophy/optimized_alpha=0.005_gamma=0.5/Metamatrices 0.3312 0.396235521235521 0.495861664 0.558513839582349 optimized_matrix 0.0078 100000 0.14493 0.13607 0.00886 0 -1.09211070310526e-05
matrices/Nr25_Nc25/consumption/RandTrix_Nr25_Nc25_Nest0.55_Conn0.0992.txt matrices/Nr25_Nc25/syntrophy/optimized_alpha=0.005_gamma=0.5/Metamatrices 0.0992 0.548109965635739 0.099190576 0.147182009600499 random_structure 0.014 100000 0.06197 0.06197 0 0 -0.00013554967592843
matrices/Nr25_Nc25/consumption/RandTrix_Nr25_Nc25_Nest0.45_Conn0.3168.txt matrices/Nr25_Nc25/syntrophy/optimized_alpha=0.005_gamma=0.5/Metamatrices 0.3168 0.445459430413756 0.316826432 0.378293594942214 random_structure 0.0078 100000 0.15628 0.14625 0.01003 0 -9.19470176475876e-06
matrices/Nr25_Nc25/consumption/RandTrix_Nr25_Nc25_Nest0.55_Conn0.1248.txt matrices/Nr25_Nc25/syntrophy/optimized_alpha=0.005_gamma=0.5/Metamatrices 0.1248 0.55 0.124778176 0.175266382420412 random_structure 0.014 100000 0.05334 0.05334 0 0 -6.7243046500109e-05
matrices/Nr25_Nc25/consumption/RandTrix_Nr25_Nc25_Nest0.55_Conn0.184.txt matrices/Nr25_Nc25/syntrophy/optimized_alpha=0.005_gamma=0.5/Metamatrices 0.184 0.55019556714472 0.184002832 0.239366730130113 random_structure 0.014 100000 0.04875 0.04875 0 0 -2.53566494074083e-05
matrices/Nr25_Nc25/consumption/RandTrix_Nr25_Nc25_Nest0.55_Conn0.2304.txt matrices/Nr25_Nc25/syntrophy/optimized_alpha=0.005_gamma=0.5/Metamatrices 0.2304 0.55 0.230388 0.288508751491761 random_structure 0.014 100000 0.0383 0.03827 3e-05 0 -9.46843014985942e-06
matrices/Nr25_Nc25/consumption/RandTrix_Nr25_Nc25_Nest0.4_Conn0.3712.txt matrices/Nr25_Nc25/syntrophy/optimized_alpha=0.005_gamma=0.5/Metamatrices 0.3712 0.40494527766518 0.499912496 0.562542229846622 optimized_matrix 0.0078 100000 0.19572 0.19448 0.00124 0 -4.48141986235426e-05
matrices/Nr25_Nc25/consumption/RandTrix_Nr25_Nc25_Nest0.45_Conn0.384.txt matrices/Nr25_Nc25/syntrophy/optimized_alpha=0.005_gamma=0.5/Metamatrices 0.384 0.452352708580467 0.38407128 0.44681058644526 random_structure 0.0078 100000 0.17627 0.17297 0.0033 0 -2.85442075536609e-05
matrices/Nr25_Nc25/consumption/RandTrix_Nr25_Nc25_Nest0.55_Conn0.3024.txt matrices/Nr25_Nc25/syntrophy/optimized_alpha=0.005_gamma=0.5/Metamatrices 0.3024 0.550095724313976 0.302421856 0.363439132180026 random_structure 0.014 100000 0.04523 0.04286 0.00237 0 -6.42095542069046e-06
matrices/Nr25_Nc25/consumption/RandTrix_Nr25_Nc25_Nest0.55_Conn0.0992.txt matrices/Nr25_Nc25/syntrophy/optimized_alpha=0.005_gamma=0.5/Metamatrices 0.0992 0.548109965635739 0.464281968 0.679690522514822 optimized_matrix 0.0078 100000 0.01792 0.01792 0 0 -0.000228361971670629
matrices/Nr25_Nc25/consumption/RandTrix_Nr25_Nc25_Nest0.55_Conn0.1248.txt matrices/Nr25_Nc25/syntrophy/optimized_alpha=0.005_gamma=0.5/Metamatrices 0.1248 0.55 0.508859584 0.589706801525264 optimized_matrix 0.0078 100000 0.03265 0.03265 0 0 -8.56413097496219e-05
matrices/Nr25_Nc25/consumption/RandTrix_Nr25_Nc25_Nest0.55_Conn0.3344.txt matrices/Nr25_Nc25/syntrophy/optimized_alpha=0.005_gamma=0.5/Metamatrices 0.3344 0.547425474254743 0.334381328 0.396326884943407 random_structure 0.014 100000 0.07214 0.07051 0.00163 0 -1.84694337264204e-05
matrices/Nr25_Nc25/consumption/RandTrix_Nr25_Nc25_Nest0.45_Conn0.424.txt matrices/Nr25_Nc25/syntrophy/optimized_alpha=0.005_gamma=0.5/Metamatrices 0.424 0.454737583656217 0.423948672 0.486930577884256 random_structure 0.0078 100000 0.19662 0.19287 0.00375 0 -3.11353482795507e-05
matrices/Nr25_Nc25/consumption/RandTrix_Nr25_Nc25_Nest0.55_Conn0.184.txt matrices/Nr25_Nc25/syntrophy/optimized_alpha=0.005_gamma=0.5/Metamatrices 0.184 0.55019556714472 0.503517248 0.566467214844569 optimized_matrix 0.0078 100000 0.03758 0.03758 0 0 -2.94197666804785e-05
matrices/Nr25_Nc25/consumption/RandTrix_Nr25_Nc25_Nest0.55_Conn0.3824.txt matrices/Nr25_Nc25/syntrophy/optimized_alpha=0.005_gamma=0.5/Metamatrices 0.3824 0.547794117647059 0.382394496 0.445104756316697 random_structure 0.014 100000 0.07508 0.06337 0.01171 0 -3.50574949578491e-06
matrices/Nr25_Nc25/consumption/RandTrix_Nr25_Nc25_Nest0.55_Conn0.2304.txt matrices/Nr25_Nc25/syntrophy/optimized_alpha=0.005_gamma=0.5/Metamatrices 0.2304 0.55 0.503091104 0.565258420492982 optimized_matrix 0.0078 100000 0.03346 0.03346 0 0 -1.00339953283299e-05
matrices/Nr25_Nc25/consumption/RandTrix_Nr25_Nc25_Nest0.4_Conn0.0784.txt matrices/Nr25_Nc25/syntrophy/optimized_alpha=0.005_gamma=0.5/Metamatrices 0.0784 0.4 0.078354096 0.124042620653117 random_structure 0.0078 100000 0.10382 0.10382 0 0 -0.000150503070357481
matrices/Nr25_Nc25/consumption/RandTrix_Nr25_Nc25_Nest0.55_Conn0.4176.txt matrices/Nr25_Nc25/syntrophy/optimized_alpha=0.005_gamma=0.5/Metamatrices 0.4176 0.546571541815299 0.417561664 0.480548326314756 random_structure 0.014 100000 0.11689 0.09396 0.02293 0 -5.51318301951936e-06
matrices/Nr25_Nc25/consumption/RandTrix_Nr25_Nc25_Nest0.55_Conn0.3024.txt matrices/Nr25_Nc25/syntrophy/optimized_alpha=0.005_gamma=0.5/Metamatrices 0.3024 0.550095724313976 0.503229216 0.565672099390899 optimized_matrix 0.0078 100000 0.04933 0.04785 0.00148 0 -6.16838267662169e-06
matrices/Nr25_Nc25/consumption/RandTrix_Nr25_Nc25_Nest0.5_Conn0.0912.txt matrices/Nr25_Nc25/syntrophy/optimized_alpha=0.005_gamma=0.5/Metamatrices 0.0912 0.50278293135436 0.091238304 0.138474065529153 random_structure 0.014 100000 0.06412 0.06412 0 0 -0.000135205903323922
matrices/Nr25_Nc25/consumption/RandTrix_Nr25_Nc25_Nest0.4_Conn0.1232.txt matrices/Nr25_Nc25/syntrophy/optimized_alpha=0.005_gamma=0.5/Metamatrices 0.1232 0.399558498896247 0.12320344 0.173573905125253 random_structure 0.0078 100000 0.1355 0.1355 0 0 -0.000172933080285188
matrices/Nr25_Nc25/consumption/RandTrix_Nr25_Nc25_Nest0.55_Conn0.3344.txt matrices/Nr25_Nc25/syntrophy/optimized_alpha=0.005_gamma=0.5/Metamatrices 0.3344 0.547425474254743 0.500012784 0.562561422105708 optimized_matrix 0.0078 100000 0.0842 0.08335 0.00085 0 -1.73331215615761e-05
matrices/Nr25_Nc25/consumption/RandTrix_Nr25_Nc25_Nest0.5_Conn0.1248.txt matrices/Nr25_Nc25/syntrophy/optimized_alpha=0.005_gamma=0.5/Metamatrices 0.1248 0.5 0.124842272 0.175341620733262 random_structure 0.014 100000 0.05925 0.05925 0 0 -0.000101962942173482
matrices/Nr25_Nc25/consumption/RandTrix_Nr25_Nc25_Nest0.4_Conn0.2032.txt matrices/Nr25_Nc25/syntrophy/optimized_alpha=0.005_gamma=0.5/Metamatrices 0.2032 0.4 0.203216288 0.259765429244098 random_structure 0.0078 100000 0.12813 0.12774 0.00039 0 -1.47529322394565e-05
matrices/Nr25_Nc25/consumption/RandTrix_Nr25_Nc25_Nest0.5_Conn0.1744.txt matrices/Nr25_Nc25/syntrophy/optimized_alpha=0.005_gamma=0.5/Metamatrices 0.1744 0.5 0.174479408 0.22911241459649 random_structure 0.014 100000 0.06219 0.06219 0 0 -7.70539610431508e-05
matrices/Nr25_Nc25/consumption/RandTrix_Nr25_Nc25_Nest0.55_Conn0.3824.txt matrices/Nr25_Nc25/syntrophy/optimized_alpha=0.005_gamma=0.5/Metamatrices 0.3824 0.547794117647059 0.499039568 0.561571315178137 optimized_matrix 0.0078 100000 0.08904 0.07889 0.01015 0 -2.97825007054891e-06
matrices/Nr25_Nc25/consumption/RandTrix_Nr25_Nc25_Nest0.5_Conn0.2496.txt matrices/Nr25_Nc25/syntrophy/optimized_alpha=0.005_gamma=0.5/Metamatrices 0.2496 0.5 0.249553728 0.308493730090267 random_structure 0.014 100000 0.05694 0.05694 0 0 -2.69063256548447e-05
matrices/Nr25_Nc25/consumption/RandTrix_Nr25_Nc25_Nest0.4_Conn0.2288.txt matrices/Nr25_Nc25/syntrophy/optimized_alpha=0.005_gamma=0.5/Metamatrices 0.2288 0.4 0.228796896 0.286708766833243 random_structure 0.0078 100000 0.1059 0.09586 0.01004 0 -2.3571969709623e-06
matrices/Nr25_Nc25/consumption/RandTrix_Nr25_Nc25_Nest0.5_Conn0.2928.txt matrices/Nr25_Nc25/syntrophy/optimized_alpha=0.005_gamma=0.5/Metamatrices 0.2928 0.5 0.292762368 0.353447631243011 random_structure 0.014 100000 0.08745 0.08588 0.00157 0 -1.5233159169608e-05
matrices/Nr25_Nc25/consumption/RandTrix_Nr25_Nc25_Nest0.55_Conn0.4176.txt matrices/Nr25_Nc25/syntrophy/optimized_alpha=0.005_gamma=0.5/Metamatrices 0.4176 0.546571541815299 0.497876448 0.560086229776802 optimized_matrix 0.0078 100000 0.14276 0.12036 0.0224 0 -4.60745200025034e-06
matrices/Nr25_Nc25/consumption/RandTrix_Nr25_Nc25_Nest0.4_Conn0.272.txt matrices/Nr25_Nc25/syntrophy/optimized_alpha=0.005_gamma=0.5/Metamatrices 0.272 0.397260273972603 0.27201152 0.33196892525202 random_structure 0.0078 100000 0.11788 0.1173 0.00058 0 -2.01114432669336e-05
matrices/Nr25_Nc25/consumption/RandTrix_Nr25_Nc25_Nest0.5_Conn0.0912.txt matrices/Nr25_Nc25/syntrophy/optimized_alpha=0.005_gamma=0.5/Metamatrices 0.0912 0.50278293135436 0.418946272 0.678039387814745 optimized_matrix 0.0078 100000 0.01674 0.01674 0 0 -0.000237128555324121
matrices/Nr25_Nc25/consumption/RandTrix_Nr25_Nc25_Nest0.5_Conn0.32.txt matrices/Nr25_Nc25/syntrophy/optimized_alpha=0.005_gamma=0.5/Metamatrices 0.32 0.498845265588915 0.3199636 0.38146682623653 random_structure 0.014 100000 0.10492 0.09379 0.01113 0 -9.03784738325253e-06
matrices/Nr25_Nc25/consumption/RandTrix_Nr25_Nc25_Nest0.5_Conn0.1248.txt matrices/Nr25_Nc25/syntrophy/optimized_alpha=0.005_gamma=0.5/Metamatrices 0.1248 0.5 0.50265856 0.565084952528763 optimized_matrix 0.0078 100000 0.03341 0.03341 0 0 -0.000135784320371558
matrices/Nr25_Nc25/consumption/RandTrix_Nr25_Nc25_Nest0.4_Conn0.3312.txt matrices/Nr25_Nc25/syntrophy/optimized_alpha=0.005_gamma=0.5/Metamatrices 0.3312 0.396235521235521 0.331298784 0.39317321309248 random_structure 0.0078 100000 0.16825 0.15446 0.01379 0 -9.86498948036133e-06
matrices/Nr25_Nc25/consumption/RandTrix_Nr25_Nc25_Nest0.5_Conn0.3824.txt matrices/Nr25_Nc25/syntrophy/optimized_alpha=0.005_gamma=0.5/Metamatrices 0.3824 0.496305953933073 0.382460896 0.445149486906876 random_structure 0.014 100000 0.11468 0.10267 0.01201 0 -1.01579122164576e-05
matrices/Nr25_Nc25/consumption/RandTrix_Nr25_Nc25_Nest0.5_Conn0.1744.txt matrices/Nr25_Nc25/syntrophy/optimized_alpha=0.005_gamma=0.5/Metamatrices 0.1744 0.5 0.500272816 0.56308568135412 optimized_matrix 0.0078 100000 0.04526 0.04526 0 0 -8.76572889262381e-05
matrices/Nr25_Nc25/consumption/RandTrix_Nr25_Nc25_Nest0.5_Conn0.416.txt matrices/Nr25_Nc25/syntrophy/optimized_alpha=0.005_gamma=0.5/Metamatrices 0.416 0.504988488104375 0.415984672 0.478900269459747 random_structure 0.014 100000 0.10257 0.09145 0.01112 0 -1.1073297573698e-05
matrices/Nr25_Nc25/consumption/RandTrix_Nr25_Nc25_Nest0.5_Conn0.2496.txt matrices/Nr25_Nc25/syntrophy/optimized_alpha=0.005_gamma=0.5/Metamatrices 0.2496 0.5 0.501362496 0.563730805037855 optimized_matrix 0.0078 100000 0.05563 0.05563 0 0 -2.77018599934546e-05
matrices/Nr25_Nc25/consumption/RandTrix_Nr25_Nc25_Nest0.4_Conn0.3712.txt matrices/Nr25_Nc25/syntrophy/optimized_alpha=0.005_gamma=0.5/Metamatrices 0.3712 0.40494527766518 0.371228144 0.433798378059447 random_structure 0.0078 100000 0.21096 0.20875 0.00221 0 -4.24259532877552e-05
matrices/Nr25_Nc25/consumption/RandTrix_Nr25_Nc25_Nest0.6_Conn0.12.txt matrices/Nr25_Nc25/syntrophy/optimized_alpha=0.005_gamma=0.5/Metamatrices 0.12 0.6 0.12003544 0.1701756941023 random_structure 0.014 100000 0.05486 0.05486 0 0 -0.000117561438855253
matrices/Nr25_Nc25/consumption/RandTrix_Nr25_Nc25_Nest0.55_Conn0.0992.txt matrices/Nr25_Nc25/syntrophy/optimized_alpha=0.005_gamma=0.5/Metamatrices 0.0992 0.548109965635739 0.099190576 0.147182009600499 random_structure 0.0078 100000 0.08723 0.08723 0 0 -0.000108852780862849
matrices/Nr25_Nc25/consumption/RandTrix_Nr25_Nc25_Nest0.6_Conn0.16.txt matrices/Nr25_Nc25/syntrophy/optimized_alpha=0.005_gamma=0.5/Metamatrices 0.16 0.6 0.159982864 0.213546288556755 random_structure 0.014 100000 0.05074 0.05073 1e-05 0 -1.80510727569869e-05
matrices/Nr25_Nc25/consumption/RandTrix_Nr25_Nc25_Nest0.5_Conn0.2928.txt matrices/Nr25_Nc25/syntrophy/optimized_alpha=0.005_gamma=0.5/Metamatrices 0.2928 0.5 0.498913408 0.561445044870755 optimized_matrix 0.0078 100000 0.09686 0.0964 0.00046 0 -1.49826246399528e-05
matrices/Nr25_Nc25/consumption/RandTrix_Nr25_Nc25_Nest0.6_Conn0.2048.txt matrices/Nr25_Nc25/syntrophy/optimized_alpha=0.005_gamma=0.5/Metamatrices 0.2048 0.6 0.204767888 0.261424653892635 random_structure 0.014 100000 0.04246 0.0424 6e-05 0 -9.99286462765492e-06
matrices/Nr25_Nc25/consumption/RandTrix_Nr25_Nc25_Nest0.55_Conn0.1248.txt matrices/Nr25_Nc25/syntrophy/optimized_alpha=0.005_gamma=0.5/Metamatrices 0.1248 0.55 0.124778176 0.175266382420412 random_structure 0.0078 100000 0.07904 0.07904 0 0 -5.34230873301691e-05
matrices/Nr25_Nc25/consumption/RandTrix_Nr25_Nc25_Nest0.6_Conn0.3168.txt matrices/Nr25_Nc25/syntrophy/optimized_alpha=0.005_gamma=0.5/Metamatrices 0.3168 0.599869024230517 0.31681936 0.378209808956087 random_structure 0.014 100000 0.04171 0.04162 9e-05 0 -1.30964443554694e-05
matrices/Nr25_Nc25/consumption/RandTrix_Nr25_Nc25_Nest0.5_Conn0.32.txt matrices/Nr25_Nc25/syntrophy/optimized_alpha=0.005_gamma=0.5/Metamatrices 0.32 0.498845265588915 0.497300064 0.559801131172187 optimized_matrix 0.0078 100000 0.11659 0.10868 0.00791 0 -7.73817864417451e-06
matrices/Nr25_Nc25/consumption/RandTrix_Nr25_Nc25_Nest0.55_Conn0.184.txt matrices/Nr25_Nc25/syntrophy/optimized_alpha=0.005_gamma=0.5/Metamatrices 0.184 0.55019556714472 0.184002832 0.239366730130113 random_structure 0.0078 100000 0.08233 0.08233 0 0 -1.9664117387329e-05
matrices/Nr25_Nc25/consumption/RandTrix_Nr25_Nc25_Nest0.6_Conn0.3712.txt matrices/Nr25_Nc25/syntrophy/optimized_alpha=0.005_gamma=0.5/Metamatrices 0.3712 0.595085995085995 0.371269456 0.433842320627098 random_structure 0.014 100000 0.06904 0.06104 0.008 0 -5.86232795576145e-06
matrices/Nr25_Nc25/consumption/RandTrix_Nr25_Nc25_Nest0.55_Conn0.2304.txt matrices/Nr25_Nc25/syntrophy/optimized_alpha=0.005_gamma=0.5/Metamatrices 0.2304 0.55 0.230388 0.288508751491761 random_structure 0.0078 100000 0.0663 0.06628 2e-05 0 -7.31637452478661e-06
matrices/Nr25_Nc25/consumption/RandTrix_Nr25_Nc25_Nest0.6_Conn0.44.txt matrices/Nr25_Nc25/syntrophy/optimized_alpha=0.005_gamma=0.5/Metamatrices 0.44 0.6 0.440133472 0.503174629271138 random_structure 0.014 100000 0.08735 0.08327 0.00408 0 -1.90164044095828e-05
# File last opened on Thu Apr  4 06:38:45 2024
# We are writing, in that order, G-matrix location, A-matrix location, G connectance, G nestedness, A connectance, A nestedness, A-mode, alpha0 value, total number of simulations, proportion of feasible, stable, unstable, marginal and dominant eigenvalue
matrices/Nr25_Nc25/consumption/RandTrix_Nr25_Nc25_Nest0.55_Conn0.3024.txt matrices/Nr25_Nc25/syntrophy/optimized_alpha=0.005_gamma=0.5/Metamatrices 0.3024 0.550095724313976 0.302421856 0.363439132180026 random_structure 0.0078 100000 0.0758 0.07263 0.00317 0 -5.13620902904963e-06
matrices/Nr25_Nc25/consumption/RandTrix_Nr25_Nc25_Nest0.5_Conn0.3824.txt matrices/Nr25_Nc25/syntrophy/optimized_alpha=0.005_gamma=0.5/Metamatrices 0.3824 0.496305953933073 0.49495056 0.557501210027864 optimized_matrix 0.0078 100000 0.13723 0.12833 0.0089 0 -8.76637798534249e-06
matrices/Nr25_Nc25/consumption/RandTrix_Nr25_Nc25_Nest0.55_Conn0.3344.txt matrices/Nr25_Nc25/syntrophy/optimized_alpha=0.005_gamma=0.5/Metamatrices 0.3344 0.547425474254743 0.334381328 0.396326884943407 random_structure 0.0078 100000 0.10414 0.10216 0.00198 0 -1.48197087502091e-05
matrices/Nr25_Nc25/consumption/RandTrix_Nr25_Nc25_Nest0.5_Conn0.416.txt matrices/Nr25_Nc25/syntrophy/optimized_alpha=0.005_gamma=0.5/Metamatrices 0.416 0.504988488104375 0.504755248 0.567321137320389 optimized_matrix 0.0078 100000 0.12523 0.11501 0.01022 0 -9.21147482333284e-06
matrices/Nr25_Nc25/consumption/RandTrix_Nr25_Nc25_Nest0.15_Conn0.08.txt matrices/Nr25_Nc25/syntrophy/optimized_alpha=0.005_gamma=0.5/Metamatrices 0.0816 0.15 0 -nan optimized_matrix 0 100000 0.31797 0.31797 0 0 -4.50924302320161e-05
matrices/Nr25_Nc25/consumption/RandTrix_Nr25_Nc25_Nest0.6_Conn0.12.txt matrices/Nr25_Nc25/syntrophy/optimized_alpha=0.005_gamma=0.5/Metamatrices 0.12 0.6 0.529462608 0.631296148843929 optimized_matrix 0.0078 100000 0.02781 0.02781 0 0 -0.000160326051174146
matrices/Nr25_Nc25/consumption/RandTrix_Nr25_Nc25_Nest0.55_Conn0.3824.txt matrices/Nr25_Nc25/syntrophy/optimized_alpha=0.005_gamma=0.5/Metamatrices 0.3824 0.547794117647059 0.382394496 0.445104756316697 random_structure 0.0078 100000 0.10845 0.0943 0.01415 0 -2.68149962505313e-06
matrices/Nr25_Nc25/consumption/RandTrix_Nr25_Nc25_Nest0.6_Conn0.16.txt matrices/Nr25_Nc25/syntrophy/optimized_alpha=0.005_gamma=0.5/Metamatrices 0.16 0.6 0.501244208 0.563787597994317 optimized_matrix 0.0078 100000 0.03303 0.03303 0 0 -2.16467936803116e-05
matrices/Nr25_Nc25/consumption/RandTrix_Nr25_Nc25_Nest0.6_Conn0.2048.txt matrices/Nr25_Nc25/syntrophy/optimized_alpha=0.005_gamma=0.5/Metamatrices 0.2048 0.6 0.503371424 0.566238458800141 optimized_matrix 0.0078 100000 0.03194 0.03194 0 0 -1.13123111243896e-05
matrices/Nr25_Nc25/consumption/RandTrix_Nr25_Nc25_Nest0.55_Conn0.4176.txt matrices/Nr25_Nc25/syntrophy/optimized_alpha=0.005_gamma=0.5/Metamatrices 0.4176 0.546571541815299 0.417561664 0.480548326314756 random_structure 0.0078 100000 0.15135 0.12712 0.02423 0 -4.34705546317416e-06
matrices/Nr25_Nc25/consumption/RandTrix_Nr25_Nc25_Nest0.6_Conn0.3168.txt matrices/Nr25_Nc25/syntrophy/optimized_alpha=0.005_gamma=0.5/Metamatrices 0.3168 0.599869024230517 0.500857664 0.563969828604277 optimized_matrix 0.0078 100000 0.04715 0.04713 2e-05 0 -1.26349043275939e-05
matrices/Nr25_Nc25/consumption/RandTrix_Nr25_Nc25_Nest0.5_Conn0.0912.txt matrices/Nr25_Nc25/syntrophy/optimized_alpha=0.005_gamma=0.5/Metamatrices 0.0912 0.50278293135436 0.091238304 0.138474065529153 random_structure 0.0078 100000 0.09024 0.09024 0 0 -0.000108446163021624
matrices/Nr25_Nc25/consumption/RandTrix_Nr25_Nc25_Nest0.5_Conn0.1248.txt matrices/Nr25_Nc25/syntrophy/optimized_alpha=0.005_gamma=0.5/Metamatrices 0.1248 0.5 0.124842272 0.175341620733262 random_structure 0.0078 100000 0.08977 0.08977 0 0 -8.06666557998131e-05
matrices/Nr25_Nc25/consumption/RandTrix_Nr25_Nc25_Nest0.15_Conn0.12.txt matrices/Nr25_Nc25/syntrophy/optimized_alpha=0.005_gamma=0.5/Metamatrices 0.12 0.151419558359621 0 -nan optimized_matrix 0 100000 0.45055 0.45055 0 0 -1.27136313597274e-05
matrices/Nr25_Nc25/consumption/RandTrix_Nr25_Nc25_Nest0.6_Conn0.3712.txt matrices/Nr25_Nc25/syntrophy/optimized_alpha=0.005_gamma=0.5/Metamatrices 0.3712 0.595085995085995 0.502839824 0.565265158044994 optimized_matrix 0.0078 100000 0.08537 0.07855 0.00682 0 -4.9910933122727e-06
matrices/Nr25_Nc25/consumption/RandTrix_Nr25_Nc25_Nest0.5_Conn0.1744.txt matrices/Nr25_Nc25/syntrophy/optimized_alpha=0.005_gamma=0.5/Metamatrices 0.1744 0.5 0.174479408 0.22911241459649 random_structure 0.0078 100000 0.10244 0.10244 0 0 -6.01494011685792e-05
matrices/Nr25_Nc25/consumption/RandTrix_Nr25_Nc25_Nest0.6_Conn0.44.txt matrices/Nr25_Nc25/syntrophy/optimized_alpha=0.005_gamma=0.5/Metamatrices 0.44 0.6 0.500261616 0.562683873203563 optimized_matrix 0.0078 100000 0.11028 0.10591 0.00437 0 -1.56929356052774e-05
# File last opened on Thu Apr  4 06:49:09 2024
# We are writing, in that order, G-matrix location, A-matrix location, G connectance, G nestedness, A connectance, A nestedness, A-mode, alpha0 value, total number of simulations, proportion of feasible, stable, unstable, marginal and dominant eigenvalue
matrices/Nr25_Nc25/consumption/RandTrix_Nr25_Nc25_Nest0.5_Conn0.2496.txt matrices/Nr25_Nc25/syntrophy/optimized_alpha=0.005_gamma=0.5/Metamatrices 0.2496 0.5 0.249553728 0.308493730090267 random_structure 0.0078 100000 0.09982 0.09982 0 0 -2.09060549266717e-05
matrices/Nr25_Nc25/consumption/RandTrix_Nr25_Nc25_Nest0.15_Conn0.08.txt matrices/Nr25_Nc25/syntrophy/optimized_alpha=0.005_gamma=0.5/Metamatrices 0.0816 0.15 0.200596624 0.479473368067334 optimized_matrix 0.014 100000 0.03075 0.03075 0 0 -0.000143968897816408
matrices/Nr25_Nc25/consumption/RandTrix_Nr25_Nc25_Nest0.5_Conn0.2928.txt matrices/Nr25_Nc25/syntrophy/optimized_alpha=0.005_gamma=0.5/Metamatrices 0.2928 0.5 0.292762368 0.353447631243011 random_structure 0.0078 100000 0.12729 0.12543 0.00186 0 -1.20363464794742e-05
matrices/Nr25_Nc25/consumption/RandTrix_Nr25_Nc25_Nest0.15_Conn0.12.txt matrices/Nr25_Nc25/syntrophy/optimized_alpha=0.005_gamma=0.5/Metamatrices 0.12 0.151419558359621 0.367452176 0.502377319154476 optimized_matrix 0.014 100000 0.06136 0.06136 0 0 -3.40711344151005e-05
matrices/Nr25_Nc25/consumption/RandTrix_Nr25_Nc25_Nest0.15_Conn0.1808.txt matrices/Nr25_Nc25/syntrophy/optimized_alpha=0.005_gamma=0.5/Metamatrices 0.1808 0.158059467918623 0 -nan optimized_matrix 0 100000 0.46354 0.46354 0 0 -6.84671422942947e-05
matrices/Nr25_Nc25/consumption/RandTrix_Nr25_Nc25_Nest0.5_Conn0.32.txt matrices/Nr25_Nc25/syntrophy/optimized_alpha=0.005_gamma=0.5/Metamatrices 0.32 0.498845265588915 0.3199636 0.38146682623653 random_structure 0.0078 100000 0.1421 0.13005 0.01205 0 -7.13687350820431e-06
matrices/Nr25_Nc25/consumption/RandTrix_Nr25_Nc25_Nest0.5_Conn0.3824.txt matrices/Nr25_Nc25/syntrophy/optimized_alpha=0.005_gamma=0.5/Metamatrices 0.3824 0.496305953933073 0.382460896 0.445149486906876 random_structure 0.0078 100000 0.15048 0.1375 0.01298 0 -8.13464691132623e-06
matrices/Nr25_Nc25/consumption/RandTrix_Nr25_Nc25_Nest0.15_Conn0.1808.txt matrices/Nr25_Nc25/syntrophy/optimized_alpha=0.005_gamma=0.5/Metamatrices 0.1808 0.158059467918623 0.498304336 0.560898611504969 optimized_matrix 0.014 100000 0.26878 0.26855 0.00023 0 -0.000112073491369435
matrices/Nr25_Nc25/consumption/RandTrix_Nr25_Nc25_Nest0.1_Conn0.0816.txt matrices/Nr25_Nc25/syntrophy/optimized_alpha=0.005_gamma=0.5/Metamatrices 0.0816 0.1 0.138218576 0.291928496041915 optimized_matrix 0.014 100000 0.10915 0.10915 0 0 -0.000441114559044058
matrices/Nr25_Nc25/consumption/RandTrix_Nr25_Nc25_Nest0.5_Conn0.416.txt matrices/Nr25_Nc25/syntrophy/optimized_alpha=0.005_gamma=0.5/Metamatrices 0.416 0.504988488104375 0.415984672 0.478900269459747 random_structure 0.0078 100000 0.14003 0.12789 0.01214 0 -8.74547630588616e-06
matrices/Nr25_Nc25/consumption/RandTrix_Nr25_Nc25_Nest0.1_Conn0.0816.txt matrices/Nr25_Nc25/syntrophy/optimized_alpha=0.005_gamma=0.5/Metamatrices 0.0816 0.1 0 -nan optimized_matrix 0 100000 0.45444 0.45444 0 0 -0.000184983923616181
matrices/Nr25_Nc25/consumption/RandTrix_Nr25_Nc25_Nest0.6_Conn0.12.txt matrices/Nr25_Nc25/syntrophy/optimized_alpha=0.005_gamma=0.5/Metamatrices 0.12 0.6 0.12003544 0.1701756941023 random_structure 0.0078 100000 0.07909 0.07909 0 0 -9.39202785462261e-05
matrices/Nr25_Nc25/consumption/RandTrix_Nr25_Nc25_Nest0.6_Conn0.16.txt matrices/Nr25_Nc25/syntrophy/optimized_alpha=0.005_gamma=0.5/Metamatrices 0.16 0.6 0.159982864 0.213546288556755 random_structure 0.0078 100000 0.07416 0.07416 0 0 -1.43197649755246e-05
matrices/Nr25_Nc25/consumption/RandTrix_Nr25_Nc25_Nest0.6_Conn0.2048.txt matrices/Nr25_Nc25/syntrophy/optimized_alpha=0.005_gamma=0.5/Metamatrices 0.2048 0.6 0.204767888 0.261424653892635 random_structure 0.0078 100000 0.06633 0.06628 5e-05 0 -8.00020822195859e-06
matrices/Nr25_Nc25/consumption/RandTrix_Nr25_Nc25_Nest0.6_Conn0.3168.txt matrices/Nr25_Nc25/syntrophy/optimized_alpha=0.005_gamma=0.5/Metamatrices 0.3168 0.599869024230517 0.31681936 0.378209808956087 random_structure 0.0078 100000 0.07257 0.07251 6e-05 0 -1.04609800457256e-05
matrices/Nr25_Nc25/consumption/RandTrix_Nr25_Nc25_Nest0.1_Conn0.1296.txt matrices/Nr25_Nc25/syntrophy/optimized_alpha=0.005_gamma=0.5/Metamatrices 0.1296 0.10479375696767 0.28123296 0.329929482337338 optimized_matrix 0.014 100000 0.35817 0.32578 0.03239 0 -2.02016973022654e-05
matrices/Nr25_Nc25/consumption/RandTrix_Nr25_Nc25_Nest0.25_Conn0.0832.txt matrices/Nr25_Nc25/syntrophy/optimized_alpha=0.005_gamma=0.5/Metamatrices 0.0832 0.25 0.322301312 0.578597739891471 optimized_matrix 0.014 100000 0.0181 0.0181 0 0 -0.00106583132479105
matrices/Nr25_Nc25/consumption/RandTrix_Nr25_Nc25_Nest0.6_Conn0.3712.txt matrices/Nr25_Nc25/syntrophy/optimized_alpha=0.005_gamma=0.5/Metamatrices 0.3712 0.595085995085995 0.371269456 0.433842320627098 random_structure 0.0078 100000 0.09968 0.0901 0.00958 0 -4.53594769049931e-06
matrices/Nr25_Nc25/consumption/RandTrix_Nr25_Nc25_Nest0.25_Conn0.1392.txt matrices/Nr25_Nc25/syntrophy/optimized_alpha=0.005_gamma=0.5/Metamatrices 0.1392 0.25 0.495091616 0.558237780261642 optimized_matrix 0.014 100000 0.01302 0.01302 0 0 -0.000109185502037762
matrices/Nr25_Nc25/consumption/RandTrix_Nr25_Nc25_Nest0.6_Conn0.44.txt matrices/Nr25_Nc25/syntrophy/optimized_alpha=0.005_gamma=0.5/Metamatrices 0.44 0.6 0.440133472 0.503174629271138 random_structure 0.0078 100000 0.1168 0.11235 0.00445 0 -1.51341184449406e-05
# File last opened on Thu Apr  4 07:03:45 2024
# We are writing, in that order, G-matrix location, A-matrix location, G connectance, G nestedness, A connectance, A nestedness, A-mode, alpha0 value, total number of simulations, proportion of feasible, stable, unstable, marginal and dominant eigenvalue
matrices/Nr25_Nc25/consumption/RandTrix_Nr25_Nc25_Nest0.25_Conn0.184.txt matrices/Nr25_Nc25/syntrophy/optimized_alpha=0.005_gamma=0.5/Metamatrices 0.184 0.245901639344262 0.497657056 0.560293097275365 optimized_matrix 0.014 100000 0.03818 0.03418 0.004 0 -9.32891208551201e-06
matrices/Nr25_Nc25/consumption/RandTrix_Nr25_Nc25_Nest0.1_Conn0.1296.txt matrices/Nr25_Nc25/syntrophy/optimized_alpha=0.005_gamma=0.5/Metamatrices 0.1296 0.10479375696767 0 -nan optimized_matrix 0 100000 0.54488 0.54485 0 3e-05 -1.1478345364579e-05
matrices/Nr25_Nc25/consumption/RandTrix_Nr25_Nc25_Nest0.15_Conn0.08.txt matrices/Nr25_Nc25/syntrophy/optimized_alpha=0.005_gamma=0.5/Metamatrices 0.0816 0.15 1 1 fully_connected 0.0052 100000 0.05154 0.05154 0 0 -0.000125028222040923
matrices/Nr25_Nc25/consumption/RandTrix_Nr25_Nc25_Nest0.25_Conn0.2336.txt matrices/Nr25_Nc25/syntrophy/optimized_alpha=0.005_gamma=0.5/Metamatrices 0.2336 0.252631578947368 0.504302112 0.566586879574538 optimized_matrix 0.014 100000 0.15828 0.15827 1e-05 0 -0.000110783538092391
matrices/Nr25_Nc25/consumption/RandTrix_Nr25_Nc25_Nest0.15_Conn0.12.txt matrices/Nr25_Nc25/syntrophy/optimized_alpha=0.005_gamma=0.5/Metamatrices 0.12 0.151419558359621 1 1 fully_connected 0.0052 100000 0.09031 0.09031 0 0 -3.00718272174647e-05
matrices/Nr25_Nc25/consumption/RandTrix_Nr25_Nc25_Nest0.2_Conn0.0896.txt matrices/Nr25_Nc25/syntrophy/optimized_alpha=0.005_gamma=0.5/Metamatrices 0.0896 0.2 0.203452512 0.450963617779204 optimized_matrix 0.014 100000 0.09146 0.09146 0 0 -7.32982926102388e-05
matrices/Nr25_Nc25/consumption/RandTrix_Nr25_Nc25_Nest0.25_Conn0.0832.txt matrices/Nr25_Nc25/syntrophy/optimized_alpha=0.005_gamma=0.5/Metamatrices 0.0832 0.25 0 -nan optimized_matrix 0 100000 0.31773 0.31773 0 0 -0.000295727414776195
matrices/Nr25_Nc25/consumption/RandTrix_Nr25_Nc25_Nest0.2_Conn0.1328.txt matrices/Nr25_Nc25/syntrophy/optimized_alpha=0.005_gamma=0.5/Metamatrices 0.1328 0.2 0.469595888 0.552937595455866 optimized_matrix 0.014 100000 0.02104 0.02078 0.00026 0 -1.09493746608074e-05
matrices/Nr25_Nc25/consumption/RandTrix_Nr25_Nc25_Nest0.2_Conn0.168.txt matrices/Nr25_Nc25/syntrophy/optimized_alpha=0.005_gamma=0.5/Metamatrices 0.168 0.202270381836945 0.501259312 0.56371747763855 optimized_matrix 0.014 100000 0.02238 0.02237 1e-05 0 -3.39373391051439e-05
matrices/Nr25_Nc25/consumption/RandTrix_Nr25_Nc25_Nest0.35_Conn0.08.txt matrices/Nr25_Nc25/syntrophy/optimized_alpha=0.005_gamma=0.5/Metamatrices 0.08 0.35 0.288467216 0.582240537065094 optimized_matrix 0.014 100000 0.0007 0.0007 0 0 -0.00042278772360075
matrices/Nr25_Nc25/consumption/RandTrix_Nr25_Nc25_Nest0.15_Conn0.1808.txt matrices/Nr25_Nc25/syntrophy/optimized_alpha=0.005_gamma=0.5/Metamatrices 0.1808 0.158059467918623 1 1 fully_connected 0.0052 100000 0.35589 0.35588 1e-05 0 -9.37301632230138e-05
matrices/Nr25_Nc25/consumption/RandTrix_Nr25_Nc25_Nest0.35_Conn0.1328.txt matrices/Nr25_Nc25/syntrophy/optimized_alpha=0.005_gamma=0.5/Metamatrices 0.1328 0.35 0.501616608 0.56437859817906 optimized_matrix 0.014 100000 0.00639 0.00639 0 0 -3.43997510595106e-05
matrices/Nr25_Nc25/consumption/RandTrix_Nr25_Nc25_Nest0.25_Conn0.1392.txt matrices/Nr25_Nc25/syntrophy/optimized_alpha=0.005_gamma=0.5/Metamatrices 0.1392 0.25 0 -nan optimized_matrix 0 100000 0.31907 0.31907 0 0 -3.24330495638066e-05
matrices/Nr25_Nc25/consumption/RandTrix_Nr25_Nc25_Nest0.1_Conn0.0816.txt matrices/Nr25_Nc25/syntrophy/optimized_alpha=0.005_gamma=0.5/Metamatrices 0.0816 0.1 1 1 fully_connected 0.0052 100000 0.08651 0.08651 0 0 -0.000451593771157699
matrices/Nr25_Nc25/consumption/RandTrix_Nr25_Nc25_Nest0.35_Conn0.1712.txt matrices/Nr25_Nc25/syntrophy/optimized_alpha=0.005_gamma=0.5/Metamatrices 0.1712 0.35 0.500647344 0.563419028700934 optimized_matrix 0.014 100000 0.01241 0.01239 2e-05 0 -5.22021371250958e-06
matrices/Nr25_Nc25/consumption/RandTrix_Nr25_Nc25_Nest0.35_Conn0.2208.txt matrices/Nr25_Nc25/syntrophy/optimized_alpha=0.005_gamma=0.5/Metamatrices 0.2208 0.347043701799486 0.503702352 0.566092980942237 optimized_matrix 0.014 100000 0.06644 0.05739 0.00905 0 -4.41639357836213e-06
matrices/Nr25_Nc25/consumption/RandTrix_Nr25_Nc25_Nest0.25_Conn0.184.txt matrices/Nr25_Nc25/syntrophy/optimized_alpha=0.005_gamma=0.5/Metamatrices 0.184 0.245901639344262 0 -nan optimized_matrix 0 100000 0.32886 0.32885 0 1e-05 -2.71301424311567e-06
matrices/Nr25_Nc25/consumption/RandTrix_Nr25_Nc25_Nest0.1_Conn0.1296.txt matrices/Nr25_Nc25/syntrophy/optimized_alpha=0.005_gamma=0.5/Metamatrices 0.1296 0.10479375696767 1 1 fully_connected 0.0052 100000 0.31638 0.31451 0.00187 0 -1.84216382739301e-05
matrices/Nr25_Nc25/consumption/RandTrix_Nr25_Nc25_Nest0.35_Conn0.272.txt matrices/Nr25_Nc25/syntrophy/optimized_alpha=0.005_gamma=0.5/Metamatrices 0.272 0.346769413159455 0.498463872 0.560870723792059 optimized_matrix 0.014 100000 0.13243 0.13221 0.00022 0 -6.20985161871017e-05
matrices/Nr25_Nc25/consumption/RandTrix_Nr25_Nc25_Nest0.25_Conn0.0832.txt matrices/Nr25_Nc25/syntrophy/optimized_alpha=0.005_gamma=0.5/Metamatrices 0.0832 0.25 1 1 fully_connected 0.0052 100000 0.04871 0.04871 0 0 -0.000890919994343162
matrices/Nr25_Nc25/consumption/RandTrix_Nr25_Nc25_Nest0.25_Conn0.1392.txt matrices/Nr25_Nc25/syntrophy/optimized_alpha=0.005_gamma=0.5/Metamatrices 0.1392 0.25 1 1 fully_connected 0.0052 100000 0.0529 0.0529 0 0 -8.96733285708074e-05
matrices/Nr25_Nc25/consumption/RandTrix_Nr25_Nc25_Nest0.25_Conn0.184.txt matrices/Nr25_Nc25/syntrophy/optimized_alpha=0.005_gamma=0.5/Metamatrices 0.184 0.245901639344262 1 1 fully_connected 0.0052 100000 0.06758 0.0671 0.00048 0 -7.50501855623383e-06
matrices/Nr25_Nc25/consumption/RandTrix_Nr25_Nc25_Nest0.35_Conn0.3216.txt matrices/Nr25_Nc25/syntrophy/optimized_alpha=0.005_gamma=0.5/Metamatrices 0.3216 0.354089219330855 0.498219312 0.560944453661425 optimized_matrix 0.014 100000 0.14992 0.13798 0.01194 0 -1.7886089904542e-05
matrices/Nr25_Nc25/consumption/RandTrix_Nr25_Nc25_Nest0.25_Conn0.2336.txt matrices/Nr25_Nc25/syntrophy/optimized_alpha=0.005_gamma=0.5/Metamatrices 0.2336 0.252631578947368 0 -nan optimized_matrix 0 100000 0.33893 0.33893 0 0 -5.88715035689781e-05
matrices/Nr25_Nc25/consumption/RandTrix_Nr25_Nc25_Nest0.3_Conn0.0816.txt matrices/Nr25_Nc25/syntrophy/optimized_alpha=0.005_gamma=0.5/Metamatrices 0.0816 0.297435897435897 0.256733552 0.581259499621654 optimized_matrix 0.014 100000 0.01665 0.01665 0 0 -0.000560870962802788
matrices/Nr25_Nc25/consumption/RandTrix_Nr25_Nc25_Nest0.3_Conn0.128.txt matrices/Nr25_Nc25/syntrophy/optimized_alpha=0.005_gamma=0.5/Metamatrices 0.128 0.3 0.491515728 0.55940010194379 optimized_matrix 0.014 100000 0.00922 0.00922 0 0 -5.1534869171729e-05
matrices/Nr25_Nc25/consumption/RandTrix_Nr25_Nc25_Nest0.25_Conn0.2336.txt matrices/Nr25_Nc25/syntrophy/optimized_alpha=0.005_gamma=0.5/Metamatrices 0.2336 0.252631578947368 1 1 fully_connected 0.0052 100000 0.19498 0.19498 0 0 -9.55846104956159e-05
matrices/Nr25_Nc25/consumption/RandTrix_Nr25_Nc25_Nest0.3_Conn0.1776.txt matrices/Nr25_Nc25/syntrophy/optimized_alpha=0.005_gamma=0.5/Metamatrices 0.1776 0.3 0.496905008 0.559188524086186 optimized_matrix 0.014 100000 0.02453 0.02453 0 0 -0.000101592809945249
matrices/Nr25_Nc25/consumption/RandTrix_Nr25_Nc25_Nest0.2_Conn0.0896.txt matrices/Nr25_Nc25/syntrophy/optimized_alpha=0.005_gamma=0.5/Metamatrices 0.0896 0.2 1 1 fully_connected 0.0052 100000 0.04254 0.04254 0 0 -8.7144104827617e-05
matrices/Nr25_Nc25/consumption/RandTrix_Nr25_Nc25_Nest0.2_Conn0.0896.txt matrices/Nr25_Nc25/syntrophy/optimized_alpha=0.005_gamma=0.5/Metamatrices 0.0896 0.2 0 -nan optimized_matrix 0 100000 0.27841 0.27841 0 0 -3.05757624998559e-05
matrices/Nr25_Nc25/consumption/RandTrix_Nr25_Nc25_Nest0.2_Conn0.1328.txt matrices/Nr25_Nc25/syntrophy/optimized_alpha=0.005_gamma=0.5/Metamatrices 0.1328 0.2 1 1 fully_connected 0.0052 100000 0.07514 0.07513 1e-05 0 -9.73282253850632e-06
matrices/Nr25_Nc25/consumption/RandTrix_Nr25_Nc25_Nest0.3_Conn0.2272.txt matrices/Nr25_Nc25/syntrophy/optimized_alpha=0.005_gamma=0.5/Metamatrices 0.2272 0.297439759036145 0.5007808 0.562879496929306 optimized_matrix 0.014 100000 0.09265 0.09263 2e-05 0 -7.45917702497752e-05
matrices/Nr25_Nc25/consumption/RandTrix_Nr25_Nc25_Nest0.2_Conn0.168.txt matrices/Nr25_Nc25/syntrophy/optimized_alpha=0.005_gamma=0.5/Metamatrices 0.168 0.202270381836945 1 1 fully_connected 0.0052 100000 0.07136 0.07136 0 0 -2.93488563363655e-05
matrices/Nr25_Nc25/consumption/RandTrix_Nr25_Nc25_Nest0.35_Conn0.08.txt matrices/Nr25_Nc25/syntrophy/optimized_alpha=0.005_gamma=0.5/Metamatrices 0.08 0.35 1 1 fully_connected 0.0052 100000 0.02621 0.02621 0 0 -0.000319924865376404
matrices/Nr25_Nc25/consumption/RandTrix_Nr25_Nc25_Nest0.35_Conn0.1328.txt matrices/Nr25_Nc25/syntrophy/optimized_alpha=0.005_gamma=0.5/Metamatrices 0.1328 0.35 1 1 fully_connected 0.0052 100000 0.02745 0.02745 0 0 -2.84321598275524e-05
matrices/Nr25_Nc25/consumption/RandTrix_Nr25_Nc25_Nest0.3_Conn0.2816.txt matrices/Nr25_Nc25/syntrophy/optimized_alpha=0.005_gamma=0.5/Metamatrices 0.2816 0.302762430939227 0.49851608 0.561183825493516 optimized_matrix 0.014 100000 0.15466 0.14721 0.00745 0 -2.49263820350906e-05
matrices/Nr25_Nc25/consumption/RandTrix_Nr25_Nc25_Nest0.35_Conn0.1712.txt matrices/Nr25_Nc25/syntrophy/optimized_alpha=0.005_gamma=0.5/Metamatrices 0.1712 0.35 1 1 fully_connected 0.0052 100000 0.03183 0.03183 0 0 -4.3233315693868e-06
matrices/Nr25_Nc25/consumption/RandTrix_Nr25_Nc25_Nest0.45_Conn0.0816.txt matrices/Nr25_Nc25/syntrophy/optimized_alpha=0.005_gamma=0.5/Metamatrices 0.0816 0.452 0.360060096 0.604172194080551 optimized_matrix 0.014 100000 1e-05 1e-05 0 0 -0.000208826396590525
matrices/Nr25_Nc25/consumption/RandTrix_Nr25_Nc25_Nest0.2_Conn0.1328.txt matrices/Nr25_Nc25/syntrophy/optimized_alpha=0.005_gamma=0.5/Metamatrices 0.1328 0.2 0 -nan optimized_matrix 0 100000 0.38978 0.38978 0 0 -3.82066695218698e-06
matrices/Nr25_Nc25/consumption/RandTrix_Nr25_Nc25_Nest0.45_Conn0.1232.txt matrices/Nr25_Nc25/syntrophy/optimized_alpha=0.005_gamma=0.5/Metamatrices 0.1232 0.45 0.502075808 0.574615309387194 optimized_matrix 0.014 100000 0.00877 0.00877 0 0 -9.12970527611736e-05
matrices/Nr25_Nc25/consumption/RandTrix_Nr25_Nc25_Nest0.35_Conn0.2208.txt matrices/Nr25_Nc25/syntrophy/optimized_alpha=0.005_gamma=0.5/Metamatrices 0.2208 0.347043701799486 1 1 fully_connected 0.0052 100000 0.10393 0.10175 0.00218 0 -3.07946343806444e-06
matrices/Nr25_Nc25/consumption/RandTrix_Nr25_Nc25_Nest0.45_Conn0.1856.txt matrices/Nr25_Nc25/syntrophy/optimized_alpha=0.005_gamma=0.5/Metamatrices 0.1856 0.449874686716792 0.498675296 0.561411217025832 optimized_matrix 0.014 100000 0.00972 0.00972 0 0 -6.34731781271246e-05
matrices/Nr25_Nc25/consumption/RandTrix_Nr25_Nc25_Nest0.45_Conn0.216.txt matrices/Nr25_Nc25/syntrophy/optimized_alpha=0.005_gamma=0.5/Metamatrices 0.216 0.45 0.4995548 0.561973923231633 optimized_matrix 0.014 100000 0.01157 0.01157 0 0 -1.6060181137939e-05
matrices/Nr25_Nc25/consumption/RandTrix_Nr25_Nc25_Nest0.35_Conn0.272.txt matrices/Nr25_Nc25/syntrophy/optimized_alpha=0.005_gamma=0.5/Metamatrices 0.272 0.346769413159455 1 1 fully_connected 0.0052 100000 0.1673 0.1673 0 0 -5.48521083935996e-05
matrices/Nr25_Nc25/consumption/RandTrix_Nr25_Nc25_Nest0.45_Conn0.2672.txt matrices/Nr25_Nc25/syntrophy/optimized_alpha=0.005_gamma=0.5/Metamatrices 0.2672 0.446518305814788 0.493152096 0.555945919306402 optimized_matrix 0.014 100000 0.02153 0.02032 0.00121 0 -1.17068075492822e-05
matrices/Nr25_Nc25/consumption/RandTrix_Nr25_Nc25_Nest0.2_Conn0.168.txt matrices/Nr25_Nc25/syntrophy/optimized_alpha=0.005_gamma=0.5/Metamatrices 0.168 0.202270381836945 0 -nan optimized_matrix 0 100000 0.3708 0.3708 0 0 -1.11009746535062e-05
matrices/Nr25_Nc25/consumption/RandTrix_Nr25_Nc25_Nest0.45_Conn0.3168.txt matrices/Nr25_Nc25/syntrophy/optimized_alpha=0.005_gamma=0.5/Metamatrices 0.3168 0.445459430413756 0.500818544 0.563550849076594 optimized_matrix 0.014 100000 0.08951 0.08486 0.00465 0 -1.33605794424127e-05
matrices/Nr25_Nc25/consumption/RandTrix_Nr25_Nc25_Nest0.35_Conn0.3216.txt matrices/Nr25_Nc25/syntrophy/optimized_alpha=0.005_gamma=0.5/Metamatrices 0.3216 0.354089219330855 1 1 fully_connected 0.0052 100000 0.18594 0.18521 0.00073 0 -1.50688227468137e-05
matrices/Nr25_Nc25/consumption/RandTrix_Nr25_Nc25_Nest0.3_Conn0.0816.txt matrices/Nr25_Nc25/syntrophy/optimized_alpha=0.005_gamma=0.5/Metamatrices 0.0816 0.297435897435897 1 1 fully_connected 0.0052 100000 0.03607 0.03607 0 0 -0.00048515054831817
matrices/Nr25_Nc25/consumption/RandTrix_Nr25_Nc25_Nest0.3_Conn0.128.txt matrices/Nr25_Nc25/syntrophy/optimized_alpha=0.005_gamma=0.5/Metamatrices 0.128 0.3 1 1 fully_connected 0.0052 100000 0.03414 0.03414 0 0 -4.46565851262215e-05
matrices/Nr25_Nc25/consumption/RandTrix_Nr25_Nc25_Nest0.45_Conn0.384.txt matrices/Nr25_Nc25/syntrophy/optimized_alpha=0.005_gamma=0.5/Metamatrices 0.384 0.452352708580467 0.502455872 0.565166774902208 optimized_matrix 0.014 100000 0.1267 0.12398 0.00272 0 -3.68526279559837e-05
matrices/Nr25_Nc25/consumption/RandTrix_Nr25_Nc25_Nest0.35_Conn0.08.txt matrices/Nr25_Nc25/syntrophy/optimized_alpha=0.005_gamma=0.5/Metamatrices 0.08 0.35 0 -nan optimized_matrix 0 100000 0.20209 0.20209 0 0 -9.90258238298535e-05
matrices/Nr25_Nc25/consumption/RandTrix_Nr25_Nc25_Nest0.3_Conn0.1776.txt matrices/Nr25_Nc25/syntrophy/optimized_alpha=0.005_gamma=0.5/Metamatrices 0.1776 0.3 1 1 fully_connected 0.0052 100000 0.06218 0.06218 0 0 -8.83986131141401e-05
matrices/Nr25_Nc25/consumption/RandTrix_Nr25_Nc25_Nest0.35_Conn0.1328.txt matrices/Nr25_Nc25/syntrophy/optimized_alpha=0.005_gamma=0.5/Metamatrices 0.1328 0.35 0 -nan optimized_matrix 0 100000 0.20171 0.20171 0 0 -8.6631865142271e-06
matrices/Nr25_Nc25/consumption/RandTrix_Nr25_Nc25_Nest0.45_Conn0.424.txt matrices/Nr25_Nc25/syntrophy/optimized_alpha=0.005_gamma=0.5/Metamatrices 0.424 0.454737583656217 0.500930096 0.563617660803111 optimized_matrix 0.014 100000 0.14268 0.14004 0.00264 0 -4.0491080134448e-05
matrices/Nr25_Nc25/consumption/RandTrix_Nr25_Nc25_Nest0.4_Conn0.0784.txt matrices/Nr25_Nc25/syntrophy/optimized_alpha=0.005_gamma=0.5/Metamatrices 0.0784 0.4 0.293158336 0.635183956228774 optimized_matrix 0.014 100000 0.00133 0.00133 0 0 -0.000412478349638007
matrices/Nr25_Nc25/consumption/RandTrix_Nr25_Nc25_Nest0.3_Conn0.2272.txt matrices/Nr25_Nc25/syntrophy/optimized_alpha=0.005_gamma=0.5/Metamatrices 0.2272 0.297439759036145 1 1 fully_connected 0.0052 100000 0.12707 0.12707 0 0 -6.32009659911213e-05
matrices/Nr25_Nc25/consumption/RandTrix_Nr25_Nc25_Nest0.4_Conn0.1232.txt matrices/Nr25_Nc25/syntrophy/optimized_alpha=0.005_gamma=0.5/Metamatrices 0.1232 0.399558498896247 0.501398928 0.564091008002285 optimized_matrix 0.014 100000 0.005 0.005 0 0 -0.000362365441667571
matrices/Nr25_Nc25/consumption/RandTrix_Nr25_Nc25_Nest0.35_Conn0.1712.txt matrices/Nr25_Nc25/syntrophy/optimized_alpha=0.005_gamma=0.5/Metamatrices 0.1712 0.35 0 -nan optimized_matrix 0 100000 0.21083 0.21083 0 0 -1.16053806045944e-06
matrices/Nr25_Nc25/consumption/RandTrix_Nr25_Nc25_Nest0.4_Conn0.2032.txt matrices/Nr25_Nc25/syntrophy/optimized_alpha=0.005_gamma=0.5/Metamatrices 0.2032 0.4 0.504881888 0.567364699624277 optimized_matrix 0.014 100000 0.04767 0.04762 5e-05 0 -2.57897354803879e-05
matrices/Nr25_Nc25/consumption/RandTrix_Nr25_Nc25_Nest0.3_Conn0.2816.txt matrices/Nr25_Nc25/syntrophy/optimized_alpha=0.005_gamma=0.5/Metamatrices 0.2816 0.302762430939227 1 1 fully_connected 0.0052 100000 0.18295 0.1826 0.00035 0 -2.11585480503186e-05
matrices/Nr25_Nc25/consumption/RandTrix_Nr25_Nc25_Nest0.4_Conn0.2288.txt matrices/Nr25_Nc25/syntrophy/optimized_alpha=0.005_gamma=0.5/Metamatrices 0.2288 0.4 0.499326512 0.561893487100161 optimized_matrix 0.014 100000 0.01555 0.01401 0.00154 0 -4.38309244904541e-06
matrices/Nr25_Nc25/consumption/RandTrix_Nr25_Nc25_Nest0.45_Conn0.0816.txt matrices/Nr25_Nc25/syntrophy/optimized_alpha=0.005_gamma=0.5/Metamatrices 0.0816 0.452 1 1 fully_connected 0.0052 100000 0.02286 0.02286 0 0 -0.000249122741609105
matrices/Nr25_Nc25/consumption/RandTrix_Nr25_Nc25_Nest0.45_Conn0.1232.txt matrices/Nr25_Nc25/syntrophy/optimized_alpha=0.005_gamma=0.5/Metamatrices 0.1232 0.45 1 1 fully_connected 0.0052 100000 0.02451 0.02451 0 0 -7.77427442213921e-05
matrices/Nr25_Nc25/consumption/RandTrix_Nr25_Nc25_Nest0.4_Conn0.272.txt matrices/Nr25_Nc25/syntrophy/optimized_alpha=0.005_gamma=0.5/Metamatrices 0.272 0.397260273972603 0.497837472 0.560156860055058 optimized_matrix 0.014 100000 0.02694 0.02688 6e-05 0 -3.35176736809794e-05
matrices/Nr25_Nc25/consumption/RandTrix_Nr25_Nc25_Nest0.35_Conn0.2208.txt matrices/Nr25_Nc25/syntrophy/optimized_alpha=0.005_gamma=0.5/Metamatrices 0.2208 0.347043701799486 0 -nan optimized_matrix 0 100000 0.27948 0.27948 0 0 -1.35703670272736e-06
matrices/Nr25_Nc25/consumption/RandTrix_Nr25_Nc25_Nest0.45_Conn0.1856.txt matrices/Nr25_Nc25/syntrophy/optimized_alpha=0.005_gamma=0.5/Metamatrices 0.1856 0.449874686716792 1 1 fully_connected 0.0052 100000 0.03869 0.03869 0 0 -5.33773280421487e-05
matrices/Nr25_Nc25/consumption/RandTrix_Nr25_Nc25_Nest0.45_Conn0.216.txt matrices/Nr25_Nc25/syntrophy/optimized_alpha=0.005_gamma=0.5/Metamatrices 0.216 0.45 1 1 fully_connected 0.0052 100000 0.03003 0.03003 0 0 -1.3901382987384e-05
matrices/Nr25_Nc25/consumption/RandTrix_Nr25_Nc25_Nest0.4_Conn0.3312.txt matrices/Nr25_Nc25/syntrophy/optimized_alpha=0.005_gamma=0.5/Metamatrices 0.3312 0.396235521235521 0.495861664 0.558513839582349 optimized_matrix 0.014 100000 0.10369 0.09576 0.00793 0 -1.38731732943324e-05
matrices/Nr25_Nc25/consumption/RandTrix_Nr25_Nc25_Nest0.45_Conn0.2672.txt matrices/Nr25_Nc25/syntrophy/optimized_alpha=0.005_gamma=0.5/Metamatrices 0.2672 0.446518305814788 1 1 fully_connected 0.0052 100000 0.04555 0.04512 0.00043 0 -9.87439466202464e-06
matrices/Nr25_Nc25/consumption/RandTrix_Nr25_Nc25_Nest0.45_Conn0.3168.txt matrices/Nr25_Nc25/syntrophy/optimized_alpha=0.005_gamma=0.5/Metamatrices 0.3168 0.445459430413756 1 1 fully_connected 0.0052 100000 0.10997 0.10956 0.00041 0 -1.06894599553808e-05
matrices/Nr25_Nc25/consumption/RandTrix_Nr25_Nc25_Nest0.35_Conn0.272.txt matrices/Nr25_Nc25/syntrophy/optimized_alpha=0.005_gamma=0.5/Metamatrices 0.272 0.346769413159455 0 -nan optimized_matrix 0 100000 0.27245 0.27245 0 0 -3.47292133426089e-05
matrices/Nr25_Nc25/consumption/RandTrix_Nr25_Nc25_Nest0.4_Conn0.3712.txt matrices/Nr25_Nc25/syntrophy/optimized_alpha=0.005_gamma=0.5/Metamatrices 0.3712 0.40494527766518 0.499912496 0.562542229846622 optimized_matrix 0.014 100000 0.15241 0.1512 0.00121 0 -5.4945638359942e-05
matrices/Nr25_Nc25/consumption/RandTrix_Nr25_Nc25_Nest0.55_Conn0.0992.txt matrices/Nr25_Nc25/syntrophy/optimized_alpha=0.005_gamma=0.5/Metamatrices 0.0992 0.548109965635739 0.464281968 0.679690522514822 optimized_matrix 0.014 100000 0.0004 0.0004 0 0 -0.000292007278544984
matrices/Nr25_Nc25/consumption/RandTrix_Nr25_Nc25_Nest0.45_Conn0.384.txt matrices/Nr25_Nc25/syntrophy/optimized_alpha=0.005_gamma=0.5/Metamatrices 0.384 0.452352708580467 1 1 fully_connected 0.0052 100000 0.15515 0.15512 3e-05 0 -3.16516308512984e-05
matrices/Nr25_Nc25/consumption/RandTrix_Nr25_Nc25_Nest0.55_Conn0.1248.txt matrices/Nr25_Nc25/syntrophy/optimized_alpha=0.005_gamma=0.5/Metamatrices 0.1248 0.55 0.508859584 0.589706801525264 optimized_matrix 0.014 100000 0.00856 0.00856 0 0 -0.000113217714322703
matrices/Nr25_Nc25/consumption/RandTrix_Nr25_Nc25_Nest0.55_Conn0.184.txt matrices/Nr25_Nc25/syntrophy/optimized_alpha=0.005_gamma=0.5/Metamatrices 0.184 0.55019556714472 0.503517248 0.566467214844569 optimized_matrix 0.014 100000 0.00673 0.00673 0 0 -3.83324227630449e-05
matrices/Nr25_Nc25/consumption/RandTrix_Nr25_Nc25_Nest0.35_Conn0.3216.txt matrices/Nr25_Nc25/syntrophy/optimized_alpha=0.005_gamma=0.5/Metamatrices 0.3216 0.354089219330855 0 -nan optimized_matrix 0 100000 0.27104 0.27104 0 0 -1.03413868705331e-05
matrices/Nr25_Nc25/consumption/RandTrix_Nr25_Nc25_Nest0.55_Conn0.2304.txt matrices/Nr25_Nc25/syntrophy/optimized_alpha=0.005_gamma=0.5/Metamatrices 0.2304 0.55 0.503091104 0.565258420492982 optimized_matrix 0.014 100000 0.00741 0.00741 0 0 -1.31097844764042e-05
matrices/Nr25_Nc25/consumption/RandTrix_Nr25_Nc25_Nest0.45_Conn0.424.txt matrices/Nr25_Nc25/syntrophy/optimized_alpha=0.005_gamma=0.5/Metamatrices 0.424 0.454737583656217 1 1 fully_connected 0.0052 100000 0.16806 0.16798 8e-05 0 -3.47075374779409e-05
matrices/Nr25_Nc25/consumption/RandTrix_Nr25_Nc25_Nest0.4_Conn0.0784.txt matrices/Nr25_Nc25/syntrophy/optimized_alpha=0.005_gamma=0.5/Metamatrices 0.0784 0.4 1 1 fully_connected 0.0052 100000 0.02519 0.02519 0 0 -0.000297969005785089
matrices/Nr25_Nc25/consumption/RandTrix_Nr25_Nc25_Nest0.55_Conn0.3024.txt matrices/Nr25_Nc25/syntrophy/optimized_alpha=0.005_gamma=0.5/Metamatrices 0.3024 0.550095724313976 0.503229216 0.565672099390899 optimized_matrix 0.014 100000 0.01886 0.018 0.00086 0 -8.07030732636709e-06
matrices/Nr25_Nc25/consumption/RandTrix_Nr25_Nc25_Nest0.4_Conn0.1232.txt matrices/Nr25_Nc25/syntrophy/optimized_alpha=0.005_gamma=0.5/Metamatrices 0.1232 0.399558498896247 1 1 fully_connected 0.0052 100000 0.04071 0.04071 0 0 -0.000310209229364422
matrices/Nr25_Nc25/consumption/RandTrix_Nr25_Nc25_Nest0.55_Conn0.3344.txt matrices/Nr25_Nc25/syntrophy/optimized_alpha=0.005_gamma=0.5/Metamatrices 0.3344 0.547425474254743 0.500012784 0.562561422105708 optimized_matrix 0.014 100000 0.05132 0.05047 0.00085 0 -2.24302702206895e-05
matrices/Nr25_Nc25/consumption/RandTrix_Nr25_Nc25_Nest0.3_Conn0.0816.txt matrices/Nr25_Nc25/syntrophy/optimized_alpha=0.005_gamma=0.5/Metamatrices 0.0816 0.297435897435897 0 -nan optimized_matrix 0 100000 0.26197 0.26197 0 0 -0.000159776814072058
matrices/Nr25_Nc25/consumption/RandTrix_Nr25_Nc25_Nest0.4_Conn0.2032.txt matrices/Nr25_Nc25/syntrophy/optimized_alpha=0.005_gamma=0.5/Metamatrices 0.2032 0.4 1 1 fully_connected 0.0052 100000 0.07525 0.07525 0 0 -2.15077921245178e-05
matrices/Nr25_Nc25/consumption/RandTrix_Nr25_Nc25_Nest0.55_Conn0.3824.txt matrices/Nr25_Nc25/syntrophy/optimized_alpha=0.005_gamma=0.5/Metamatrices 0.3824 0.547794117647059 0.499039568 0.561571315178137 optimized_matrix 0.014 100000 0.05572 0.04754 0.00818 0 -3.93120027329838e-06
matrices/Nr25_Nc25/consumption/RandTrix_Nr25_Nc25_Nest0.4_Conn0.2288.txt matrices/Nr25_Nc25/syntrophy/optimized_alpha=0.005_gamma=0.5/Metamatrices 0.2288 0.4 1 1 fully_connected 0.0052 100000 0.03999 0.03967 0.00032 0 -3.36457914440621e-06
matrices/Nr25_Nc25/consumption/RandTrix_Nr25_Nc25_Nest0.4_Conn0.272.txt matrices/Nr25_Nc25/syntrophy/optimized_alpha=0.005_gamma=0.5/Metamatrices 0.272 0.397260273972603 1 1 fully_connected 0.0052 100000 0.04616 0.04615 1e-05 0 -3.21091713631094e-05
matrices/Nr25_Nc25/consumption/RandTrix_Nr25_Nc25_Nest0.3_Conn0.128.txt matrices/Nr25_Nc25/syntrophy/optimized_alpha=0.005_gamma=0.5/Metamatrices 0.128 0.3 0 -nan optimized_matrix 0 100000 0.23594 0.23594 0 0 -1.45510208894827e-05
matrices/Nr25_Nc25/consumption/RandTrix_Nr25_Nc25_Nest0.55_Conn0.4176.txt matrices/Nr25_Nc25/syntrophy/optimized_alpha=0.005_gamma=0.5/Metamatrices 0.4176 0.546571541815299 0.497876448 0.560086229776802 optimized_matrix 0.014 100000 0.1088 0.08876 0.02004 0 -5.81605930917663e-06
matrices/Nr25_Nc25/consumption/RandTrix_Nr25_Nc25_Nest0.4_Conn0.3312.txt matrices/Nr25_Nc25/syntrophy/optimized_alpha=0.005_gamma=0.5/Metamatrices 0.3312 0.396235521235521 1 1 fully_connected 0.0052 100000 0.12265 0.12214 0.00051 0 -1.20097506500526e-05
matrices/Nr25_Nc25/consumption/RandTrix_Nr25_Nc25_Nest0.5_Conn0.0912.txt matrices/Nr25_Nc25/syntrophy/optimized_alpha=0.005_gamma=0.5/Metamatrices 0.0912 0.50278293135436 0.418946272 0.678039387814745 optimized_matrix 0.014 100000 0.00016 0.00016 0 0 -0.000320055437228754
matrices/Nr25_Nc25/consumption/RandTrix_Nr25_Nc25_Nest0.5_Conn0.1248.txt matrices/Nr25_Nc25/syntrophy/optimized_alpha=0.005_gamma=0.5/Metamatrices 0.1248 0.5 0.50265856 0.565084952528763 optimized_matrix 0.014 100000 0.00634 0.00634 0 0 -0.000178327956655958
matrices/Nr25_Nc25/consumption/RandTrix_Nr25_Nc25_Nest0.5_Conn0.1744.txt matrices/Nr25_Nc25/syntrophy/optimized_alpha=0.005_gamma=0.5/Metamatrices 0.1744 0.5 0.500272816 0.56308568135412 optimized_matrix 0.014 100000 0.00757 0.00757 0 0 -0.000116201031126018
matrices/Nr25_Nc25/consumption/RandTrix_Nr25_Nc25_Nest0.3_Conn0.1776.txt matrices/Nr25_Nc25/syntrophy/optimized_alpha=0.005_gamma=0.5/Metamatrices 0.1776 0.3 0 -nan optimized_matrix 0 100000 0.32869 0.32869 0 0 -3.35008789351537e-05
matrices/Nr25_Nc25/consumption/RandTrix_Nr25_Nc25_Nest0.4_Conn0.3712.txt matrices/Nr25_Nc25/syntrophy/optimized_alpha=0.005_gamma=0.5/Metamatrices 0.3712 0.40494527766518 1 1 fully_connected 0.0052 100000 0.18717 0.18717 0 0 -4.68249312344479e-05
matrices/Nr25_Nc25/consumption/RandTrix_Nr25_Nc25_Nest0.5_Conn0.2496.txt matrices/Nr25_Nc25/syntrophy/optimized_alpha=0.005_gamma=0.5/Metamatrices 0.2496 0.5 0.501362496 0.563730805037855 optimized_matrix 0.014 100000 0.01388 0.01388 0 0 -3.64686567327575e-05
matrices/Nr25_Nc25/consumption/RandTrix_Nr25_Nc25_Nest0.55_Conn0.0992.txt matrices/Nr25_Nc25/syntrophy/optimized_alpha=0.005_gamma=0.5/Metamatrices 0.0992 0.548109965635739 1 1 fully_connected 0.0052 100000 0.02075 0.02075 0 0 -0.000215629892094913
matrices/Nr25_Nc25/consumption/RandTrix_Nr25_Nc25_Nest0.55_Conn0.1248.txt matrices/Nr25_Nc25/syntrophy/optimized_alpha=0.005_gamma=0.5/Metamatrices 0.1248 0.55 1 1 fully_connected 0.0052 100000 0.02158 0.02158 0 0 -9.74150862075757e-05
matrices/Nr25_Nc25/consumption/RandTrix_Nr25_Nc25_Nest0.5_Conn0.2928.txt matrices/Nr25_Nc25/syntrophy/optimized_alpha=0.005_gamma=0.5/Metamatrices 0.2928 0.5 0.498913408 0.561445044870755 optimized_matrix 0.014 100000 0.05786 0.05745 0.00041 0 -1.98911197924956e-05
matrices/Nr25_Nc25/consumption/RandTrix_Nr25_Nc25_Nest0.55_Conn0.184.txt matrices/Nr25_Nc25/syntrophy/optimized_alpha=0.005_gamma=0.5/Metamatrices 0.184 0.55019556714472 1 1 fully_connected 0.0052 100000 0.02885 0.02885 0 0 -3.10136846153756e-05
matrices/Nr25_Nc25/consumption/RandTrix_Nr25_Nc25_Nest0.55_Conn0.2304.txt matrices/Nr25_Nc25/syntrophy/optimized_alpha=0.005_gamma=0.5/Metamatrices 0.2304 0.55 1 1 fully_connected 0.0052 100000 0.02608 0.02608 0 0 -1.11893565572905e-05
matrices/Nr25_Nc25/consumption/RandTrix_Nr25_Nc25_Nest0.55_Conn0.3024.txt matrices/Nr25_Nc25/syntrophy/optimized_alpha=0.005_gamma=0.5/Metamatrices 0.3024 0.550095724313976 1 1 fully_connected 0.0052 100000 0.03219 0.03198 0.00021 0 -7.48562577046495e-06
matrices/Nr25_Nc25/consumption/RandTrix_Nr25_Nc25_Nest0.5_Conn0.32.txt matrices/Nr25_Nc25/syntrophy/optimized_alpha=0.005_gamma=0.5/Metamatrices 0.32 0.498845265588915 0.497300064 0.559801131172187 optimized_matrix 0.014 100000 0.0797 0.07286 0.00684 0 -1.00301062995878e-05
matrices/Nr25_Nc25/consumption/RandTrix_Nr25_Nc25_Nest0.3_Conn0.2272.txt matrices/Nr25_Nc25/syntrophy/optimized_alpha=0.005_gamma=0.5/Metamatrices 0.2272 0.297439759036145 0 -nan optimized_matrix 0 100000 0.31361 0.31361 0 0 -3.22364309649353e-05
matrices/Nr25_Nc25/consumption/RandTrix_Nr25_Nc25_Nest0.55_Conn0.3344.txt matrices/Nr25_Nc25/syntrophy/optimized_alpha=0.005_gamma=0.5/Metamatrices 0.3344 0.547425474254743 1 1 fully_connected 0.0052 100000 0.07209 0.07188 0.00021 0 -1.84729802305652e-05
matrices/Nr25_Nc25/consumption/RandTrix_Nr25_Nc25_Nest0.5_Conn0.3824.txt matrices/Nr25_Nc25/syntrophy/optimized_alpha=0.005_gamma=0.5/Metamatrices 0.3824 0.496305953933073 0.49495056 0.557501210027864 optimized_matrix 0.014 100000 0.10158 0.09371 0.00787 0 -1.11534910559123e-05
matrices/Nr25_Nc25/consumption/RandTrix_Nr25_Nc25_Nest0.55_Conn0.3824.txt matrices/Nr25_Nc25/syntrophy/optimized_alpha=0.005_gamma=0.5/Metamatrices 0.3824 0.547794117647059 1 1 fully_connected 0.0052 100000 0.07457 0.07246 0.00211 0 -3.05622308362823e-06
matrices/Nr25_Nc25/consumption/RandTrix_Nr25_Nc25_Nest0.5_Conn0.416.txt matrices/Nr25_Nc25/syntrophy/optimized_alpha=0.005_gamma=0.5/Metamatrices 0.416 0.504988488104375 0.504755248 0.567321137320389 optimized_matrix 0.014 100000 0.08764 0.07892 0.00872 0 -1.17314127115875e-05
matrices/Nr25_Nc25/consumption/RandTrix_Nr25_Nc25_Nest0.55_Conn0.4176.txt matrices/Nr25_Nc25/syntrophy/optimized_alpha=0.005_gamma=0.5/Metamatrices 0.4176 0.546571541815299 1 1 fully_connected 0.0052 100000 0.13163 0.11764 0.01399 0 -4.65931270455196e-06
matrices/Nr25_Nc25/consumption/RandTrix_Nr25_Nc25_Nest0.6_Conn0.12.txt matrices/Nr25_Nc25/syntrophy/optimized_alpha=0.005_gamma=0.5/Metamatrices 0.12 0.6 0.529462608 0.631296148843929 optimized_matrix 0.014 100000 0.00623 0.00623 0 0 -0.00020912955741329
matrices/Nr25_Nc25/consumption/RandTrix_Nr25_Nc25_Nest0.5_Conn0.0912.txt matrices/Nr25_Nc25/syntrophy/optimized_alpha=0.005_gamma=0.5/Metamatrices 0.0912 0.50278293135436 1 1 fully_connected 0.0052 100000 0.02189 0.02189 0 0 -0.000218976421580748
matrices/Nr25_Nc25/consumption/RandTrix_Nr25_Nc25_Nest0.3_Conn0.2816.txt matrices/Nr25_Nc25/syntrophy/optimized_alpha=0.005_gamma=0.5/Metamatrices 0.2816 0.302762430939227 0 -nan optimized_matrix 0 100000 0.32315 0.32315 0 0 -1.27525450395958e-05
matrices/Nr25_Nc25/consumption/RandTrix_Nr25_Nc25_Nest0.5_Conn0.1248.txt matrices/Nr25_Nc25/syntrophy/optimized_alpha=0.005_gamma=0.5/Metamatrices 0.1248 0.5 1 1 fully_connected 0.0052 100000 0.02563 0.02563 0 0 -0.000144911138395699
matrices/Nr25_Nc25/consumption/RandTrix_Nr25_Nc25_Nest0.6_Conn0.16.txt matrices/Nr25_Nc25/syntrophy/optimized_alpha=0.005_gamma=0.5/Metamatrices 0.16 0.6 0.501244208 0.563787597994317 optimized_matrix 0.014 100000 0.01207 0.01207 0 0 -2.81543278925473e-05
matrices/Nr25_Nc25/consumption/RandTrix_Nr25_Nc25_Nest0.5_Conn0.1744.txt matrices/Nr25_Nc25/syntrophy/optimized_alpha=0.005_gamma=0.5/Metamatrices 0.1744 0.5 1 1 fully_connected 0.0052 100000 0.03501 0.03501 0 0 -9.51025235978342e-05
matrices/Nr25_Nc25/consumption/RandTrix_Nr25_Nc25_Nest0.6_Conn0.2048.txt matrices/Nr25_Nc25/syntrophy/optimized_alpha=0.005_gamma=0.5/Metamatrices 0.2048 0.6 0.503371424 0.566238458800141 optimized_matrix 0.014 100000 0.01016 0.01016 0 0 -1.45058992311747e-05
matrices/Nr25_Nc25/consumption/RandTrix_Nr25_Nc25_Nest0.5_Conn0.2496.txt matrices/Nr25_Nc25/syntrophy/optimized_alpha=0.005_gamma=0.5/Metamatrices 0.2496 0.5 1 1 fully_connected 0.0052 100000 0.04054 0.04054 0 0 -3.01959834408121e-05
matrices/Nr25_Nc25/consumption/RandTrix_Nr25_Nc25_Nest0.6_Conn0.3168.txt matrices/Nr25_Nc25/syntrophy/optimized_alpha=0.005_gamma=0.5/Metamatrices 0.3168 0.599869024230517 0.500857664 0.563969828604277 optimized_matrix 0.014 100000 0.01787 0.01786 1e-05 0 -1.62105191035297e-05
matrices/Nr25_Nc25/consumption/RandTrix_Nr25_Nc25_Nest0.45_Conn0.0816.txt matrices/Nr25_Nc25/syntrophy/optimized_alpha=0.005_gamma=0.5/Metamatrices 0.0816 0.452 0 -nan optimized_matrix 0 100000 0.17461 0.17461 0 0 -7.06059340425653e-05
matrices/Nr25_Nc25/consumption/RandTrix_Nr25_Nc25_Nest0.5_Conn0.2928.txt matrices/Nr25_Nc25/syntrophy/optimized_alpha=0.005_gamma=0.5/Metamatrices 0.2928 0.5 1 1 fully_connected 0.0052 100000 0.08321 0.08316 5e-05 0 -1.55070702765208e-05
matrices/Nr25_Nc25/consumption/RandTrix_Nr25_Nc25_Nest0.6_Conn0.3712.txt matrices/Nr25_Nc25/syntrophy/optimized_alpha=0.005_gamma=0.5/Metamatrices 0.3712 0.595085995085995 0.502839824 0.565265158044994 optimized_matrix 0.014 100000 0.05373 0.04833 0.0054 0 -6.5464994483174e-06
matrices/Nr25_Nc25/consumption/RandTrix_Nr25_Nc25_Nest0.5_Conn0.32.txt matrices/Nr25_Nc25/syntrophy/optimized_alpha=0.005_gamma=0.5/Metamatrices 0.32 0.498845265588915 1 1 fully_connected 0.0052 100000 0.10413 0.10364 0.00049 0 -8.09752183389466e-06
matrices/Nr25_Nc25/consumption/RandTrix_Nr25_Nc25_Nest0.45_Conn0.1232.txt matrices/Nr25_Nc25/syntrophy/optimized_alpha=0.005_gamma=0.5/Metamatrices 0.1232 0.45 0 -nan optimized_matrix 0 100000 0.18487 0.18487 0 0 -2.37036824563041e-05
matrices/Nr25_Nc25/consumption/RandTrix_Nr25_Nc25_Nest0.6_Conn0.44.txt matrices/Nr25_Nc25/syntrophy/optimized_alpha=0.005_gamma=0.5/Metamatrices 0.44 0.6 0.500261616 0.562683873203563 optimized_matrix 0.014 100000 0.08127 0.07729 0.00398 0 -1.97183806623214e-05
# File last opened on Thu Apr  4 08:05:09 2024
# We are writing, in that order, G-matrix location, A-matrix location, G connectance, G nestedness, A connectance, A nestedness, A-mode, alpha0 value, total number of simulations, proportion of feasible, stable, unstable, marginal and dominant eigenvalue
matrices/Nr25_Nc25/consumption/RandTrix_Nr25_Nc25_Nest0.15_Conn0.08.txt matrices/Nr25_Nc25/syntrophy/optimized_alpha=0.005_gamma=0.5/Metamatrices 0.0816 0.15 1 1 fully_connected 0.0078 100000 0.0126 0.0126 0 0 -0.000150763192064443
matrices/Nr25_Nc25/consumption/RandTrix_Nr25_Nc25_Nest0.15_Conn0.12.txt matrices/Nr25_Nc25/syntrophy/optimized_alpha=0.005_gamma=0.5/Metamatrices 0.12 0.151419558359621 1 1 fully_connected 0.0078 100000 0.02469 0.02469 0 0 -3.6307416706122e-05
matrices/Nr25_Nc25/consumption/RandTrix_Nr25_Nc25_Nest0.5_Conn0.3824.txt matrices/Nr25_Nc25/syntrophy/optimized_alpha=0.005_gamma=0.5/Metamatrices 0.3824 0.496305953933073 1 1 fully_connected 0.0052 100000 0.1199 0.1195 0.0004 0 -9.07013601707117e-06
matrices/Nr25_Nc25/consumption/RandTrix_Nr25_Nc25_Nest0.45_Conn0.1856.txt matrices/Nr25_Nc25/syntrophy/optimized_alpha=0.005_gamma=0.5/Metamatrices 0.1856 0.449874686716792 0 -nan optimized_matrix 0 100000 0.25785 0.25785 0 0 -1.79823232508125e-05
matrices/Nr25_Nc25/consumption/RandTrix_Nr25_Nc25_Nest0.5_Conn0.416.txt matrices/Nr25_Nc25/syntrophy/optimized_alpha=0.005_gamma=0.5/Metamatrices 0.416 0.504988488104375 1 1 fully_connected 0.0052 100000 0.10935 0.10855 0.0008 0 -9.09009563453571e-06
matrices/Nr25_Nc25/consumption/RandTrix_Nr25_Nc25_Nest0.6_Conn0.12.txt matrices/Nr25_Nc25/syntrophy/optimized_alpha=0.005_gamma=0.5/Metamatrices 0.12 0.6 1 1 fully_connected 0.0052 100000 0.02034 0.02034 0 0 -0.000176694408485167
matrices/Nr25_Nc25/consumption/RandTrix_Nr25_Nc25_Nest0.6_Conn0.16.txt matrices/Nr25_Nc25/syntrophy/optimized_alpha=0.005_gamma=0.5/Metamatrices 0.16 0.6 1 1 fully_connected 0.0052 100000 0.02229 0.02229 0 0 -2.56215149621288e-05
matrices/Nr25_Nc25/consumption/RandTrix_Nr25_Nc25_Nest0.6_Conn0.2048.txt matrices/Nr25_Nc25/syntrophy/optimized_alpha=0.005_gamma=0.5/Metamatrices 0.2048 0.6 1 1 fully_connected 0.0052 100000 0.02238 0.02238 0 0 -1.28689297989607e-05
matrices/Nr25_Nc25/consumption/RandTrix_Nr25_Nc25_Nest0.45_Conn0.216.txt matrices/Nr25_Nc25/syntrophy/optimized_alpha=0.005_gamma=0.5/Metamatrices 0.216 0.45 0 -nan optimized_matrix 0 100000 0.19964 0.19964 0 0 -4.34073210318885e-06
matrices/Nr25_Nc25/consumption/RandTrix_Nr25_Nc25_Nest0.15_Conn0.1808.txt matrices/Nr25_Nc25/syntrophy/optimized_alpha=0.005_gamma=0.5/Metamatrices 0.1808 0.158059467918623 1 1 fully_connected 0.0078 100000 0.29608 0.29607 1e-05 0 -0.00010852126607667
matrices/Nr25_Nc25/consumption/RandTrix_Nr25_Nc25_Nest0.6_Conn0.3168.txt matrices/Nr25_Nc25/syntrophy/optimized_alpha=0.005_gamma=0.5/Metamatrices 0.3168 0.599869024230517 1 1 fully_connected 0.0052 100000 0.03275 0.03275 0 0 -1.46335579108191e-05
matrices/Nr25_Nc25/consumption/RandTrix_Nr25_Nc25_Nest0.1_Conn0.0816.txt matrices/Nr25_Nc25/syntrophy/optimized_alpha=0.005_gamma=0.5/Metamatrices 0.0816 0.1 1 1 fully_connected 0.0078 100000 0.0191 0.0191 0 0 -0.000546438007808258
matrices/Nr25_Nc25/consumption/RandTrix_Nr25_Nc25_Nest0.6_Conn0.3712.txt matrices/Nr25_Nc25/syntrophy/optimized_alpha=0.005_gamma=0.5/Metamatrices 0.3712 0.595085995085995 1 1 fully_connected 0.0052 100000 0.06844 0.06783 0.00061 0 -5.36918569915881e-06
matrices/Nr25_Nc25/consumption/RandTrix_Nr25_Nc25_Nest0.45_Conn0.2672.txt matrices/Nr25_Nc25/syntrophy/optimized_alpha=0.005_gamma=0.5/Metamatrices 0.2672 0.446518305814788 0 -nan optimized_matrix 0 100000 0.25585 0.25584 0 1e-05 -3.51299554276003e-06
matrices/Nr25_Nc25/consumption/RandTrix_Nr25_Nc25_Nest0.1_Conn0.1296.txt matrices/Nr25_Nc25/syntrophy/optimized_alpha=0.005_gamma=0.5/Metamatrices 0.1296 0.10479375696767 1 1 fully_connected 0.0078 100000 0.22325 0.22147 0.00178 0 -2.20002257443833e-05
matrices/Nr25_Nc25/consumption/RandTrix_Nr25_Nc25_Nest0.6_Conn0.44.txt matrices/Nr25_Nc25/syntrophy/optimized_alpha=0.005_gamma=0.5/Metamatrices 0.44 0.6 1 1 fully_connected 0.0052 100000 0.09749 0.09702 0.00047 0 -1.72875583887843e-05
# File last opened on Thu Apr  4 08:12:45 2024
# We are writing, in that order, G-matrix location, A-matrix location, G connectance, G nestedness, A connectance, A nestedness, A-mode, alpha0 value, total number of simulations, proportion of feasible, stable, unstable, marginal and dominant eigenvalue
matrices/Nr25_Nc25/consumption/RandTrix_Nr25_Nc25_Nest0.25_Conn0.0832.txt matrices/Nr25_Nc25/syntrophy/optimized_alpha=0.005_gamma=0.5/Metamatrices 0.0832 0.25 1 1 fully_connected 0.0078 100000 0.01 0.01 0 0 -0.00113573384984645
matrices/Nr25_Nc25/consumption/RandTrix_Nr25_Nc25_Nest0.15_Conn0.08.txt matrices/Nr25_Nc25/syntrophy/optimized_alpha=0.005_gamma=0.5/Metamatrices 0.0816 0.15 1 1 fully_connected 0.0104 100000 0 0 0 0 -nan
matrices/Nr25_Nc25/consumption/RandTrix_Nr25_Nc25_Nest0.15_Conn0.12.txt matrices/Nr25_Nc25/syntrophy/optimized_alpha=0.005_gamma=0.5/Metamatrices 0.12 0.151419558359621 1 1 fully_connected 0.0104 100000 1e-05 1e-05 0 0 -5.53024692508371e-05
matrices/Nr25_Nc25/consumption/RandTrix_Nr25_Nc25_Nest0.25_Conn0.1392.txt matrices/Nr25_Nc25/syntrophy/optimized_alpha=0.005_gamma=0.5/Metamatrices 0.1392 0.25 1 1 fully_connected 0.0078 100000 0.01302 0.01302 0 0 -0.000107877381835756
matrices/Nr25_Nc25/consumption/RandTrix_Nr25_Nc25_Nest0.25_Conn0.184.txt matrices/Nr25_Nc25/syntrophy/optimized_alpha=0.005_gamma=0.5/Metamatrices 0.184 0.245901639344262 1 1 fully_connected 0.0078 100000 0.0246 0.02441 0.00019 0 -9.40379129951634e-06
matrices/Nr25_Nc25/consumption/RandTrix_Nr25_Nc25_Nest0.45_Conn0.3168.txt matrices/Nr25_Nc25/syntrophy/optimized_alpha=0.005_gamma=0.5/Metamatrices 0.3168 0.445459430413756 0 -nan optimized_matrix 0 100000 0.22859 0.22859 0 0 -5.94005603714604e-06
matrices/Nr25_Nc25/consumption/RandTrix_Nr25_Nc25_Nest0.25_Conn0.2336.txt matrices/Nr25_Nc25/syntrophy/optimized_alpha=0.005_gamma=0.5/Metamatrices 0.2336 0.252631578947368 1 1 fully_connected 0.0078 100000 0.14946 0.14946 0 0 -0.000112958594766889
matrices/Nr25_Nc25/consumption/RandTrix_Nr25_Nc25_Nest0.2_Conn0.0896.txt matrices/Nr25_Nc25/syntrophy/optimized_alpha=0.005_gamma=0.5/Metamatrices 0.0896 0.2 1 1 fully_connected 0.0078 100000 0.01033 0.01033 0 0 -0.000106615294753457
matrices/Nr25_Nc25/consumption/RandTrix_Nr25_Nc25_Nest0.2_Conn0.1328.txt matrices/Nr25_Nc25/syntrophy/optimized_alpha=0.005_gamma=0.5/Metamatrices 0.1328 0.2 1 1 fully_connected 0.0078 100000 0.02088 0.02088 0 0 -1.16811748214928e-05
matrices/Nr25_Nc25/consumption/RandTrix_Nr25_Nc25_Nest0.15_Conn0.1808.txt matrices/Nr25_Nc25/syntrophy/optimized_alpha=0.005_gamma=0.5/Metamatrices 0.1808 0.158059467918623 1 1 fully_connected 0.0104 100000 0.24507 0.24506 1e-05 0 -0.000122093886490146
matrices/Nr25_Nc25/consumption/RandTrix_Nr25_Nc25_Nest0.1_Conn0.0816.txt matrices/Nr25_Nc25/syntrophy/optimized_alpha=0.005_gamma=0.5/Metamatrices 0.0816 0.1 1 1 fully_connected 0.0104 100000 0 0 0 0 -nan
matrices/Nr25_Nc25/consumption/RandTrix_Nr25_Nc25_Nest0.45_Conn0.384.txt matrices/Nr25_Nc25/syntrophy/optimized_alpha=0.005_gamma=0.5/Metamatrices 0.384 0.452352708580467 0 -nan optimized_matrix 0 100000 0.22358 0.22358 0 0 -2.19015648824831e-05
matrices/Nr25_Nc25/consumption/RandTrix_Nr25_Nc25_Nest0.2_Conn0.168.txt matrices/Nr25_Nc25/syntrophy/optimized_alpha=0.005_gamma=0.5/Metamatrices 0.168 0.202270381836945 1 1 fully_connected 0.0078 100000 0.0209 0.0209 0 0 -3.55520521108063e-05
matrices/Nr25_Nc25/consumption/RandTrix_Nr25_Nc25_Nest0.35_Conn0.08.txt matrices/Nr25_Nc25/syntrophy/optimized_alpha=0.005_gamma=0.5/Metamatrices 0.08 0.35 1 1 fully_connected 0.0078 100000 0.00627 0.00627 0 0 -0.000391880249193757
matrices/Nr25_Nc25/consumption/RandTrix_Nr25_Nc25_Nest0.35_Conn0.1328.txt matrices/Nr25_Nc25/syntrophy/optimized_alpha=0.005_gamma=0.5/Metamatrices 0.1328 0.35 1 1 fully_connected 0.0078 100000 0.00715 0.00715 0 0 -3.51778329651116e-05
matrices/Nr25_Nc25/consumption/RandTrix_Nr25_Nc25_Nest0.35_Conn0.1712.txt matrices/Nr25_Nc25/syntrophy/optimized_alpha=0.005_gamma=0.5/Metamatrices 0.1712 0.35 1 1 fully_connected 0.0078 100000 0.01026 0.01026 0 0 -5.52744360314279e-06
matrices/Nr25_Nc25/consumption/RandTrix_Nr25_Nc25_Nest0.1_Conn0.1296.txt matrices/Nr25_Nc25/syntrophy/optimized_alpha=0.005_gamma=0.5/Metamatrices 0.1296 0.10479375696767 1 1 fully_connected 0.0104 100000 0.15545 0.15397 0.00148 0 -2.50060791279919e-05
matrices/Nr25_Nc25/consumption/RandTrix_Nr25_Nc25_Nest0.25_Conn0.0832.txt matrices/Nr25_Nc25/syntrophy/optimized_alpha=0.005_gamma=0.5/Metamatrices 0.0832 0.25 1 1 fully_connected 0.0104 100000 0 0 0 0 -nan
matrices/Nr25_Nc25/consumption/RandTrix_Nr25_Nc25_Nest0.25_Conn0.1392.txt matrices/Nr25_Nc25/syntrophy/optimized_alpha=0.005_gamma=0.5/Metamatrices 0.1392 0.25 1 1 fully_connected 0.0104 100000 0 0 0 0 -nan
matrices/Nr25_Nc25/consumption/RandTrix_Nr25_Nc25_Nest0.35_Conn0.2208.txt matrices/Nr25_Nc25/syntrophy/optimized_alpha=0.005_gamma=0.5/Metamatrices 0.2208 0.347043701799486 1 1 fully_connected 0.0078 100000 0.0704 0.06853 0.00187 0 -3.76240190030786e-06
matrices/Nr25_Nc25/consumption/RandTrix_Nr25_Nc25_Nest0.45_Conn0.424.txt matrices/Nr25_Nc25/syntrophy/optimized_alpha=0.005_gamma=0.5/Metamatrices 0.424 0.454737583656217 0 -nan optimized_matrix 0 100000 0.24896 0.24896 0 0 -2.32934815990238e-05
matrices/Nr25_Nc25/consumption/RandTrix_Nr25_Nc25_Nest0.25_Conn0.184.txt matrices/Nr25_Nc25/syntrophy/optimized_alpha=0.005_gamma=0.5/Metamatrices 0.184 0.245901639344262 1 1 fully_connected 0.0104 100000 0.00157 0.00157 0 0 -9.37341164323646e-06
matrices/Nr25_Nc25/consumption/RandTrix_Nr25_Nc25_Nest0.35_Conn0.272.txt matrices/Nr25_Nc25/syntrophy/optimized_alpha=0.005_gamma=0.5/Metamatrices 0.272 0.346769413159455 1 1 fully_connected 0.0078 100000 0.13302 0.13302 0 0 -6.46681226992487e-05
matrices/Nr25_Nc25/consumption/RandTrix_Nr25_Nc25_Nest0.25_Conn0.2336.txt matrices/Nr25_Nc25/syntrophy/optimized_alpha=0.005_gamma=0.5/Metamatrices 0.2336 0.252631578947368 1 1 fully_connected 0.0104 100000 0.11786 0.11786 0 0 -0.00012821602774949
matrices/Nr25_Nc25/consumption/RandTrix_Nr25_Nc25_Nest0.2_Conn0.0896.txt matrices/Nr25_Nc25/syntrophy/optimized_alpha=0.005_gamma=0.5/Metamatrices 0.0896 0.2 1 1 fully_connected 0.0104 100000 0 0 0 0 -nan
matrices/Nr25_Nc25/consumption/RandTrix_Nr25_Nc25_Nest0.4_Conn0.0784.txt matrices/Nr25_Nc25/syntrophy/optimized_alpha=0.005_gamma=0.5/Metamatrices 0.0784 0.4 0 -nan optimized_matrix 0 100000 0.1919 0.1919 0 0 -8.92257773084061e-05
matrices/Nr25_Nc25/consumption/RandTrix_Nr25_Nc25_Nest0.2_Conn0.1328.txt matrices/Nr25_Nc25/syntrophy/optimized_alpha=0.005_gamma=0.5/Metamatrices 0.1328 0.2 1 1 fully_connected 0.0104 100000 1e-05 1e-05 0 0 -6.99402638785027e-06
matrices/Nr25_Nc25/consumption/RandTrix_Nr25_Nc25_Nest0.2_Conn0.168.txt matrices/Nr25_Nc25/syntrophy/optimized_alpha=0.005_gamma=0.5/Metamatrices 0.168 0.202270381836945 1 1 fully_connected 0.0104 100000 7e-05 7e-05 0 0 -4.00531783460304e-05
matrices/Nr25_Nc25/consumption/RandTrix_Nr25_Nc25_Nest0.35_Conn0.08.txt matrices/Nr25_Nc25/syntrophy/optimized_alpha=0.005_gamma=0.5/Metamatrices 0.08 0.35 1 1 fully_connected 0.0104 100000 0 0 0 0 -nan
matrices/Nr25_Nc25/consumption/RandTrix_Nr25_Nc25_Nest0.35_Conn0.1328.txt matrices/Nr25_Nc25/syntrophy/optimized_alpha=0.005_gamma=0.5/Metamatrices 0.1328 0.35 1 1 fully_connected 0.0104 100000 1e-05 1e-05 0 0 -4.14742675113129e-05
matrices/Nr25_Nc25/consumption/RandTrix_Nr25_Nc25_Nest0.35_Conn0.3216.txt matrices/Nr25_Nc25/syntrophy/optimized_alpha=0.005_gamma=0.5/Metamatrices 0.3216 0.354089219330855 1 1 fully_connected 0.0078 100000 0.15195 0.15136 0.00059 0 -1.75758044675373e-05
matrices/Nr25_Nc25/consumption/RandTrix_Nr25_Nc25_Nest0.35_Conn0.1712.txt matrices/Nr25_Nc25/syntrophy/optimized_alpha=0.005_gamma=0.5/Metamatrices 0.1712 0.35 1 1 fully_connected 0.0104 100000 0.00013 0.00013 0 0 -7.08614046108078e-06
matrices/Nr25_Nc25/consumption/RandTrix_Nr25_Nc25_Nest0.3_Conn0.0816.txt matrices/Nr25_Nc25/syntrophy/optimized_alpha=0.005_gamma=0.5/Metamatrices 0.0816 0.297435897435897 1 1 fully_connected 0.0078 100000 0.0076 0.0076 0 0 -0.000597575891947832
matrices/Nr25_Nc25/consumption/RandTrix_Nr25_Nc25_Nest0.3_Conn0.128.txt matrices/Nr25_Nc25/syntrophy/optimized_alpha=0.005_gamma=0.5/Metamatrices 0.128 0.3 1 1 fully_connected 0.0078 100000 0.00916 0.00916 0 0 -5.41033208051258e-05
matrices/Nr25_Nc25/consumption/RandTrix_Nr25_Nc25_Nest0.35_Conn0.2208.txt matrices/Nr25_Nc25/syntrophy/optimized_alpha=0.005_gamma=0.5/Metamatrices 0.2208 0.347043701799486 1 1 fully_connected 0.0104 100000 0.0475 0.04597 0.00153 0 -4.36103616763615e-06
matrices/Nr25_Nc25/consumption/RandTrix_Nr25_Nc25_Nest0.3_Conn0.1776.txt matrices/Nr25_Nc25/syntrophy/optimized_alpha=0.005_gamma=0.5/Metamatrices 0.1776 0.3 1 1 fully_connected 0.0078 100000 0.02039 0.02039 0 0 -0.000108189995650702
matrices/Nr25_Nc25/consumption/RandTrix_Nr25_Nc25_Nest0.4_Conn0.1232.txt matrices/Nr25_Nc25/syntrophy/optimized_alpha=0.005_gamma=0.5/Metamatrices 0.1232 0.399558498896247 0 -nan optimized_matrix 0 100000 0.2765 0.2765 0 0 -9.73307146916051e-05
matrices/Nr25_Nc25/consumption/RandTrix_Nr25_Nc25_Nest0.35_Conn0.272.txt matrices/Nr25_Nc25/syntrophy/optimized_alpha=0.005_gamma=0.5/Metamatrices 0.272 0.346769413159455 1 1 fully_connected 0.0104 100000 0.10929 0.10929 0 0 -7.30115629467144e-05
matrices/Nr25_Nc25/consumption/RandTrix_Nr25_Nc25_Nest0.3_Conn0.2272.txt matrices/Nr25_Nc25/syntrophy/optimized_alpha=0.005_gamma=0.5/Metamatrices 0.2272 0.297439759036145 1 1 fully_connected 0.0078 100000 0.08777 0.08777 0 0 -7.53655989052648e-05
matrices/Nr25_Nc25/consumption/RandTrix_Nr25_Nc25_Nest0.35_Conn0.3216.txt matrices/Nr25_Nc25/syntrophy/optimized_alpha=0.005_gamma=0.5/Metamatrices 0.3216 0.354089219330855 1 1 fully_connected 0.0104 100000 0.12916 0.1286 0.00056 0 -1.96898398767643e-05
matrices/Nr25_Nc25/consumption/RandTrix_Nr25_Nc25_Nest0.4_Conn0.2032.txt matrices/Nr25_Nc25/syntrophy/optimized_alpha=0.005_gamma=0.5/Metamatrices 0.2032 0.4 0 -nan optimized_matrix 0 100000 0.21852 0.21852 0 0 -9.07850762014298e-06
matrices/Nr25_Nc25/consumption/RandTrix_Nr25_Nc25_Nest0.3_Conn0.0816.txt matrices/Nr25_Nc25/syntrophy/optimized_alpha=0.005_gamma=0.5/Metamatrices 0.0816 0.297435897435897 1 1 fully_connected 0.0104 100000 0 0 0 0 -nan
matrices/Nr25_Nc25/consumption/RandTrix_Nr25_Nc25_Nest0.3_Conn0.128.txt matrices/Nr25_Nc25/syntrophy/optimized_alpha=0.005_gamma=0.5/Metamatrices 0.128 0.3 1 1 fully_connected 0.0104 100000 2e-05 2e-05 0 0 -5.21369465898247e-05
matrices/Nr25_Nc25/consumption/RandTrix_Nr25_Nc25_Nest0.3_Conn0.2816.txt matrices/Nr25_Nc25/syntrophy/optimized_alpha=0.005_gamma=0.5/Metamatrices 0.2816 0.302762430939227 1 1 fully_connected 0.0078 100000 0.14025 0.13989 0.00036 0 -2.49151066939432e-05
matrices/Nr25_Nc25/consumption/RandTrix_Nr25_Nc25_Nest0.3_Conn0.1776.txt matrices/Nr25_Nc25/syntrophy/optimized_alpha=0.005_gamma=0.5/Metamatrices 0.1776 0.3 1 1 fully_connected 0.0104 100000 0.00042 0.00042 0 0 -0.000134649629606097
matrices/Nr25_Nc25/consumption/RandTrix_Nr25_Nc25_Nest0.45_Conn0.0816.txt matrices/Nr25_Nc25/syntrophy/optimized_alpha=0.005_gamma=0.5/Metamatrices 0.0816 0.452 1 1 fully_connected 0.0078 100000 0.0058 0.0058 0 0 -0.000314692759686042
matrices/Nr25_Nc25/consumption/RandTrix_Nr25_Nc25_Nest0.45_Conn0.1232.txt matrices/Nr25_Nc25/syntrophy/optimized_alpha=0.005_gamma=0.5/Metamatrices 0.1232 0.45 1 1 fully_connected 0.0078 100000 0.00622 0.00622 0 0 -9.56465236430917e-05
matrices/Nr25_Nc25/consumption/RandTrix_Nr25_Nc25_Nest0.45_Conn0.1856.txt matrices/Nr25_Nc25/syntrophy/optimized_alpha=0.005_gamma=0.5/Metamatrices 0.1856 0.449874686716792 1 1 fully_connected 0.0078 100000 0.01046 0.01046 0 0 -6.41093436622744e-05
matrices/Nr25_Nc25/consumption/RandTrix_Nr25_Nc25_Nest0.3_Conn0.2272.txt matrices/Nr25_Nc25/syntrophy/optimized_alpha=0.005_gamma=0.5/Metamatrices 0.2272 0.297439759036145 1 1 fully_connected 0.0104 100000 0.05921 0.0592 1e-05 0 -8.67087224719195e-05
matrices/Nr25_Nc25/consumption/RandTrix_Nr25_Nc25_Nest0.45_Conn0.216.txt matrices/Nr25_Nc25/syntrophy/optimized_alpha=0.005_gamma=0.5/Metamatrices 0.216 0.45 1 1 fully_connected 0.0078 100000 0.00948 0.00948 0 0 -1.75354974956297e-05
matrices/Nr25_Nc25/consumption/RandTrix_Nr25_Nc25_Nest0.4_Conn0.2288.txt matrices/Nr25_Nc25/syntrophy/optimized_alpha=0.005_gamma=0.5/Metamatrices 0.2288 0.4 0 -nan optimized_matrix 0 100000 0.24404 0.24404 0 0 -1.11906611527097e-06
matrices/Nr25_Nc25/consumption/RandTrix_Nr25_Nc25_Nest0.45_Conn0.2672.txt matrices/Nr25_Nc25/syntrophy/optimized_alpha=0.005_gamma=0.5/Metamatrices 0.2672 0.446518305814788 1 1 fully_connected 0.0078 100000 0.01672 0.01655 0.00017 0 -1.1783384915518e-05
matrices/Nr25_Nc25/consumption/RandTrix_Nr25_Nc25_Nest0.3_Conn0.2816.txt matrices/Nr25_Nc25/syntrophy/optimized_alpha=0.005_gamma=0.5/Metamatrices 0.2816 0.302762430939227 1 1 fully_connected 0.0104 100000 0.11064 0.11023 0.00041 0 -2.82429571571715e-05
matrices/Nr25_Nc25/consumption/RandTrix_Nr25_Nc25_Nest0.45_Conn0.3168.txt matrices/Nr25_Nc25/syntrophy/optimized_alpha=0.005_gamma=0.5/Metamatrices 0.3168 0.445459430413756 1 1 fully_connected 0.0078 100000 0.08371 0.08336 0.00035 0 -1.26847564894479e-05
matrices/Nr25_Nc25/consumption/RandTrix_Nr25_Nc25_Nest0.45_Conn0.0816.txt matrices/Nr25_Nc25/syntrophy/optimized_alpha=0.005_gamma=0.5/Metamatrices 0.0816 0.452 1 1 fully_connected 0.0104 100000 1e-05 1e-05 0 0 -0.000172761342886591
matrices/Nr25_Nc25/consumption/RandTrix_Nr25_Nc25_Nest0.45_Conn0.1232.txt matrices/Nr25_Nc25/syntrophy/optimized_alpha=0.005_gamma=0.5/Metamatrices 0.1232 0.45 1 1 fully_connected 0.0104 100000 3e-05 3e-05 0 0 -0.000131055698958657
matrices/Nr25_Nc25/consumption/RandTrix_Nr25_Nc25_Nest0.45_Conn0.1856.txt matrices/Nr25_Nc25/syntrophy/optimized_alpha=0.005_gamma=0.5/Metamatrices 0.1856 0.449874686716792 1 1 fully_connected 0.0104 100000 2e-05 2e-05 0 0 -9.09713919530842e-05
matrices/Nr25_Nc25/consumption/RandTrix_Nr25_Nc25_Nest0.45_Conn0.216.txt matrices/Nr25_Nc25/syntrophy/optimized_alpha=0.005_gamma=0.5/Metamatrices 0.216 0.45 1 1 fully_connected 0.0104 100000 0.00021 0.00021 0 0 -1.92250124052751e-05
matrices/Nr25_Nc25/consumption/RandTrix_Nr25_Nc25_Nest0.45_Conn0.2672.txt matrices/Nr25_Nc25/syntrophy/optimized_alpha=0.005_gamma=0.5/Metamatrices 0.2672 0.446518305814788 1 1 fully_connected 0.0104 100000 0.00098 0.00097 1e-05 0 -1.51809521162795e-05
matrices/Nr25_Nc25/consumption/RandTrix_Nr25_Nc25_Nest0.45_Conn0.384.txt matrices/Nr25_Nc25/syntrophy/optimized_alpha=0.005_gamma=0.5/Metamatrices 0.384 0.452352708580467 1 1 fully_connected 0.0078 100000 0.12963 0.12958 5e-05 0 -3.65004753769379e-05
matrices/Nr25_Nc25/consumption/RandTrix_Nr25_Nc25_Nest0.4_Conn0.272.txt matrices/Nr25_Nc25/syntrophy/optimized_alpha=0.005_gamma=0.5/Metamatrices 0.272 0.397260273972603 0 -nan optimized_matrix 0 100000 0.25579 0.25579 0 0 -1.10929637728018e-05
matrices/Nr25_Nc25/consumption/RandTrix_Nr25_Nc25_Nest0.45_Conn0.3168.txt matrices/Nr25_Nc25/syntrophy/optimized_alpha=0.005_gamma=0.5/Metamatrices 0.3168 0.445459430413756 1 1 fully_connected 0.0104 100000 0.06469 0.06431 0.00038 0 -1.45736329271382e-05
matrices/Nr25_Nc25/consumption/RandTrix_Nr25_Nc25_Nest0.45_Conn0.384.txt matrices/Nr25_Nc25/syntrophy/optimized_alpha=0.005_gamma=0.5/Metamatrices 0.384 0.452352708580467 1 1 fully_connected 0.0104 100000 0.10968 0.10963 5e-05 0 -4.09119973331635e-05
matrices/Nr25_Nc25/consumption/RandTrix_Nr25_Nc25_Nest0.45_Conn0.424.txt matrices/Nr25_Nc25/syntrophy/optimized_alpha=0.005_gamma=0.5/Metamatrices 0.424 0.454737583656217 1 1 fully_connected 0.0078 100000 0.13819 0.13812 7e-05 0 -4.027624770718e-05
matrices/Nr25_Nc25/consumption/RandTrix_Nr25_Nc25_Nest0.4_Conn0.0784.txt matrices/Nr25_Nc25/syntrophy/optimized_alpha=0.005_gamma=0.5/Metamatrices 0.0784 0.4 1 1 fully_connected 0.0078 100000 0.00582 0.00582 0 0 -0.00036981727308929
matrices/Nr25_Nc25/consumption/RandTrix_Nr25_Nc25_Nest0.4_Conn0.3312.txt matrices/Nr25_Nc25/syntrophy/optimized_alpha=0.005_gamma=0.5/Metamatrices 0.3312 0.396235521235521 0 -nan optimized_matrix 0 100000 0.24433 0.24433 0 0 -6.43390151611763e-06
matrices/Nr25_Nc25/consumption/RandTrix_Nr25_Nc25_Nest0.4_Conn0.1232.txt matrices/Nr25_Nc25/syntrophy/optimized_alpha=0.005_gamma=0.5/Metamatrices 0.1232 0.399558498896247 1 1 fully_connected 0.0078 100000 0.00868 0.00868 0 0 -0.000385990279806538
matrices/Nr25_Nc25/consumption/RandTrix_Nr25_Nc25_Nest0.45_Conn0.424.txt matrices/Nr25_Nc25/syntrophy/optimized_alpha=0.005_gamma=0.5/Metamatrices 0.424 0.454737583656217 1 1 fully_connected 0.0104 100000 0.11655 0.11646 9e-05 0 -4.54356009987594e-05
matrices/Nr25_Nc25/consumption/RandTrix_Nr25_Nc25_Nest0.4_Conn0.2032.txt matrices/Nr25_Nc25/syntrophy/optimized_alpha=0.005_gamma=0.5/Metamatrices 0.2032 0.4 1 1 fully_connected 0.0078 100000 0.05108 0.05108 0 0 -2.61188353316893e-05
matrices/Nr25_Nc25/consumption/RandTrix_Nr25_Nc25_Nest0.4_Conn0.0784.txt matrices/Nr25_Nc25/syntrophy/optimized_alpha=0.005_gamma=0.5/Metamatrices 0.0784 0.4 1 1 fully_connected 0.0104 100000 0 0 0 0 -nan
matrices/Nr25_Nc25/consumption/RandTrix_Nr25_Nc25_Nest0.4_Conn0.1232.txt matrices/Nr25_Nc25/syntrophy/optimized_alpha=0.005_gamma=0.5/Metamatrices 0.1232 0.399558498896247 1 1 fully_connected 0.0104 100000 0 0 0 0 -nan
matrices/Nr25_Nc25/consumption/RandTrix_Nr25_Nc25_Nest0.4_Conn0.2288.txt matrices/Nr25_Nc25/syntrophy/optimized_alpha=0.005_gamma=0.5/Metamatrices 0.2288 0.4 1 1 fully_connected 0.0078 100000 0.01286 0.01274 0.00012 0 -4.25880649015795e-06
matrices/Nr25_Nc25/consumption/RandTrix_Nr25_Nc25_Nest0.4_Conn0.2032.txt matrices/Nr25_Nc25/syntrophy/optimized_alpha=0.005_gamma=0.5/Metamatrices 0.2032 0.4 1 1 fully_connected 0.0104 100000 0.0337 0.0337 0 0 -3.0758577507069e-05
matrices/Nr25_Nc25/consumption/RandTrix_Nr25_Nc25_Nest0.4_Conn0.272.txt matrices/Nr25_Nc25/syntrophy/optimized_alpha=0.005_gamma=0.5/Metamatrices 0.272 0.397260273972603 1 1 fully_connected 0.0078 100000 0.01735 0.01733 2e-05 0 -3.90969196012148e-05
matrices/Nr25_Nc25/consumption/RandTrix_Nr25_Nc25_Nest0.4_Conn0.2288.txt matrices/Nr25_Nc25/syntrophy/optimized_alpha=0.005_gamma=0.5/Metamatrices 0.2288 0.4 1 1 fully_connected 0.0104 100000 0.0003 0.0003 0 0 -6.20593443318001e-06
matrices/Nr25_Nc25/consumption/RandTrix_Nr25_Nc25_Nest0.4_Conn0.272.txt matrices/Nr25_Nc25/syntrophy/optimized_alpha=0.005_gamma=0.5/Metamatrices 0.272 0.397260273972603 1 1 fully_connected 0.0104 100000 0.00109 0.00109 0 0 -4.60860257717158e-05
matrices/Nr25_Nc25/consumption/RandTrix_Nr25_Nc25_Nest0.4_Conn0.3712.txt matrices/Nr25_Nc25/syntrophy/optimized_alpha=0.005_gamma=0.5/Metamatrices 0.3712 0.40494527766518 0 -nan optimized_matrix 0 100000 0.25523 0.25523 0 0 -3.43992092901479e-05
matrices/Nr25_Nc25/consumption/RandTrix_Nr25_Nc25_Nest0.4_Conn0.3312.txt matrices/Nr25_Nc25/syntrophy/optimized_alpha=0.005_gamma=0.5/Metamatrices 0.3312 0.396235521235521 1 1 fully_connected 0.0078 100000 0.09366 0.09323 0.00043 0 -1.42245399584739e-05
matrices/Nr25_Nc25/consumption/RandTrix_Nr25_Nc25_Nest0.4_Conn0.3312.txt matrices/Nr25_Nc25/syntrophy/optimized_alpha=0.005_gamma=0.5/Metamatrices 0.3312 0.396235521235521 1 1 fully_connected 0.0104 100000 0.07333 0.07295 0.00038 0 -1.61942081981998e-05
matrices/Nr25_Nc25/consumption/RandTrix_Nr25_Nc25_Nest0.55_Conn0.0992.txt matrices/Nr25_Nc25/syntrophy/optimized_alpha=0.005_gamma=0.5/Metamatrices 0.0992 0.548109965635739 0 -nan optimized_matrix 0 100000 0.16462 0.16462 0 0 -6.3243912504005e-05
matrices/Nr25_Nc25/consumption/RandTrix_Nr25_Nc25_Nest0.4_Conn0.3712.txt matrices/Nr25_Nc25/syntrophy/optimized_alpha=0.005_gamma=0.5/Metamatrices 0.3712 0.40494527766518 1 1 fully_connected 0.0078 100000 0.15582 0.15581 1e-05 0 -5.41590084351448e-05
matrices/Nr25_Nc25/consumption/RandTrix_Nr25_Nc25_Nest0.4_Conn0.3712.txt matrices/Nr25_Nc25/syntrophy/optimized_alpha=0.005_gamma=0.5/Metamatrices 0.3712 0.40494527766518 1 1 fully_connected 0.0104 100000 0.13439 0.13439 0 0 -6.03250411358108e-05
matrices/Nr25_Nc25/consumption/RandTrix_Nr25_Nc25_Nest0.55_Conn0.0992.txt matrices/Nr25_Nc25/syntrophy/optimized_alpha=0.005_gamma=0.5/Metamatrices 0.0992 0.548109965635739 1 1 fully_connected 0.0078 100000 0.00567 0.00567 0 0 -0.000269469337651501
matrices/Nr25_Nc25/consumption/RandTrix_Nr25_Nc25_Nest0.55_Conn0.0992.txt matrices/Nr25_Nc25/syntrophy/optimized_alpha=0.005_gamma=0.5/Metamatrices 0.0992 0.548109965635739 1 1 fully_connected 0.0104 100000 0 0 0 0 -nan
matrices/Nr25_Nc25/consumption/RandTrix_Nr25_Nc25_Nest0.55_Conn0.1248.txt matrices/Nr25_Nc25/syntrophy/optimized_alpha=0.005_gamma=0.5/Metamatrices 0.1248 0.55 1 1 fully_connected 0.0078 100000 0.00546 0.00546 0 0 -0.000123114129572337
matrices/Nr25_Nc25/consumption/RandTrix_Nr25_Nc25_Nest0.55_Conn0.1248.txt matrices/Nr25_Nc25/syntrophy/optimized_alpha=0.005_gamma=0.5/Metamatrices 0.1248 0.55 1 1 fully_connected 0.0104 100000 0 0 0 0 -nan
matrices/Nr25_Nc25/consumption/RandTrix_Nr25_Nc25_Nest0.55_Conn0.184.txt matrices/Nr25_Nc25/syntrophy/optimized_alpha=0.005_gamma=0.5/Metamatrices 0.184 0.55019556714472 1 1 fully_connected 0.0104 100000 0 0 0 0 -nan
matrices/Nr25_Nc25/consumption/RandTrix_Nr25_Nc25_Nest0.55_Conn0.184.txt matrices/Nr25_Nc25/syntrophy/optimized_alpha=0.005_gamma=0.5/Metamatrices 0.184 0.55019556714472 1 1 fully_connected 0.0078 100000 0.00677 0.00677 0 0 -3.88661201009355e-05
matrices/Nr25_Nc25/consumption/RandTrix_Nr25_Nc25_Nest0.55_Conn0.2304.txt matrices/Nr25_Nc25/syntrophy/optimized_alpha=0.005_gamma=0.5/Metamatrices 0.2304 0.55 1 1 fully_connected 0.0104 100000 0 0 0 0 -nan
matrices/Nr25_Nc25/consumption/RandTrix_Nr25_Nc25_Nest0.55_Conn0.1248.txt matrices/Nr25_Nc25/syntrophy/optimized_alpha=0.005_gamma=0.5/Metamatrices 0.1248 0.55 0 -nan optimized_matrix 0 100000 0.17062 0.17062 0 0 -2.84914063227717e-05
matrices/Nr25_Nc25/consumption/RandTrix_Nr25_Nc25_Nest0.55_Conn0.2304.txt matrices/Nr25_Nc25/syntrophy/optimized_alpha=0.005_gamma=0.5/Metamatrices 0.2304 0.55 1 1 fully_connected 0.0078 100000 0.00771 0.00771 0 0 -1.38887153226556e-05
matrices/Nr25_Nc25/consumption/RandTrix_Nr25_Nc25_Nest0.55_Conn0.3024.txt matrices/Nr25_Nc25/syntrophy/optimized_alpha=0.005_gamma=0.5/Metamatrices 0.3024 0.550095724313976 1 1 fully_connected 0.0104 100000 0.0008 0.00079 1e-05 0 -9.39153331068094e-06
matrices/Nr25_Nc25/consumption/RandTrix_Nr25_Nc25_Nest0.55_Conn0.3024.txt matrices/Nr25_Nc25/syntrophy/optimized_alpha=0.005_gamma=0.5/Metamatrices 0.3024 0.550095724313976 1 1 fully_connected 0.0078 100000 0.01185 0.01173 0.00012 0 -8.91238911228323e-06
matrices/Nr25_Nc25/consumption/RandTrix_Nr25_Nc25_Nest0.55_Conn0.3344.txt matrices/Nr25_Nc25/syntrophy/optimized_alpha=0.005_gamma=0.5/Metamatrices 0.3344 0.547425474254743 1 1 fully_connected 0.0104 100000 0.03276 0.03261 0.00015 0 -2.5434309710162e-05
matrices/Nr25_Nc25/consumption/RandTrix_Nr25_Nc25_Nest0.55_Conn0.3344.txt matrices/Nr25_Nc25/syntrophy/optimized_alpha=0.005_gamma=0.5/Metamatrices 0.3344 0.547425474254743 1 1 fully_connected 0.0078 100000 0.04904 0.04884 0.0002 0 -2.20042369050925e-05
matrices/Nr25_Nc25/consumption/RandTrix_Nr25_Nc25_Nest0.55_Conn0.3824.txt matrices/Nr25_Nc25/syntrophy/optimized_alpha=0.005_gamma=0.5/Metamatrices 0.3824 0.547794117647059 1 1 fully_connected 0.0104 100000 0.03484 0.03364 0.0012 0 -4.2174693153022e-06
matrices/Nr25_Nc25/consumption/RandTrix_Nr25_Nc25_Nest0.55_Conn0.184.txt matrices/Nr25_Nc25/syntrophy/optimized_alpha=0.005_gamma=0.5/Metamatrices 0.184 0.55019556714472 0 -nan optimized_matrix 0 100000 0.21154 0.21154 0 0 -9.66589316906088e-06
matrices/Nr25_Nc25/consumption/RandTrix_Nr25_Nc25_Nest0.55_Conn0.3824.txt matrices/Nr25_Nc25/syntrophy/optimized_alpha=0.005_gamma=0.5/Metamatrices 0.3824 0.547794117647059 1 1 fully_connected 0.0078 100000 0.05142 0.04965 0.00177 0 -3.68139356772099e-06
matrices/Nr25_Nc25/consumption/RandTrix_Nr25_Nc25_Nest0.55_Conn0.4176.txt matrices/Nr25_Nc25/syntrophy/optimized_alpha=0.005_gamma=0.5/Metamatrices 0.4176 0.546571541815299 1 1 fully_connected 0.0104 100000 0.0899 0.07761 0.01229 0 -6.211193160989e-06
matrices/Nr25_Nc25/consumption/RandTrix_Nr25_Nc25_Nest0.5_Conn0.0912.txt matrices/Nr25_Nc25/syntrophy/optimized_alpha=0.005_gamma=0.5/Metamatrices 0.0912 0.50278293135436 1 1 fully_connected 0.0104 100000 2e-05 2e-05 0 0 -0.000248266351721619
matrices/Nr25_Nc25/consumption/RandTrix_Nr25_Nc25_Nest0.5_Conn0.1248.txt matrices/Nr25_Nc25/syntrophy/optimized_alpha=0.005_gamma=0.5/Metamatrices 0.1248 0.5 1 1 fully_connected 0.0104 100000 0 0 0 0 -nan
matrices/Nr25_Nc25/consumption/RandTrix_Nr25_Nc25_Nest0.55_Conn0.4176.txt matrices/Nr25_Nc25/syntrophy/optimized_alpha=0.005_gamma=0.5/Metamatrices 0.4176 0.546571541815299 1 1 fully_connected 0.0078 100000 0.1076 0.09417 0.01343 0 -5.45978899246279e-06
matrices/Nr25_Nc25/consumption/RandTrix_Nr25_Nc25_Nest0.5_Conn0.1744.txt matrices/Nr25_Nc25/syntrophy/optimized_alpha=0.005_gamma=0.5/Metamatrices 0.1744 0.5 1 1 fully_connected 0.0104 100000 0 0 0 0 -nan
matrices/Nr25_Nc25/consumption/RandTrix_Nr25_Nc25_Nest0.5_Conn0.0912.txt matrices/Nr25_Nc25/syntrophy/optimized_alpha=0.005_gamma=0.5/Metamatrices 0.0912 0.50278293135436 1 1 fully_connected 0.0078 100000 0.00623 0.00623 0 0 -0.000268440768693543
matrices/Nr25_Nc25/consumption/RandTrix_Nr25_Nc25_Nest0.55_Conn0.2304.txt matrices/Nr25_Nc25/syntrophy/optimized_alpha=0.005_gamma=0.5/Metamatrices 0.2304 0.55 0 -nan optimized_matrix 0 100000 0.18177 0.18177 0 0 -3.29958817912325e-06
matrices/Nr25_Nc25/consumption/RandTrix_Nr25_Nc25_Nest0.5_Conn0.2496.txt matrices/Nr25_Nc25/syntrophy/optimized_alpha=0.005_gamma=0.5/Metamatrices 0.2496 0.5 1 1 fully_connected 0.0104 100000 4e-05 4e-05 0 0 -4.52592462609998e-05
matrices/Nr25_Nc25/consumption/RandTrix_Nr25_Nc25_Nest0.5_Conn0.1248.txt matrices/Nr25_Nc25/syntrophy/optimized_alpha=0.005_gamma=0.5/Metamatrices 0.1248 0.5 1 1 fully_connected 0.0078 100000 0.00661 0.00661 0 0 -0.000177394585462978
matrices/Nr25_Nc25/consumption/RandTrix_Nr25_Nc25_Nest0.5_Conn0.1744.txt matrices/Nr25_Nc25/syntrophy/optimized_alpha=0.005_gamma=0.5/Metamatrices 0.1744 0.5 1 1 fully_connected 0.0078 100000 0.00811 0.00811 0 0 -0.000117214540322255
matrices/Nr25_Nc25/consumption/RandTrix_Nr25_Nc25_Nest0.5_Conn0.2928.txt matrices/Nr25_Nc25/syntrophy/optimized_alpha=0.005_gamma=0.5/Metamatrices 0.2928 0.5 1 1 fully_connected 0.0104 100000 0.03837 0.03835 2e-05 0 -2.1391869391212e-05
matrices/Nr25_Nc25/consumption/RandTrix_Nr25_Nc25_Nest0.5_Conn0.2496.txt matrices/Nr25_Nc25/syntrophy/optimized_alpha=0.005_gamma=0.5/Metamatrices 0.2496 0.5 1 1 fully_connected 0.0078 100000 0.01163 0.01163 0 0 -3.74998902329983e-05
matrices/Nr25_Nc25/consumption/RandTrix_Nr25_Nc25_Nest0.5_Conn0.32.txt matrices/Nr25_Nc25/syntrophy/optimized_alpha=0.005_gamma=0.5/Metamatrices 0.32 0.498845265588915 1 1 fully_connected 0.0104 100000 0.06039 0.06011 0.00028 0 -1.0894399604694e-05
matrices/Nr25_Nc25/consumption/RandTrix_Nr25_Nc25_Nest0.5_Conn0.2928.txt matrices/Nr25_Nc25/syntrophy/optimized_alpha=0.005_gamma=0.5/Metamatrices 0.2928 0.5 1 1 fully_connected 0.0078 100000 0.05745 0.05741 4e-05 0 -1.85959357850261e-05
matrices/Nr25_Nc25/consumption/RandTrix_Nr25_Nc25_Nest0.55_Conn0.3024.txt matrices/Nr25_Nc25/syntrophy/optimized_alpha=0.005_gamma=0.5/Metamatrices 0.3024 0.550095724313976 0 -nan optimized_matrix 0 100000 0.20006 0.20006 0 0 -2.46764306673825e-06
matrices/Nr25_Nc25/consumption/RandTrix_Nr25_Nc25_Nest0.5_Conn0.3824.txt matrices/Nr25_Nc25/syntrophy/optimized_alpha=0.005_gamma=0.5/Metamatrices 0.3824 0.496305953933073 1 1 fully_connected 0.0104 100000 0.07869 0.07833 0.00036 0 -1.20252198759859e-05
matrices/Nr25_Nc25/consumption/RandTrix_Nr25_Nc25_Nest0.5_Conn0.32.txt matrices/Nr25_Nc25/syntrophy/optimized_alpha=0.005_gamma=0.5/Metamatrices 0.32 0.498845265588915 1 1 fully_connected 0.0078 100000 0.07821 0.07784 0.00037 0 -9.64448940895413e-06
matrices/Nr25_Nc25/consumption/RandTrix_Nr25_Nc25_Nest0.5_Conn0.416.txt matrices/Nr25_Nc25/syntrophy/optimized_alpha=0.005_gamma=0.5/Metamatrices 0.416 0.504988488104375 1 1 fully_connected 0.0104 100000 0.06417 0.06359 0.00058 0 -1.23180415835529e-05
matrices/Nr25_Nc25/consumption/RandTrix_Nr25_Nc25_Nest0.5_Conn0.3824.txt matrices/Nr25_Nc25/syntrophy/optimized_alpha=0.005_gamma=0.5/Metamatrices 0.3824 0.496305953933073 1 1 fully_connected 0.0078 100000 0.09575 0.09541 0.00034 0 -1.06438416361442e-05
matrices/Nr25_Nc25/consumption/RandTrix_Nr25_Nc25_Nest0.6_Conn0.12.txt matrices/Nr25_Nc25/syntrophy/optimized_alpha=0.005_gamma=0.5/Metamatrices 0.12 0.6 1 1 fully_connected 0.0104 100000 0 0 0 0 -nan
matrices/Nr25_Nc25/consumption/RandTrix_Nr25_Nc25_Nest0.55_Conn0.3344.txt matrices/Nr25_Nc25/syntrophy/optimized_alpha=0.005_gamma=0.5/Metamatrices 0.3344 0.547425474254743 0 -nan optimized_matrix 0 100000 0.2072 0.2072 0 0 -8.33599754138119e-06
matrices/Nr25_Nc25/consumption/RandTrix_Nr25_Nc25_Nest0.6_Conn0.16.txt matrices/Nr25_Nc25/syntrophy/optimized_alpha=0.005_gamma=0.5/Metamatrices 0.16 0.6 1 1 fully_connected 0.0104 100000 0.00037 0.00037 0 0 -3.50150422537125e-05
matrices/Nr25_Nc25/consumption/RandTrix_Nr25_Nc25_Nest0.6_Conn0.2048.txt matrices/Nr25_Nc25/syntrophy/optimized_alpha=0.005_gamma=0.5/Metamatrices 0.2048 0.6 1 1 fully_connected 0.0104 100000 0.0001 0.0001 0 0 -2.09801884860045e-05
matrices/Nr25_Nc25/consumption/RandTrix_Nr25_Nc25_Nest0.6_Conn0.3168.txt matrices/Nr25_Nc25/syntrophy/optimized_alpha=0.005_gamma=0.5/Metamatrices 0.3168 0.599869024230517 1 1 fully_connected 0.0104 100000 0.00073 0.00073 0 0 -2.06999545731229e-05
matrices/Nr25_Nc25/consumption/RandTrix_Nr25_Nc25_Nest0.5_Conn0.416.txt matrices/Nr25_Nc25/syntrophy/optimized_alpha=0.005_gamma=0.5/Metamatrices 0.416 0.504988488104375 1 1 fully_connected 0.0078 100000 0.08261 0.0819 0.00071 0 -1.07479498963305e-05
matrices/Nr25_Nc25/consumption/RandTrix_Nr25_Nc25_Nest0.6_Conn0.12.txt matrices/Nr25_Nc25/syntrophy/optimized_alpha=0.005_gamma=0.5/Metamatrices 0.12 0.6 1 1 fully_connected 0.0078 100000 0.00574 0.00574 0 0 -0.000220831659293201
matrices/Nr25_Nc25/consumption/RandTrix_Nr25_Nc25_Nest0.6_Conn0.16.txt matrices/Nr25_Nc25/syntrophy/optimized_alpha=0.005_gamma=0.5/Metamatrices 0.16 0.6 1 1 fully_connected 0.0078 100000 0.00751 0.00751 0 0 -3.21823607056406e-05
matrices/Nr25_Nc25/consumption/RandTrix_Nr25_Nc25_Nest0.6_Conn0.3712.txt matrices/Nr25_Nc25/syntrophy/optimized_alpha=0.005_gamma=0.5/Metamatrices 0.3712 0.595085995085995 1 1 fully_connected 0.0104 100000 0.03258 0.0321 0.00048 0 -7.39450570265074e-06
matrices/Nr25_Nc25/consumption/RandTrix_Nr25_Nc25_Nest0.6_Conn0.2048.txt matrices/Nr25_Nc25/syntrophy/optimized_alpha=0.005_gamma=0.5/Metamatrices 0.2048 0.6 1 1 fully_connected 0.0078 100000 0.00683 0.00683 0 0 -1.58550073678662e-05
matrices/Nr25_Nc25/consumption/RandTrix_Nr25_Nc25_Nest0.55_Conn0.3824.txt matrices/Nr25_Nc25/syntrophy/optimized_alpha=0.005_gamma=0.5/Metamatrices 0.3824 0.547794117647059 0 -nan optimized_matrix 0 100000 0.20876 0.20875 0 1e-05 -1.33370327105493e-06
matrices/Nr25_Nc25/consumption/RandTrix_Nr25_Nc25_Nest0.6_Conn0.3168.txt matrices/Nr25_Nc25/syntrophy/optimized_alpha=0.005_gamma=0.5/Metamatrices 0.3168 0.599869024230517 1 1 fully_connected 0.0078 100000 0.01173 0.01173 0 0 -1.78344645152782e-05
matrices/Nr25_Nc25/consumption/RandTrix_Nr25_Nc25_Nest0.6_Conn0.44.txt matrices/Nr25_Nc25/syntrophy/optimized_alpha=0.005_gamma=0.5/Metamatrices 0.44 0.6 1 1 fully_connected 0.0104 100000 0.06354 0.06308 0.00046 0 -2.28486113306189e-05
# File last opened on Thu Apr  4 08:54:44 2024
# We are writing, in that order, G-matrix location, A-matrix location, G connectance, G nestedness, A connectance, A nestedness, A-mode, alpha0 value, total number of simulations, proportion of feasible, stable, unstable, marginal and dominant eigenvalue
matrices/Nr25_Nc25/consumption/RandTrix_Nr25_Nc25_Nest0.6_Conn0.3712.txt matrices/Nr25_Nc25/syntrophy/optimized_alpha=0.005_gamma=0.5/Metamatrices 0.3712 0.595085995085995 1 1 fully_connected 0.0078 100000 0.04697 0.04638 0.00059 0 -6.41014487173919e-06
matrices/Nr25_Nc25/consumption/RandTrix_Nr25_Nc25_Nest0.55_Conn0.4176.txt matrices/Nr25_Nc25/syntrophy/optimized_alpha=0.005_gamma=0.5/Metamatrices 0.4176 0.546571541815299 0 -nan optimized_matrix 0 100000 0.20989 0.20988 0 1e-05 -2.71107199651627e-06
matrices/Nr25_Nc25/consumption/RandTrix_Nr25_Nc25_Nest0.6_Conn0.44.txt matrices/Nr25_Nc25/syntrophy/optimized_alpha=0.005_gamma=0.5/Metamatrices 0.44 0.6 1 1 fully_connected 0.0078 100000 0.07734 0.07684 0.0005 0 -2.03303142149839e-05
# File last opened on Thu Apr  4 08:56:37 2024
# We are writing, in that order, G-matrix location, A-matrix location, G connectance, G nestedness, A connectance, A nestedness, A-mode, alpha0 value, total number of simulations, proportion of feasible, stable, unstable, marginal and dominant eigenvalue
matrices/Nr25_Nc25/consumption/RandTrix_Nr25_Nc25_Nest0.15_Conn0.08.txt matrices/Nr25_Nc25/syntrophy/optimized_alpha=0.005_gamma=0.5/Metamatrices 0.0816 0.15 0.200596624 0.479473368067334 optimized_matrix 0.0039 100000 0.15831 0.15831 0 0 -8.03155388270549e-05
matrices/Nr25_Nc25/consumption/RandTrix_Nr25_Nc25_Nest0.5_Conn0.0912.txt matrices/Nr25_Nc25/syntrophy/optimized_alpha=0.005_gamma=0.5/Metamatrices 0.0912 0.50278293135436 0 -nan optimized_matrix 0 100000 0.16973 0.16973 0 0 -6.49162270768801e-05
matrices/Nr25_Nc25/consumption/RandTrix_Nr25_Nc25_Nest0.15_Conn0.08.txt matrices/Nr25_Nc25/syntrophy/optimized_alpha=0.005_gamma=0.5/Metamatrices 0.0816 0.15 1 1 fully_connected 0.0013 100000 0.18954 0.18954 0 0 -6.9095266337583e-05
matrices/Nr25_Nc25/consumption/RandTrix_Nr25_Nc25_Nest0.15_Conn0.12.txt matrices/Nr25_Nc25/syntrophy/optimized_alpha=0.005_gamma=0.5/Metamatrices 0.12 0.151419558359621 0.367452176 0.502377319154476 optimized_matrix 0.0039 100000 0.27717 0.27717 0 0 -1.96902197783232e-05
matrices/Nr25_Nc25/consumption/RandTrix_Nr25_Nc25_Nest0.5_Conn0.1248.txt matrices/Nr25_Nc25/syntrophy/optimized_alpha=0.005_gamma=0.5/Metamatrices 0.1248 0.5 0 -nan optimized_matrix 0 100000 0.1917 0.1917 0 0 -4.31820316159162e-05
matrices/Nr25_Nc25/consumption/RandTrix_Nr25_Nc25_Nest0.15_Conn0.12.txt matrices/Nr25_Nc25/syntrophy/optimized_alpha=0.005_gamma=0.5/Metamatrices 0.12 0.151419558359621 1 1 fully_connected 0.0013 100000 0.32207 0.32207 0 0 -1.7200950049308e-05
matrices/Nr25_Nc25/consumption/RandTrix_Nr25_Nc25_Nest0.5_Conn0.1744.txt matrices/Nr25_Nc25/syntrophy/optimized_alpha=0.005_gamma=0.5/Metamatrices 0.1744 0.5 0 -nan optimized_matrix 0 100000 0.2421 0.2421 0 0 -3.09459673645934e-05
matrices/Nr25_Nc25/consumption/RandTrix_Nr25_Nc25_Nest0.5_Conn0.2496.txt matrices/Nr25_Nc25/syntrophy/optimized_alpha=0.005_gamma=0.5/Metamatrices 0.2496 0.5 0 -nan optimized_matrix 0 100000 0.25403 0.25403 0 0 -1.02366303411202e-05
matrices/Nr25_Nc25/consumption/RandTrix_Nr25_Nc25_Nest0.15_Conn0.1808.txt matrices/Nr25_Nc25/syntrophy/optimized_alpha=0.005_gamma=0.5/Metamatrices 0.1808 0.158059467918623 0.498304336 0.560898611504969 optimized_matrix 0.0039 100000 0.41598 0.41585 0.00013 0 -7.81996225728853e-05
matrices/Nr25_Nc25/consumption/RandTrix_Nr25_Nc25_Nest0.15_Conn0.1808.txt matrices/Nr25_Nc25/syntrophy/optimized_alpha=0.005_gamma=0.5/Metamatrices 0.1808 0.158059467918623 1 1 fully_connected 0.0013 100000 0.44821 0.44821 0 0 -7.35017272184562e-05
matrices/Nr25_Nc25/consumption/RandTrix_Nr25_Nc25_Nest0.5_Conn0.2928.txt matrices/Nr25_Nc25/syntrophy/optimized_alpha=0.005_gamma=0.5/Metamatrices 0.2928 0.5 0 -nan optimized_matrix 0 100000 0.23618 0.23618 0 0 -7.10870376757317e-06
matrices/Nr25_Nc25/consumption/RandTrix_Nr25_Nc25_Nest0.1_Conn0.0816.txt matrices/Nr25_Nc25/syntrophy/optimized_alpha=0.005_gamma=0.5/Metamatrices 0.0816 0.1 0.138218576 0.291928496041915 optimized_matrix 0.0039 100000 0.32193 0.32193 0 0 -0.000258664552106924
matrices/Nr25_Nc25/consumption/RandTrix_Nr25_Nc25_Nest0.1_Conn0.0816.txt matrices/Nr25_Nc25/syntrophy/optimized_alpha=0.005_gamma=0.5/Metamatrices 0.0816 0.1 1 1 fully_connected 0.0013 100000 0.31716 0.31716 0 0 -0.000255000887022185
matrices/Nr25_Nc25/consumption/RandTrix_Nr25_Nc25_Nest0.5_Conn0.32.txt matrices/Nr25_Nc25/syntrophy/optimized_alpha=0.005_gamma=0.5/Metamatrices 0.32 0.498845265588915 0 -nan optimized_matrix 0 100000 0.22028 0.22027 0 1e-05 -4.48981856203875e-06
matrices/Nr25_Nc25/consumption/RandTrix_Nr25_Nc25_Nest0.5_Conn0.3824.txt matrices/Nr25_Nc25/syntrophy/optimized_alpha=0.005_gamma=0.5/Metamatrices 0.3824 0.496305953933073 0 -nan optimized_matrix 0 100000 0.21644 0.21644 0 0 -5.36349522835898e-06
matrices/Nr25_Nc25/consumption/RandTrix_Nr25_Nc25_Nest0.5_Conn0.416.txt matrices/Nr25_Nc25/syntrophy/optimized_alpha=0.005_gamma=0.5/Metamatrices 0.416 0.504988488104375 0 -nan optimized_matrix 0 100000 0.22573 0.22573 0 0 -5.16746209104604e-06
matrices/Nr25_Nc25/consumption/RandTrix_Nr25_Nc25_Nest0.1_Conn0.1296.txt matrices/Nr25_Nc25/syntrophy/optimized_alpha=0.005_gamma=0.5/Metamatrices 0.1296 0.10479375696767 1 1 fully_connected 0.0013 100000 0.49634 0.4949 0.00144 0 -1.27157985824797e-05
matrices/Nr25_Nc25/consumption/RandTrix_Nr25_Nc25_Nest0.1_Conn0.1296.txt matrices/Nr25_Nc25/syntrophy/optimized_alpha=0.005_gamma=0.5/Metamatrices 0.1296 0.10479375696767 0.28123296 0.329929482337338 optimized_matrix 0.0039 100000 0.50015 0.47748 0.02267 0 -1.36565096573801e-05
matrices/Nr25_Nc25/consumption/RandTrix_Nr25_Nc25_Nest0.6_Conn0.12.txt matrices/Nr25_Nc25/syntrophy/optimized_alpha=0.005_gamma=0.5/Metamatrices 0.12 0.6 0 -nan optimized_matrix 0 100000 0.1622 0.1622 0 0 -5.18577727021643e-05
matrices/Nr25_Nc25/consumption/RandTrix_Nr25_Nc25_Nest0.25_Conn0.0832.txt matrices/Nr25_Nc25/syntrophy/optimized_alpha=0.005_gamma=0.5/Metamatrices 0.0832 0.25 1 1 fully_connected 0.0013 100000 0.18562 0.18562 0 0 -0.000467453168683822
matrices/Nr25_Nc25/consumption/RandTrix_Nr25_Nc25_Nest0.25_Conn0.0832.txt matrices/Nr25_Nc25/syntrophy/optimized_alpha=0.005_gamma=0.5/Metamatrices 0.0832 0.25 0.322301312 0.578597739891471 optimized_matrix 0.0039 100000 0.14305 0.14305 0 0 -0.000568983281780776
matrices/Nr25_Nc25/consumption/RandTrix_Nr25_Nc25_Nest0.6_Conn0.16.txt matrices/Nr25_Nc25/syntrophy/optimized_alpha=0.005_gamma=0.5/Metamatrices 0.16 0.6 0 -nan optimized_matrix 0 100000 0.15146 0.15146 0 0 -7.67884845433954e-06
matrices/Nr25_Nc25/consumption/RandTrix_Nr25_Nc25_Nest0.25_Conn0.1392.txt matrices/Nr25_Nc25/syntrophy/optimized_alpha=0.005_gamma=0.5/Metamatrices 0.1392 0.25 0.495091616 0.558237780261642 optimized_matrix 0.0039 100000 0.13818 0.13818 0 0 -6.10381352447832e-05
matrices/Nr25_Nc25/consumption/RandTrix_Nr25_Nc25_Nest0.25_Conn0.1392.txt matrices/Nr25_Nc25/syntrophy/optimized_alpha=0.005_gamma=0.5/Metamatrices 0.1392 0.25 1 1 fully_connected 0.0013 100000 0.19249 0.19249 0 0 -4.96152012245611e-05
matrices/Nr25_Nc25/consumption/RandTrix_Nr25_Nc25_Nest0.6_Conn0.2048.txt matrices/Nr25_Nc25/syntrophy/optimized_alpha=0.005_gamma=0.5/Metamatrices 0.2048 0.6 0 -nan optimized_matrix 0 100000 0.16371 0.16371 0 0 -3.89192032162585e-06
matrices/Nr25_Nc25/consumption/RandTrix_Nr25_Nc25_Nest0.25_Conn0.184.txt matrices/Nr25_Nc25/syntrophy/optimized_alpha=0.005_gamma=0.5/Metamatrices 0.184 0.245901639344262 1 1 fully_connected 0.0013 100000 0.2137 0.21289 0.00081 0 -4.12128895902602e-06
matrices/Nr25_Nc25/consumption/RandTrix_Nr25_Nc25_Nest0.6_Conn0.3168.txt matrices/Nr25_Nc25/syntrophy/optimized_alpha=0.005_gamma=0.5/Metamatrices 0.3168 0.599869024230517 0 -nan optimized_matrix 0 100000 0.20018 0.20018 0 0 -4.93878039736416e-06
matrices/Nr25_Nc25/consumption/RandTrix_Nr25_Nc25_Nest0.25_Conn0.184.txt matrices/Nr25_Nc25/syntrophy/optimized_alpha=0.005_gamma=0.5/Metamatrices 0.184 0.245901639344262 0.497657056 0.560293097275365 optimized_matrix 0.0039 100000 0.17245 0.16169 0.01076 0 -5.07189128807231e-06
matrices/Nr25_Nc25/consumption/RandTrix_Nr25_Nc25_Nest0.6_Conn0.3712.txt matrices/Nr25_Nc25/syntrophy/optimized_alpha=0.005_gamma=0.5/Metamatrices 0.3712 0.595085995085995 0 -nan optimized_matrix 0 100000 0.19831 0.1983 0 1e-05 -2.3607607632966e-06
matrices/Nr25_Nc25/consumption/RandTrix_Nr25_Nc25_Nest0.25_Conn0.2336.txt matrices/Nr25_Nc25/syntrophy/optimized_alpha=0.005_gamma=0.5/Metamatrices 0.2336 0.252631578947368 1 1 fully_connected 0.0013 100000 0.30643 0.30643 0 0 -6.60361973063075e-05
matrices/Nr25_Nc25/consumption/RandTrix_Nr25_Nc25_Nest0.25_Conn0.2336.txt matrices/Nr25_Nc25/syntrophy/optimized_alpha=0.005_gamma=0.5/Metamatrices 0.2336 0.252631578947368 0.504302112 0.566586879574538 optimized_matrix 0.0039 100000 0.28239 0.28239 0 0 -7.24580976047759e-05
matrices/Nr25_Nc25/consumption/RandTrix_Nr25_Nc25_Nest0.6_Conn0.44.txt matrices/Nr25_Nc25/syntrophy/optimized_alpha=0.005_gamma=0.5/Metamatrices 0.44 0.6 0 -nan optimized_matrix 0 100000 0.18009 0.18009 0 0 -9.64345004993197e-06
# File last opened on Thu Apr  4 09:27:09 2024
# We are writing, in that order, G-matrix location, A-matrix location, G connectance, G nestedness, A connectance, A nestedness, A-mode, alpha0 value, total number of simulations, proportion of feasible, stable, unstable, marginal and dominant eigenvalue
matrices/Nr25_Nc25/consumption/RandTrix_Nr25_Nc25_Nest0.2_Conn0.0896.txt matrices/Nr25_Nc25/syntrophy/optimized_alpha=0.005_gamma=0.5/Metamatrices 0.0896 0.2 1 1 fully_connected 0.0013 100000 0.15572 0.15572 0 0 -4.85921306136151e-05
matrices/Nr25_Nc25/consumption/RandTrix_Nr25_Nc25_Nest0.2_Conn0.0896.txt matrices/Nr25_Nc25/syntrophy/optimized_alpha=0.005_gamma=0.5/Metamatrices 0.0896 0.2 0.203452512 0.450963617779204 optimized_matrix 0.0039 100000 0.19849 0.19849 0 0 -4.27676535287129e-05
matrices/Nr25_Nc25/consumption/RandTrix_Nr25_Nc25_Nest0.15_Conn0.08.txt matrices/Nr25_Nc25/syntrophy/optimized_alpha=0.005_gamma=0.5/Metamatrices 0.0816 0.15 0 -nan random_structure 0 100000 0.31797 0.31797 0 0 -4.50924302320161e-05
matrices/Nr25_Nc25/consumption/RandTrix_Nr25_Nc25_Nest0.2_Conn0.1328.txt matrices/Nr25_Nc25/syntrophy/optimized_alpha=0.005_gamma=0.5/Metamatrices 0.1328 0.2 1 1 fully_connected 0.0013 100000 0.26096 0.26096 0 0 -5.46526243975887e-06
matrices/Nr25_Nc25/consumption/RandTrix_Nr25_Nc25_Nest0.2_Conn0.1328.txt matrices/Nr25_Nc25/syntrophy/optimized_alpha=0.005_gamma=0.5/Metamatrices 0.1328 0.2 0.469595888 0.552937595455866 optimized_matrix 0.0039 100000 0.19057 0.19013 0.00044 0 -6.49261127772789e-06
matrices/Nr25_Nc25/consumption/RandTrix_Nr25_Nc25_Nest0.2_Conn0.168.txt matrices/Nr25_Nc25/syntrophy/optimized_alpha=0.005_gamma=0.5/Metamatrices 0.168 0.202270381836945 1 1 fully_connected 0.0013 100000 0.24418 0.24418 0 0 -1.63156465210105e-05
matrices/Nr25_Nc25/consumption/RandTrix_Nr25_Nc25_Nest0.15_Conn0.12.txt matrices/Nr25_Nc25/syntrophy/optimized_alpha=0.005_gamma=0.5/Metamatrices 0.12 0.151419558359621 0 -nan random_structure 0 100000 0.45055 0.45055 0 0 -1.27136313597274e-05
matrices/Nr25_Nc25/consumption/RandTrix_Nr25_Nc25_Nest0.2_Conn0.168.txt matrices/Nr25_Nc25/syntrophy/optimized_alpha=0.005_gamma=0.5/Metamatrices 0.168 0.202270381836945 0.501259312 0.56371747763855 optimized_matrix 0.0039 100000 0.17892 0.17891 1e-05 0 -1.97322515855737e-05
matrices/Nr25_Nc25/consumption/RandTrix_Nr25_Nc25_Nest0.35_Conn0.08.txt matrices/Nr25_Nc25/syntrophy/optimized_alpha=0.005_gamma=0.5/Metamatrices 0.08 0.35 1 1 fully_connected 0.0013 100000 0.09951 0.09951 0 0 -0.000174620058241445
matrices/Nr25_Nc25/consumption/RandTrix_Nr25_Nc25_Nest0.35_Conn0.08.txt matrices/Nr25_Nc25/syntrophy/optimized_alpha=0.005_gamma=0.5/Metamatrices 0.08 0.35 0.288467216 0.582240537065094 optimized_matrix 0.0039 100000 0.06261 0.06261 0 0 -0.000239422782890597
matrices/Nr25_Nc25/consumption/RandTrix_Nr25_Nc25_Nest0.35_Conn0.1328.txt matrices/Nr25_Nc25/syntrophy/optimized_alpha=0.005_gamma=0.5/Metamatrices 0.1328 0.35 1 1 fully_connected 0.0013 100000 0.10262 0.10262 0 0 -1.5482179654585e-05
matrices/Nr25_Nc25/consumption/RandTrix_Nr25_Nc25_Nest0.35_Conn0.1328.txt matrices/Nr25_Nc25/syntrophy/optimized_alpha=0.005_gamma=0.5/Metamatrices 0.1328 0.35 0.501616608 0.56437859817906 optimized_matrix 0.0039 100000 0.0729 0.0729 0 0 -1.93702117534841e-05
matrices/Nr25_Nc25/consumption/RandTrix_Nr25_Nc25_Nest0.35_Conn0.1712.txt matrices/Nr25_Nc25/syntrophy/optimized_alpha=0.005_gamma=0.5/Metamatrices 0.1712 0.35 1 1 fully_connected 0.0013 100000 0.11144 0.11144 0 0 -2.15895083609859e-06
matrices/Nr25_Nc25/consumption/RandTrix_Nr25_Nc25_Nest0.35_Conn0.1712.txt matrices/Nr25_Nc25/syntrophy/optimized_alpha=0.005_gamma=0.5/Metamatrices 0.1712 0.35 0.500647344 0.563419028700934 optimized_matrix 0.0039 100000 0.08358 0.08357 1e-05 0 -2.66411904668973e-06
matrices/Nr25_Nc25/consumption/RandTrix_Nr25_Nc25_Nest0.15_Conn0.1808.txt matrices/Nr25_Nc25/syntrophy/optimized_alpha=0.005_gamma=0.5/Metamatrices 0.1808 0.158059467918623 0 -nan random_structure 0 100000 0.46354 0.46354 0 0 -6.84671422942947e-05
matrices/Nr25_Nc25/consumption/RandTrix_Nr25_Nc25_Nest0.35_Conn0.2208.txt matrices/Nr25_Nc25/syntrophy/optimized_alpha=0.005_gamma=0.5/Metamatrices 0.2208 0.347043701799486 1 1 fully_connected 0.0013 100000 0.21705 0.21439 0.00266 0 -1.81393107141908e-06
matrices/Nr25_Nc25/consumption/RandTrix_Nr25_Nc25_Nest0.35_Conn0.2208.txt matrices/Nr25_Nc25/syntrophy/optimized_alpha=0.005_gamma=0.5/Metamatrices 0.2208 0.347043701799486 0.503702352 0.566092980942237 optimized_matrix 0.0039 100000 0.17392 0.16005 0.01387 0 -2.33555214251205e-06
matrices/Nr25_Nc25/consumption/RandTrix_Nr25_Nc25_Nest0.35_Conn0.272.txt matrices/Nr25_Nc25/syntrophy/optimized_alpha=0.005_gamma=0.5/Metamatrices 0.272 0.346769413159455 1 1 fully_connected 0.0013 100000 0.25254 0.25254 0 0 -3.8337583234805e-05
matrices/Nr25_Nc25/consumption/RandTrix_Nr25_Nc25_Nest0.1_Conn0.0816.txt matrices/Nr25_Nc25/syntrophy/optimized_alpha=0.005_gamma=0.5/Metamatrices 0.0816 0.1 0 -nan random_structure 0 100000 0.45444 0.45444 0 0 -0.000184983923616181
matrices/Nr25_Nc25/consumption/RandTrix_Nr25_Nc25_Nest0.35_Conn0.272.txt matrices/Nr25_Nc25/syntrophy/optimized_alpha=0.005_gamma=0.5/Metamatrices 0.272 0.346769413159455 0.498463872 0.560870723792059 optimized_matrix 0.0039 100000 0.23058 0.23044 0.00014 0 -4.13544773640509e-05
matrices/Nr25_Nc25/consumption/RandTrix_Nr25_Nc25_Nest0.35_Conn0.3216.txt matrices/Nr25_Nc25/syntrophy/optimized_alpha=0.005_gamma=0.5/Metamatrices 0.3216 0.354089219330855 1 1 fully_connected 0.0013 100000 0.2558 0.25529 0.00051 0 -1.11168084250656e-05
matrices/Nr25_Nc25/consumption/RandTrix_Nr25_Nc25_Nest0.35_Conn0.3216.txt matrices/Nr25_Nc25/syntrophy/optimized_alpha=0.005_gamma=0.5/Metamatrices 0.3216 0.354089219330855 0.498219312 0.560944453661425 optimized_matrix 0.0039 100000 0.24053 0.22934 0.01119 0 -1.20382698866963e-05
matrices/Nr25_Nc25/consumption/RandTrix_Nr25_Nc25_Nest0.3_Conn0.0816.txt matrices/Nr25_Nc25/syntrophy/optimized_alpha=0.005_gamma=0.5/Metamatrices 0.0816 0.297435897435897 1 1 fully_connected 0.0013 100000 0.14124 0.14124 0 0 -0.000261684367602672
matrices/Nr25_Nc25/consumption/RandTrix_Nr25_Nc25_Nest0.3_Conn0.0816.txt matrices/Nr25_Nc25/syntrophy/optimized_alpha=0.005_gamma=0.5/Metamatrices 0.0816 0.297435897435897 0.256733552 0.581259499621654 optimized_matrix 0.0039 100000 0.11285 0.11285 0 0 -0.000305320167582852
matrices/Nr25_Nc25/consumption/RandTrix_Nr25_Nc25_Nest0.3_Conn0.128.txt matrices/Nr25_Nc25/syntrophy/optimized_alpha=0.005_gamma=0.5/Metamatrices 0.128 0.3 1 1 fully_connected 0.0013 100000 0.12533 0.12533 0 0 -2.43863002786574e-05
matrices/Nr25_Nc25/consumption/RandTrix_Nr25_Nc25_Nest0.1_Conn0.1296.txt matrices/Nr25_Nc25/syntrophy/optimized_alpha=0.005_gamma=0.5/Metamatrices 0.1296 0.10479375696767 0 -nan random_structure 0 100000 0.54488 0.54485 0 3e-05 -1.1478345364579e-05
matrices/Nr25_Nc25/consumption/RandTrix_Nr25_Nc25_Nest0.3_Conn0.128.txt matrices/Nr25_Nc25/syntrophy/optimized_alpha=0.005_gamma=0.5/Metamatrices 0.128 0.3 0.491515728 0.55940010194379 optimized_matrix 0.0039 100000 0.08951 0.08951 0 0 -2.9958568104382e-05
matrices/Nr25_Nc25/consumption/RandTrix_Nr25_Nc25_Nest0.3_Conn0.1776.txt matrices/Nr25_Nc25/syntrophy/optimized_alpha=0.005_gamma=0.5/Metamatrices 0.1776 0.3 1 1 fully_connected 0.0013 100000 0.21024 0.21024 0 0 -4.94017658588207e-05
matrices/Nr25_Nc25/consumption/RandTrix_Nr25_Nc25_Nest0.25_Conn0.0832.txt matrices/Nr25_Nc25/syntrophy/optimized_alpha=0.005_gamma=0.5/Metamatrices 0.0832 0.25 0 -nan random_structure 0 100000 0.31773 0.31773 0 0 -0.000295727414776195
matrices/Nr25_Nc25/consumption/RandTrix_Nr25_Nc25_Nest0.3_Conn0.1776.txt matrices/Nr25_Nc25/syntrophy/optimized_alpha=0.005_gamma=0.5/Metamatrices 0.1776 0.3 0.496905008 0.559188524086186 optimized_matrix 0.0039 100000 0.15828 0.15828 0 0 -5.96095680506006e-05
matrices/Nr25_Nc25/consumption/RandTrix_Nr25_Nc25_Nest0.3_Conn0.2272.txt matrices/Nr25_Nc25/syntrophy/optimized_alpha=0.005_gamma=0.5/Metamatrices 0.2272 0.297439759036145 1 1 fully_connected 0.0013 100000 0.25708 0.25708 0 0 -3.86959567510626e-05
matrices/Nr25_Nc25/consumption/RandTrix_Nr25_Nc25_Nest0.3_Conn0.2272.txt matrices/Nr25_Nc25/syntrophy/optimized_alpha=0.005_gamma=0.5/Metamatrices 0.2272 0.297439759036145 0.5007808 0.562879496929306 optimized_matrix 0.0039 100000 0.2182 0.21815 5e-05 0 -4.48600514893128e-05
matrices/Nr25_Nc25/consumption/RandTrix_Nr25_Nc25_Nest0.25_Conn0.1392.txt matrices/Nr25_Nc25/syntrophy/optimized_alpha=0.005_gamma=0.5/Metamatrices 0.1392 0.25 0 -nan random_structure 0 100000 0.31907 0.31907 0 0 -3.24330495638066e-05
matrices/Nr25_Nc25/consumption/RandTrix_Nr25_Nc25_Nest0.3_Conn0.2816.txt matrices/Nr25_Nc25/syntrophy/optimized_alpha=0.005_gamma=0.5/Metamatrices 0.2816 0.302762430939227 1 1 fully_connected 0.0013 100000 0.29251 0.29217 0.00034 0 -1.43971513544407e-05
matrices/Nr25_Nc25/consumption/RandTrix_Nr25_Nc25_Nest0.45_Conn0.0816.txt matrices/Nr25_Nc25/syntrophy/optimized_alpha=0.005_gamma=0.5/Metamatrices 0.0816 0.452 1 1 fully_connected 0.0013 100000 0.08732 0.08732 0 0 -0.000130122189065898
matrices/Nr25_Nc25/consumption/RandTrix_Nr25_Nc25_Nest0.3_Conn0.2816.txt matrices/Nr25_Nc25/syntrophy/optimized_alpha=0.005_gamma=0.5/Metamatrices 0.2816 0.302762430939227 0.49851608 0.561183825493516 optimized_matrix 0.0039 100000 0.27441 0.26749 0.00692 0 -1.58003616075096e-05
matrices/Nr25_Nc25/consumption/RandTrix_Nr25_Nc25_Nest0.45_Conn0.1232.txt matrices/Nr25_Nc25/syntrophy/optimized_alpha=0.005_gamma=0.5/Metamatrices 0.1232 0.45 1 1 fully_connected 0.0013 100000 0.09106 0.09106 0 0 -4.18522682952393e-05
matrices/Nr25_Nc25/consumption/RandTrix_Nr25_Nc25_Nest0.25_Conn0.184.txt matrices/Nr25_Nc25/syntrophy/optimized_alpha=0.005_gamma=0.5/Metamatrices 0.184 0.245901639344262 0 -nan random_structure 0 100000 0.32886 0.32885 0 1e-05 -2.71301424311567e-06
matrices/Nr25_Nc25/consumption/RandTrix_Nr25_Nc25_Nest0.45_Conn0.0816.txt matrices/Nr25_Nc25/syntrophy/optimized_alpha=0.005_gamma=0.5/Metamatrices 0.0816 0.452 0.360060096 0.604172194080551 optimized_matrix 0.0039 100000 0.04757 0.04757 0 0 -0.000194396176296115
matrices/Nr25_Nc25/consumption/RandTrix_Nr25_Nc25_Nest0.45_Conn0.1856.txt matrices/Nr25_Nc25/syntrophy/optimized_alpha=0.005_gamma=0.5/Metamatrices 0.1856 0.449874686716792 1 1 fully_connected 0.0013 100000 0.14023 0.14023 0 0 -2.90975692577162e-05
matrices/Nr25_Nc25/consumption/RandTrix_Nr25_Nc25_Nest0.45_Conn0.1232.txt matrices/Nr25_Nc25/syntrophy/optimized_alpha=0.005_gamma=0.5/Metamatrices 0.1232 0.45 0.502075808 0.574615309387194 optimized_matrix 0.0039 100000 0.06723 0.06723 0 0 -5.07068491473281e-05
matrices/Nr25_Nc25/consumption/RandTrix_Nr25_Nc25_Nest0.45_Conn0.216.txt matrices/Nr25_Nc25/syntrophy/optimized_alpha=0.005_gamma=0.5/Metamatrices 0.216 0.45 1 1 fully_connected 0.0013 100000 0.10381 0.10381 0 0 -7.56447599645259e-06
matrices/Nr25_Nc25/consumption/RandTrix_Nr25_Nc25_Nest0.45_Conn0.1856.txt matrices/Nr25_Nc25/syntrophy/optimized_alpha=0.005_gamma=0.5/Metamatrices 0.1856 0.449874686716792 0.498675296 0.561411217025832 optimized_matrix 0.0039 100000 0.10268 0.10268 0 0 -3.58003972075955e-05
matrices/Nr25_Nc25/consumption/RandTrix_Nr25_Nc25_Nest0.25_Conn0.2336.txt matrices/Nr25_Nc25/syntrophy/optimized_alpha=0.005_gamma=0.5/Metamatrices 0.2336 0.252631578947368 0 -nan random_structure 0 100000 0.33893 0.33893 0 0 -5.88715035689781e-05
matrices/Nr25_Nc25/consumption/RandTrix_Nr25_Nc25_Nest0.45_Conn0.216.txt matrices/Nr25_Nc25/syntrophy/optimized_alpha=0.005_gamma=0.5/Metamatrices 0.216 0.45 0.4995548 0.561973923231633 optimized_matrix 0.0039 100000 0.07728 0.07727 1e-05 0 -9.02830796201181e-06
matrices/Nr25_Nc25/consumption/RandTrix_Nr25_Nc25_Nest0.45_Conn0.2672.txt matrices/Nr25_Nc25/syntrophy/optimized_alpha=0.005_gamma=0.5/Metamatrices 0.2672 0.446518305814788 1 1 fully_connected 0.0013 100000 0.14961 0.14861 0.001 0 -5.44654984869551e-06
matrices/Nr25_Nc25/consumption/RandTrix_Nr25_Nc25_Nest0.45_Conn0.2672.txt matrices/Nr25_Nc25/syntrophy/optimized_alpha=0.005_gamma=0.5/Metamatrices 0.2672 0.446518305814788 0.493152096 0.555945919306402 optimized_matrix 0.0039 100000 0.11514 0.11169 0.00345 0 -6.63938574078859e-06
matrices/Nr25_Nc25/consumption/RandTrix_Nr25_Nc25_Nest0.2_Conn0.0896.txt matrices/Nr25_Nc25/syntrophy/optimized_alpha=0.005_gamma=0.5/Metamatrices 0.0896 0.2 0 -nan random_structure 0 100000 0.27841 0.27841 0 0 -3.05757624998559e-05
matrices/Nr25_Nc25/consumption/RandTrix_Nr25_Nc25_Nest0.45_Conn0.3168.txt matrices/Nr25_Nc25/syntrophy/optimized_alpha=0.005_gamma=0.5/Metamatrices 0.3168 0.445459430413756 1 1 fully_connected 0.0013 100000 0.19599 0.1955 0.00049 0 -6.84836125620508e-06
matrices/Nr25_Nc25/consumption/RandTrix_Nr25_Nc25_Nest0.45_Conn0.3168.txt matrices/Nr25_Nc25/syntrophy/optimized_alpha=0.005_gamma=0.5/Metamatrices 0.3168 0.445459430413756 0.500818544 0.563550849076594 optimized_matrix 0.0039 100000 0.17568 0.16978 0.0059 0 -8.19965960038489e-06
matrices/Nr25_Nc25/consumption/RandTrix_Nr25_Nc25_Nest0.45_Conn0.384.txt matrices/Nr25_Nc25/syntrophy/optimized_alpha=0.005_gamma=0.5/Metamatrices 0.384 0.452352708580467 1 1 fully_connected 0.0013 100000 0.21375 0.21373 2e-05 0 -2.34949885976986e-05
matrices/Nr25_Nc25/consumption/RandTrix_Nr25_Nc25_Nest0.2_Conn0.1328.txt matrices/Nr25_Nc25/syntrophy/optimized_alpha=0.005_gamma=0.5/Metamatrices 0.1328 0.2 0 -nan random_structure 0 100000 0.38978 0.38978 0 0 -3.82066695218698e-06
matrices/Nr25_Nc25/consumption/RandTrix_Nr25_Nc25_Nest0.45_Conn0.384.txt matrices/Nr25_Nc25/syntrophy/optimized_alpha=0.005_gamma=0.5/Metamatrices 0.384 0.452352708580467 0.502455872 0.565166774902208 optimized_matrix 0.0039 100000 0.1988 0.19653 0.00227 0 -2.54266935135693e-05
matrices/Nr25_Nc25/consumption/RandTrix_Nr25_Nc25_Nest0.45_Conn0.424.txt matrices/Nr25_Nc25/syntrophy/optimized_alpha=0.005_gamma=0.5/Metamatrices 0.424 0.454737583656217 1 1 fully_connected 0.0013 100000 0.23657 0.2365 7e-05 0 -2.54357773818078e-05
matrices/Nr25_Nc25/consumption/RandTrix_Nr25_Nc25_Nest0.4_Conn0.0784.txt matrices/Nr25_Nc25/syntrophy/optimized_alpha=0.005_gamma=0.5/Metamatrices 0.0784 0.4 1 1 fully_connected 0.0013 100000 0.0965 0.0965 0 0 -0.000160149683729335
matrices/Nr25_Nc25/consumption/RandTrix_Nr25_Nc25_Nest0.45_Conn0.424.txt matrices/Nr25_Nc25/syntrophy/optimized_alpha=0.005_gamma=0.5/Metamatrices 0.424 0.454737583656217 0.500930096 0.563617660803111 optimized_matrix 0.0039 100000 0.221 0.21893 0.00207 0 -2.76170765759812e-05
matrices/Nr25_Nc25/consumption/RandTrix_Nr25_Nc25_Nest0.2_Conn0.168.txt matrices/Nr25_Nc25/syntrophy/optimized_alpha=0.005_gamma=0.5/Metamatrices 0.168 0.202270381836945 0 -nan random_structure 0 100000 0.3708 0.3708 0 0 -1.11009746535062e-05
matrices/Nr25_Nc25/consumption/RandTrix_Nr25_Nc25_Nest0.4_Conn0.1232.txt matrices/Nr25_Nc25/syntrophy/optimized_alpha=0.005_gamma=0.5/Metamatrices 0.1232 0.399558498896247 1 1 fully_connected 0.0013 100000 0.15633 0.15633 0 0 -0.00016450805036305
matrices/Nr25_Nc25/consumption/RandTrix_Nr25_Nc25_Nest0.4_Conn0.0784.txt matrices/Nr25_Nc25/syntrophy/optimized_alpha=0.005_gamma=0.5/Metamatrices 0.0784 0.4 0.293158336 0.635183956228774 optimized_matrix 0.0039 100000 0.06089 0.06089 0 0 -0.000214802456535713
matrices/Nr25_Nc25/consumption/RandTrix_Nr25_Nc25_Nest0.35_Conn0.08.txt matrices/Nr25_Nc25/syntrophy/optimized_alpha=0.005_gamma=0.5/Metamatrices 0.08 0.35 0 -nan random_structure 0 100000 0.20209 0.20209 0 0 -9.90258238298535e-05
matrices/Nr25_Nc25/consumption/RandTrix_Nr25_Nc25_Nest0.4_Conn0.2032.txt matrices/Nr25_Nc25/syntrophy/optimized_alpha=0.005_gamma=0.5/Metamatrices 0.2032 0.4 1 1 fully_connected 0.0013 100000 0.16185 0.16185 0 0 -1.23956696311536e-05
matrices/Nr25_Nc25/consumption/RandTrix_Nr25_Nc25_Nest0.4_Conn0.1232.txt matrices/Nr25_Nc25/syntrophy/optimized_alpha=0.005_gamma=0.5/Metamatrices 0.1232 0.399558498896247 0.501398928 0.564091008002285 optimized_matrix 0.0039 100000 0.10781 0.10781 0 0 -0.000209229467401953
matrices/Nr25_Nc25/consumption/RandTrix_Nr25_Nc25_Nest0.4_Conn0.2288.txt matrices/Nr25_Nc25/syntrophy/optimized_alpha=0.005_gamma=0.5/Metamatrices 0.2288 0.4 1 1 fully_connected 0.0013 100000 0.13664 0.13581 0.00083 0 -1.85953698810868e-06
matrices/Nr25_Nc25/consumption/RandTrix_Nr25_Nc25_Nest0.35_Conn0.1328.txt matrices/Nr25_Nc25/syntrophy/optimized_alpha=0.005_gamma=0.5/Metamatrices 0.1328 0.35 0 -nan random_structure 0 100000 0.20171 0.20171 0 0 -8.6631865142271e-06
matrices/Nr25_Nc25/consumption/RandTrix_Nr25_Nc25_Nest0.4_Conn0.2032.txt matrices/Nr25_Nc25/syntrophy/optimized_alpha=0.005_gamma=0.5/Metamatrices 0.2032 0.4 0.504881888 0.567364699624277 optimized_matrix 0.0039 100000 0.12607 0.12597 0.0001 0 -1.48909732340693e-05
matrices/Nr25_Nc25/consumption/RandTrix_Nr25_Nc25_Nest0.4_Conn0.272.txt matrices/Nr25_Nc25/syntrophy/optimized_alpha=0.005_gamma=0.5/Metamatrices 0.272 0.397260273972603 1 1 fully_connected 0.0013 100000 0.14989 0.14987 2e-05 0 -1.77059392047146e-05
matrices/Nr25_Nc25/consumption/RandTrix_Nr25_Nc25_Nest0.4_Conn0.2288.txt matrices/Nr25_Nc25/syntrophy/optimized_alpha=0.005_gamma=0.5/Metamatrices 0.2288 0.4 0.499326512 0.561893487100161 optimized_matrix 0.0039 100000 0.10378 0.09813 0.00565 0 -2.25466919502879e-06
matrices/Nr25_Nc25/consumption/RandTrix_Nr25_Nc25_Nest0.35_Conn0.1712.txt matrices/Nr25_Nc25/syntrophy/optimized_alpha=0.005_gamma=0.5/Metamatrices 0.1712 0.35 0 -nan random_structure 0 100000 0.21083 0.21083 0 0 -1.16053806045944e-06
matrices/Nr25_Nc25/consumption/RandTrix_Nr25_Nc25_Nest0.4_Conn0.272.txt matrices/Nr25_Nc25/syntrophy/optimized_alpha=0.005_gamma=0.5/Metamatrices 0.272 0.397260273972603 0.497837472 0.560156860055058 optimized_matrix 0.0039 100000 0.12151 0.12133 0.00018 0 -1.97951884878358e-05
matrices/Nr25_Nc25/consumption/RandTrix_Nr25_Nc25_Nest0.4_Conn0.3312.txt matrices/Nr25_Nc25/syntrophy/optimized_alpha=0.005_gamma=0.5/Metamatrices 0.3312 0.396235521235521 1 1 fully_connected 0.0013 100000 0.21227 0.21168 0.00059 0 -7.72224837193044e-06
matrices/Nr25_Nc25/consumption/RandTrix_Nr25_Nc25_Nest0.35_Conn0.2208.txt matrices/Nr25_Nc25/syntrophy/optimized_alpha=0.005_gamma=0.5/Metamatrices 0.2208 0.347043701799486 0 -nan random_structure 0 100000 0.27948 0.27948 0 0 -1.35703670272736e-06
matrices/Nr25_Nc25/consumption/RandTrix_Nr25_Nc25_Nest0.4_Conn0.3312.txt matrices/Nr25_Nc25/syntrophy/optimized_alpha=0.005_gamma=0.5/Metamatrices 0.3312 0.396235521235521 0.495861664 0.558513839582349 optimized_matrix 0.0039 100000 0.19185 0.18203 0.00982 0 -8.61892664584131e-06
matrices/Nr25_Nc25/consumption/RandTrix_Nr25_Nc25_Nest0.4_Conn0.3712.txt matrices/Nr25_Nc25/syntrophy/optimized_alpha=0.005_gamma=0.5/Metamatrices 0.3712 0.40494527766518 1 1 fully_connected 0.0013 100000 0.2464 0.24639 1e-05 0 -3.58639152098527e-05
matrices/Nr25_Nc25/consumption/RandTrix_Nr25_Nc25_Nest0.55_Conn0.0992.txt matrices/Nr25_Nc25/syntrophy/optimized_alpha=0.005_gamma=0.5/Metamatrices 0.0992 0.548109965635739 1 1 fully_connected 0.0013 100000 0.07807 0.07807 0 0 -0.000115748054914374
matrices/Nr25_Nc25/consumption/RandTrix_Nr25_Nc25_Nest0.35_Conn0.272.txt matrices/Nr25_Nc25/syntrophy/optimized_alpha=0.005_gamma=0.5/Metamatrices 0.272 0.346769413159455 0 -nan random_structure 0 100000 0.27245 0.27245 0 0 -3.47292133426089e-05
matrices/Nr25_Nc25/consumption/RandTrix_Nr25_Nc25_Nest0.55_Conn0.1248.txt matrices/Nr25_Nc25/syntrophy/optimized_alpha=0.005_gamma=0.5/Metamatrices 0.1248 0.55 1 1 fully_connected 0.0013 100000 0.08127 0.08127 0 0 -5.24737838815072e-05
matrices/Nr25_Nc25/consumption/RandTrix_Nr25_Nc25_Nest0.4_Conn0.3712.txt matrices/Nr25_Nc25/syntrophy/optimized_alpha=0.005_gamma=0.5/Metamatrices 0.3712 0.40494527766518 0.499912496 0.562542229846622 optimized_matrix 0.0039 100000 0.23193 0.23113 0.0008 0 -3.79468601323104e-05
matrices/Nr25_Nc25/consumption/RandTrix_Nr25_Nc25_Nest0.55_Conn0.0992.txt matrices/Nr25_Nc25/syntrophy/optimized_alpha=0.005_gamma=0.5/Metamatrices 0.0992 0.548109965635739 0.464281968 0.679690522514822 optimized_matrix 0.0039 100000 0.04565 0.04565 0 0 -0.000160957890237085
matrices/Nr25_Nc25/consumption/RandTrix_Nr25_Nc25_Nest0.55_Conn0.184.txt matrices/Nr25_Nc25/syntrophy/optimized_alpha=0.005_gamma=0.5/Metamatrices 0.184 0.55019556714472 1 1 fully_connected 0.0013 100000 0.10847 0.10847 0 0 -1.67309438694184e-05
matrices/Nr25_Nc25/consumption/RandTrix_Nr25_Nc25_Nest0.35_Conn0.3216.txt matrices/Nr25_Nc25/syntrophy/optimized_alpha=0.005_gamma=0.5/Metamatrices 0.3216 0.354089219330855 0 -nan random_structure 0 100000 0.27104 0.27104 0 0 -1.03413868705331e-05
matrices/Nr25_Nc25/consumption/RandTrix_Nr25_Nc25_Nest0.55_Conn0.2304.txt matrices/Nr25_Nc25/syntrophy/optimized_alpha=0.005_gamma=0.5/Metamatrices 0.2304 0.55 1 1 fully_connected 0.0013 100000 0.0924 0.0924 0 0 -6.12493609907807e-06
matrices/Nr25_Nc25/consumption/RandTrix_Nr25_Nc25_Nest0.55_Conn0.1248.txt matrices/Nr25_Nc25/syntrophy/optimized_alpha=0.005_gamma=0.5/Metamatrices 0.1248 0.55 0.508859584 0.589706801525264 optimized_matrix 0.0039 100000 0.06224 0.06224 0 0 -6.25322155134782e-05
matrices/Nr25_Nc25/consumption/RandTrix_Nr25_Nc25_Nest0.55_Conn0.3024.txt matrices/Nr25_Nc25/syntrophy/optimized_alpha=0.005_gamma=0.5/Metamatrices 0.3024 0.550095724313976 1 1 fully_connected 0.0013 100000 0.10752 0.10713 0.00039 0 -4.13186502002228e-06
matrices/Nr25_Nc25/consumption/RandTrix_Nr25_Nc25_Nest0.55_Conn0.184.txt matrices/Nr25_Nc25/syntrophy/optimized_alpha=0.005_gamma=0.5/Metamatrices 0.184 0.55019556714472 0.503517248 0.566467214844569 optimized_matrix 0.0039 100000 0.07622 0.07622 0 0 -2.13968566707422e-05
matrices/Nr25_Nc25/consumption/RandTrix_Nr25_Nc25_Nest0.3_Conn0.0816.txt matrices/Nr25_Nc25/syntrophy/optimized_alpha=0.005_gamma=0.5/Metamatrices 0.0816 0.297435897435897 0 -nan random_structure 0 100000 0.26197 0.26197 0 0 -0.000159776814072058
matrices/Nr25_Nc25/consumption/RandTrix_Nr25_Nc25_Nest0.55_Conn0.2304.txt matrices/Nr25_Nc25/syntrophy/optimized_alpha=0.005_gamma=0.5/Metamatrices 0.2304 0.55 0.503091104 0.565258420492982 optimized_matrix 0.0039 100000 0.06627 0.06627 0 0 -7.38147139218604e-06
matrices/Nr25_Nc25/consumption/RandTrix_Nr25_Nc25_Nest0.55_Conn0.3344.txt matrices/Nr25_Nc25/syntrophy/optimized_alpha=0.005_gamma=0.5/Metamatrices 0.3344 0.547425474254743 1 1 fully_connected 0.0013 100000 0.1504 0.15017 0.00023 0 -1.11889804203293e-05
matrices/Nr25_Nc25/consumption/RandTrix_Nr25_Nc25_Nest0.55_Conn0.3024.txt matrices/Nr25_Nc25/syntrophy/optimized_alpha=0.005_gamma=0.5/Metamatrices 0.3024 0.550095724313976 0.503229216 0.565672099390899 optimized_matrix 0.0039 100000 0.0872 0.08534 0.00186 0 -4.60413729289872e-06
matrices/Nr25_Nc25/consumption/RandTrix_Nr25_Nc25_Nest0.3_Conn0.128.txt matrices/Nr25_Nc25/syntrophy/optimized_alpha=0.005_gamma=0.5/Metamatrices 0.128 0.3 0 -nan random_structure 0 100000 0.23594 0.23594 0 0 -1.45510208894827e-05
matrices/Nr25_Nc25/consumption/RandTrix_Nr25_Nc25_Nest0.55_Conn0.3824.txt matrices/Nr25_Nc25/syntrophy/optimized_alpha=0.005_gamma=0.5/Metamatrices 0.3824 0.547794117647059 1 1 fully_connected 0.0013 100000 0.15592 0.15313 0.00279 0 -1.78056311613184e-06
matrices/Nr25_Nc25/consumption/RandTrix_Nr25_Nc25_Nest0.55_Conn0.3344.txt matrices/Nr25_Nc25/syntrophy/optimized_alpha=0.005_gamma=0.5/Metamatrices 0.3344 0.547425474254743 0.500012784 0.562561422105708 optimized_matrix 0.0039 100000 0.12386 0.12283 0.00103 0 -1.33666534477451e-05
matrices/Nr25_Nc25/consumption/RandTrix_Nr25_Nc25_Nest0.55_Conn0.4176.txt matrices/Nr25_Nc25/syntrophy/optimized_alpha=0.005_gamma=0.5/Metamatrices 0.4176 0.546571541815299 1 1 fully_connected 0.0013 100000 0.19594 0.18413 0.01181 0 -3.18849983989296e-06
matrices/Nr25_Nc25/consumption/RandTrix_Nr25_Nc25_Nest0.3_Conn0.1776.txt matrices/Nr25_Nc25/syntrophy/optimized_alpha=0.005_gamma=0.5/Metamatrices 0.1776 0.3 0 -nan random_structure 0 100000 0.32869 0.32869 0 0 -3.35008789351537e-05
matrices/Nr25_Nc25/consumption/RandTrix_Nr25_Nc25_Nest0.55_Conn0.3824.txt matrices/Nr25_Nc25/syntrophy/optimized_alpha=0.005_gamma=0.5/Metamatrices 0.3824 0.547794117647059 0.499039568 0.561571315178137 optimized_matrix 0.0039 100000 0.13034 0.11894 0.0114 0 -2.23122870596446e-06
matrices/Nr25_Nc25/consumption/RandTrix_Nr25_Nc25_Nest0.5_Conn0.0912.txt matrices/Nr25_Nc25/syntrophy/optimized_alpha=0.005_gamma=0.5/Metamatrices 0.0912 0.50278293135436 1 1 fully_connected 0.0013 100000 0.08195 0.08195 0 0 -0.000116029038732536
matrices/Nr25_Nc25/consumption/RandTrix_Nr25_Nc25_Nest0.5_Conn0.1248.txt matrices/Nr25_Nc25/syntrophy/optimized_alpha=0.005_gamma=0.5/Metamatrices 0.1248 0.5 1 1 fully_connected 0.0013 100000 0.09508 0.09508 0 0 -7.88719273042913e-05
matrices/Nr25_Nc25/consumption/RandTrix_Nr25_Nc25_Nest0.55_Conn0.4176.txt matrices/Nr25_Nc25/syntrophy/optimized_alpha=0.005_gamma=0.5/Metamatrices 0.4176 0.546571541815299 0.497876448 0.560086229776802 optimized_matrix 0.0039 100000 0.17928 0.15637 0.02291 0 -3.66269997006914e-06
matrices/Nr25_Nc25/consumption/RandTrix_Nr25_Nc25_Nest0.5_Conn0.1744.txt matrices/Nr25_Nc25/syntrophy/optimized_alpha=0.005_gamma=0.5/Metamatrices 0.1744 0.5 1 1 fully_connected 0.0013 100000 0.13124 0.13124 0 0 -5.18600775182445e-05
matrices/Nr25_Nc25/consumption/RandTrix_Nr25_Nc25_Nest0.3_Conn0.2272.txt matrices/Nr25_Nc25/syntrophy/optimized_alpha=0.005_gamma=0.5/Metamatrices 0.2272 0.297439759036145 0 -nan random_structure 0 100000 0.31361 0.31361 0 0 -3.22364309649353e-05
matrices/Nr25_Nc25/consumption/RandTrix_Nr25_Nc25_Nest0.5_Conn0.0912.txt matrices/Nr25_Nc25/syntrophy/optimized_alpha=0.005_gamma=0.5/Metamatrices 0.0912 0.50278293135436 0.418946272 0.678039387814745 optimized_matrix 0.0039 100000 0.04552 0.04552 0 0 -0.000166522705278191
matrices/Nr25_Nc25/consumption/RandTrix_Nr25_Nc25_Nest0.5_Conn0.1248.txt matrices/Nr25_Nc25/syntrophy/optimized_alpha=0.005_gamma=0.5/Metamatrices 0.1248 0.5 0.50265856 0.565084952528763 optimized_matrix 0.0039 100000 0.0674 0.0674 0 0 -9.8775750919786e-05
matrices/Nr25_Nc25/consumption/RandTrix_Nr25_Nc25_Nest0.5_Conn0.2496.txt matrices/Nr25_Nc25/syntrophy/optimized_alpha=0.005_gamma=0.5/Metamatrices 0.2496 0.5 1 1 fully_connected 0.0013 100000 0.14315 0.14315 0 0 -1.66231432411138e-05
matrices/Nr25_Nc25/consumption/RandTrix_Nr25_Nc25_Nest0.5_Conn0.1744.txt matrices/Nr25_Nc25/syntrophy/optimized_alpha=0.005_gamma=0.5/Metamatrices 0.1744 0.5 0.500272816 0.56308568135412 optimized_matrix 0.0039 100000 0.09314 0.09314 0 0 -6.4240521690686e-05
matrices/Nr25_Nc25/consumption/RandTrix_Nr25_Nc25_Nest0.3_Conn0.2816.txt matrices/Nr25_Nc25/syntrophy/optimized_alpha=0.005_gamma=0.5/Metamatrices 0.2816 0.302762430939227 0 -nan random_structure 0 100000 0.32315 0.32315 0 0 -1.27525450395958e-05
matrices/Nr25_Nc25/consumption/RandTrix_Nr25_Nc25_Nest0.5_Conn0.2928.txt matrices/Nr25_Nc25/syntrophy/optimized_alpha=0.005_gamma=0.5/Metamatrices 0.2928 0.5 1 1 fully_connected 0.0013 100000 0.17682 0.17675 7e-05 0 -9.16123477293349e-06
matrices/Nr25_Nc25/consumption/RandTrix_Nr25_Nc25_Nest0.5_Conn0.2496.txt matrices/Nr25_Nc25/syntrophy/optimized_alpha=0.005_gamma=0.5/Metamatrices 0.2496 0.5 0.501362496 0.563730805037855 optimized_matrix 0.0039 100000 0.10584 0.10584 0 0 -2.06395115576471e-05
matrices/Nr25_Nc25/consumption/RandTrix_Nr25_Nc25_Nest0.45_Conn0.0816.txt matrices/Nr25_Nc25/syntrophy/optimized_alpha=0.005_gamma=0.5/Metamatrices 0.0816 0.452 0 -nan random_structure 0 100000 0.17461 0.17461 0 0 -7.06059340425653e-05
matrices/Nr25_Nc25/consumption/RandTrix_Nr25_Nc25_Nest0.5_Conn0.32.txt matrices/Nr25_Nc25/syntrophy/optimized_alpha=0.005_gamma=0.5/Metamatrices 0.32 0.498845265588915 1 1 fully_connected 0.0013 100000 0.18726 0.18657 0.00069 0 -5.168486471179e-06
matrices/Nr25_Nc25/consumption/RandTrix_Nr25_Nc25_Nest0.5_Conn0.2928.txt matrices/Nr25_Nc25/syntrophy/optimized_alpha=0.005_gamma=0.5/Metamatrices 0.2928 0.5 0.498913408 0.561445044870755 optimized_matrix 0.0039 100000 0.1442 0.1437 0.0005 0 -1.12638844442648e-05
matrices/Nr25_Nc25/consumption/RandTrix_Nr25_Nc25_Nest0.45_Conn0.1232.txt matrices/Nr25_Nc25/syntrophy/optimized_alpha=0.005_gamma=0.5/Metamatrices 0.1232 0.45 0 -nan random_structure 0 100000 0.18487 0.18487 0 0 -2.37036824563041e-05
matrices/Nr25_Nc25/consumption/RandTrix_Nr25_Nc25_Nest0.5_Conn0.3824.txt matrices/Nr25_Nc25/syntrophy/optimized_alpha=0.005_gamma=0.5/Metamatrices 0.3824 0.496305953933073 1 1 fully_connected 0.0013 100000 0.1939 0.19345 0.00045 0 -6.06634178259829e-06
matrices/Nr25_Nc25/consumption/RandTrix_Nr25_Nc25_Nest0.5_Conn0.32.txt matrices/Nr25_Nc25/syntrophy/optimized_alpha=0.005_gamma=0.5/Metamatrices 0.32 0.498845265588915 0.497300064 0.559801131172187 optimized_matrix 0.0039 100000 0.16088 0.15224 0.00864 0 -6.03005937452889e-06
matrices/Nr25_Nc25/consumption/RandTrix_Nr25_Nc25_Nest0.45_Conn0.1856.txt matrices/Nr25_Nc25/syntrophy/optimized_alpha=0.005_gamma=0.5/Metamatrices 0.1856 0.449874686716792 0 -nan random_structure 0 100000 0.25785 0.25785 0 0 -1.79823232508125e-05
matrices/Nr25_Nc25/consumption/RandTrix_Nr25_Nc25_Nest0.5_Conn0.416.txt matrices/Nr25_Nc25/syntrophy/optimized_alpha=0.005_gamma=0.5/Metamatrices 0.416 0.504988488104375 1 1 fully_connected 0.0013 100000 0.19205 0.19133 0.00072 0 -5.88145933565501e-06
matrices/Nr25_Nc25/consumption/RandTrix_Nr25_Nc25_Nest0.6_Conn0.12.txt matrices/Nr25_Nc25/syntrophy/optimized_alpha=0.005_gamma=0.5/Metamatrices 0.12 0.6 1 1 fully_connected 0.0013 100000 0.07838 0.07838 0 0 -9.39805269654644e-05
matrices/Nr25_Nc25/consumption/RandTrix_Nr25_Nc25_Nest0.5_Conn0.3824.txt matrices/Nr25_Nc25/syntrophy/optimized_alpha=0.005_gamma=0.5/Metamatrices 0.3824 0.496305953933073 0.49495056 0.557501210027864 optimized_matrix 0.0039 100000 0.17708 0.16755 0.00953 0 -6.9629956176637e-06
matrices/Nr25_Nc25/consumption/RandTrix_Nr25_Nc25_Nest0.45_Conn0.216.txt matrices/Nr25_Nc25/syntrophy/optimized_alpha=0.005_gamma=0.5/Metamatrices 0.216 0.45 0 -nan random_structure 0 100000 0.19964 0.19964 0 0 -4.34073210318885e-06
matrices/Nr25_Nc25/consumption/RandTrix_Nr25_Nc25_Nest0.6_Conn0.16.txt matrices/Nr25_Nc25/syntrophy/optimized_alpha=0.005_gamma=0.5/Metamatrices 0.16 0.6 1 1 fully_connected 0.0013 100000 0.07626 0.07626 0 0 -1.38958112717744e-05
matrices/Nr25_Nc25/consumption/RandTrix_Nr25_Nc25_Nest0.6_Conn0.2048.txt matrices/Nr25_Nc25/syntrophy/optimized_alpha=0.005_gamma=0.5/Metamatrices 0.2048 0.6 1 1 fully_connected 0.0013 100000 0.08005 0.08005 0 0 -7.04693405230542e-06
matrices/Nr25_Nc25/consumption/RandTrix_Nr25_Nc25_Nest0.5_Conn0.416.txt matrices/Nr25_Nc25/syntrophy/optimized_alpha=0.005_gamma=0.5/Metamatrices 0.416 0.504988488104375 0.504755248 0.567321137320389 optimized_matrix 0.0039 100000 0.16877 0.15785 0.01092 0 -7.19665919264054e-06
matrices/Nr25_Nc25/consumption/RandTrix_Nr25_Nc25_Nest0.45_Conn0.2672.txt matrices/Nr25_Nc25/syntrophy/optimized_alpha=0.005_gamma=0.5/Metamatrices 0.2672 0.446518305814788 0 -nan random_structure 0 100000 0.25585 0.25584 0 1e-05 -3.51299554276003e-06
matrices/Nr25_Nc25/consumption/RandTrix_Nr25_Nc25_Nest0.6_Conn0.3168.txt matrices/Nr25_Nc25/syntrophy/optimized_alpha=0.005_gamma=0.5/Metamatrices 0.3168 0.599869024230517 1 1 fully_connected 0.0013 100000 0.1083 0.1083 0 0 -8.25835880899355e-06
matrices/Nr25_Nc25/consumption/RandTrix_Nr25_Nc25_Nest0.6_Conn0.12.txt matrices/Nr25_Nc25/syntrophy/optimized_alpha=0.005_gamma=0.5/Metamatrices 0.12 0.6 0.529462608 0.631296148843929 optimized_matrix 0.0039 100000 0.05645 0.05645 0 0 -0.000116192897790617
matrices/Nr25_Nc25/consumption/RandTrix_Nr25_Nc25_Nest0.6_Conn0.16.txt matrices/Nr25_Nc25/syntrophy/optimized_alpha=0.005_gamma=0.5/Metamatrices 0.16 0.6 0.501244208 0.563787597994317 optimized_matrix 0.0039 100000 0.05932 0.05932 0 0 -1.59680587848914e-05
matrices/Nr25_Nc25/consumption/RandTrix_Nr25_Nc25_Nest0.6_Conn0.3712.txt matrices/Nr25_Nc25/syntrophy/optimized_alpha=0.005_gamma=0.5/Metamatrices 0.3712 0.595085995085995 1 1 fully_connected 0.0013 100000 0.144 0.14294 0.00106 0 -3.17518970212772e-06
matrices/Nr25_Nc25/consumption/RandTrix_Nr25_Nc25_Nest0.45_Conn0.3168.txt matrices/Nr25_Nc25/syntrophy/optimized_alpha=0.005_gamma=0.5/Metamatrices 0.3168 0.445459430413756 0 -nan random_structure 0 100000 0.22859 0.22859 0 0 -5.94005603714604e-06
matrices/Nr25_Nc25/consumption/RandTrix_Nr25_Nc25_Nest0.6_Conn0.2048.txt matrices/Nr25_Nc25/syntrophy/optimized_alpha=0.005_gamma=0.5/Metamatrices 0.2048 0.6 0.503371424 0.566238458800141 optimized_matrix 0.0039 100000 0.06104 0.06104 0 0 -8.34271191852841e-06
matrices/Nr25_Nc25/consumption/RandTrix_Nr25_Nc25_Nest0.6_Conn0.44.txt matrices/Nr25_Nc25/syntrophy/optimized_alpha=0.005_gamma=0.5/Metamatrices 0.44 0.6 1 1 fully_connected 0.0013 100000 0.1615 0.16108 0.00042 0 -1.11870969120685e-05
# File last opened on Thu Apr  4 11:05:26 2024
# We are writing, in that order, G-matrix location, A-matrix location, G connectance, G nestedness, A connectance, A nestedness, A-mode, alpha0 value, total number of simulations, proportion of feasible, stable, unstable, marginal and dominant eigenvalue
matrices/Nr25_Nc25/consumption/RandTrix_Nr25_Nc25_Nest0.6_Conn0.3168.txt matrices/Nr25_Nc25/syntrophy/optimized_alpha=0.005_gamma=0.5/Metamatrices 0.3168 0.599869024230517 0.500857664 0.563969828604277 optimized_matrix 0.0039 100000 0.08444 0.08442 2e-05 0 -9.44680112829587e-06
matrices/Nr25_Nc25/consumption/RandTrix_Nr25_Nc25_Nest0.45_Conn0.384.txt matrices/Nr25_Nc25/syntrophy/optimized_alpha=0.005_gamma=0.5/Metamatrices 0.384 0.452352708580467 0 -nan random_structure 0 100000 0.22358 0.22358 0 0 -2.19015648824831e-05
matrices/Nr25_Nc25/consumption/RandTrix_Nr25_Nc25_Nest0.6_Conn0.3712.txt matrices/Nr25_Nc25/syntrophy/optimized_alpha=0.005_gamma=0.5/Metamatrices 0.3712 0.595085995085995 0.502839824 0.565265158044994 optimized_matrix 0.0039 100000 0.12287 0.11482 0.00805 0 -3.77943467593294e-06
matrices/Nr25_Nc25/consumption/RandTrix_Nr25_Nc25_Nest0.15_Conn0.08.txt matrices/Nr25_Nc25/syntrophy/optimized_alpha=0.005_gamma=0.5/Metamatrices 0.0816 0.15 0.08154344 0.12759537929065 random_structure 0.0013 100000 0.30772 0.30772 0 0 -4.66016226926169e-05
matrices/Nr25_Nc25/consumption/RandTrix_Nr25_Nc25_Nest0.45_Conn0.424.txt matrices/Nr25_Nc25/syntrophy/optimized_alpha=0.005_gamma=0.5/Metamatrices 0.424 0.454737583656217 0 -nan random_structure 0 100000 0.24896 0.24896 0 0 -2.32934815990238e-05
matrices/Nr25_Nc25/consumption/RandTrix_Nr25_Nc25_Nest0.6_Conn0.44.txt matrices/Nr25_Nc25/syntrophy/optimized_alpha=0.005_gamma=0.5/Metamatrices 0.44 0.6 0.500261616 0.562683873203563 optimized_matrix 0.0039 100000 0.14558 0.14073 0.00485 0 -1.241816952278e-05
# File last opened on Thu Apr  4 11:10:37 2024
# We are writing, in that order, G-matrix location, A-matrix location, G connectance, G nestedness, A connectance, A nestedness, A-mode, alpha0 value, total number of simulations, proportion of feasible, stable, unstable, marginal and dominant eigenvalue
matrices/Nr25_Nc25/consumption/RandTrix_Nr25_Nc25_Nest0.4_Conn0.0784.txt matrices/Nr25_Nc25/syntrophy/optimized_alpha=0.005_gamma=0.5/Metamatrices 0.0784 0.4 0 -nan random_structure 0 100000 0.1919 0.1919 0 0 -8.92257773084061e-05
matrices/Nr25_Nc25/consumption/RandTrix_Nr25_Nc25_Nest0.15_Conn0.08.txt matrices/Nr25_Nc25/syntrophy/optimized_alpha=0.005_gamma=0.5/Metamatrices 0.0816 0.15 0.200596624 0.479473368067334 optimized_matrix 0.0013 100000 0.26102 0.26102 0 0 -5.50871678435514e-05
matrices/Nr25_Nc25/consumption/RandTrix_Nr25_Nc25_Nest0.15_Conn0.12.txt matrices/Nr25_Nc25/syntrophy/optimized_alpha=0.005_gamma=0.5/Metamatrices 0.12 0.151419558359621 0.1200596 0.170176625039745 random_structure 0.0013 100000 0.43841 0.43832 9e-05 0 -1.31980653945751e-05
matrices/Nr25_Nc25/consumption/RandTrix_Nr25_Nc25_Nest0.4_Conn0.1232.txt matrices/Nr25_Nc25/syntrophy/optimized_alpha=0.005_gamma=0.5/Metamatrices 0.1232 0.399558498896247 0 -nan random_structure 0 100000 0.2765 0.2765 0 0 -9.73307146916051e-05
matrices/Nr25_Nc25/consumption/RandTrix_Nr25_Nc25_Nest0.4_Conn0.2032.txt matrices/Nr25_Nc25/syntrophy/optimized_alpha=0.005_gamma=0.5/Metamatrices 0.2032 0.4 0 -nan random_structure 0 100000 0.21852 0.21852 0 0 -9.07850762014298e-06
matrices/Nr25_Nc25/consumption/RandTrix_Nr25_Nc25_Nest0.15_Conn0.12.txt matrices/Nr25_Nc25/syntrophy/optimized_alpha=0.005_gamma=0.5/Metamatrices 0.12 0.151419558359621 0.367452176 0.502377319154476 optimized_matrix 0.0013 100000 0.40031 0.40031 0 0 -1.46402827738375e-05
matrices/Nr25_Nc25/consumption/RandTrix_Nr25_Nc25_Nest0.15_Conn0.1808.txt matrices/Nr25_Nc25/syntrophy/optimized_alpha=0.005_gamma=0.5/Metamatrices 0.1808 0.158059467918623 0.180786336 0.235835684910872 random_structure 0.0013 100000 0.46441 0.4642 0.00021 0 -6.92490956163566e-05
matrices/Nr25_Nc25/consumption/RandTrix_Nr25_Nc25_Nest0.4_Conn0.2288.txt matrices/Nr25_Nc25/syntrophy/optimized_alpha=0.005_gamma=0.5/Metamatrices 0.2288 0.4 0 -nan random_structure 0 100000 0.24404 0.24404 0 0 -1.11906611527097e-06
matrices/Nr25_Nc25/consumption/RandTrix_Nr25_Nc25_Nest0.4_Conn0.272.txt matrices/Nr25_Nc25/syntrophy/optimized_alpha=0.005_gamma=0.5/Metamatrices 0.272 0.397260273972603 0 -nan random_structure 0 100000 0.25579 0.25579 0 0 -1.10929637728018e-05
matrices/Nr25_Nc25/consumption/RandTrix_Nr25_Nc25_Nest0.15_Conn0.1808.txt matrices/Nr25_Nc25/syntrophy/optimized_alpha=0.005_gamma=0.5/Metamatrices 0.1808 0.158059467918623 0.498304336 0.560898611504969 optimized_matrix 0.0013 100000 0.45453 0.45444 9e-05 0 -7.07349590438521e-05
matrices/Nr25_Nc25/consumption/RandTrix_Nr25_Nc25_Nest0.1_Conn0.0816.txt matrices/Nr25_Nc25/syntrophy/optimized_alpha=0.005_gamma=0.5/Metamatrices 0.0816 0.1 0.0816504 0.127706230677181 random_structure 0.0013 100000 0.44368 0.44368 0 0 -0.00019104374436764
matrices/Nr25_Nc25/consumption/RandTrix_Nr25_Nc25_Nest0.4_Conn0.3312.txt matrices/Nr25_Nc25/syntrophy/optimized_alpha=0.005_gamma=0.5/Metamatrices 0.3312 0.396235521235521 0 -nan random_structure 0 100000 0.24433 0.24433 0 0 -6.43390151611763e-06
matrices/Nr25_Nc25/consumption/RandTrix_Nr25_Nc25_Nest0.4_Conn0.3712.txt matrices/Nr25_Nc25/syntrophy/optimized_alpha=0.005_gamma=0.5/Metamatrices 0.3712 0.40494527766518 0 -nan random_structure 0 100000 0.25523 0.25523 0 0 -3.43992092901479e-05
matrices/Nr25_Nc25/consumption/RandTrix_Nr25_Nc25_Nest0.1_Conn0.0816.txt matrices/Nr25_Nc25/syntrophy/optimized_alpha=0.005_gamma=0.5/Metamatrices 0.0816 0.1 0.138218576 0.291928496041915 optimized_matrix 0.0013 100000 0.41774 0.41774 0 0 -0.00020342845994888
matrices/Nr25_Nc25/consumption/RandTrix_Nr25_Nc25_Nest0.55_Conn0.0992.txt matrices/Nr25_Nc25/syntrophy/optimized_alpha=0.005_gamma=0.5/Metamatrices 0.0992 0.548109965635739 0 -nan random_structure 0 100000 0.16462 0.16462 0 0 -6.3243912504005e-05
matrices/Nr25_Nc25/consumption/RandTrix_Nr25_Nc25_Nest0.1_Conn0.1296.txt matrices/Nr25_Nc25/syntrophy/optimized_alpha=0.005_gamma=0.5/Metamatrices 0.1296 0.10479375696767 0.129591072 0.180493497009967 random_structure 0.0013 100000 0.54925 0.53573 0.01352 0 -1.20050649673726e-05
matrices/Nr25_Nc25/consumption/RandTrix_Nr25_Nc25_Nest0.55_Conn0.1248.txt matrices/Nr25_Nc25/syntrophy/optimized_alpha=0.005_gamma=0.5/Metamatrices 0.1248 0.55 0 -nan random_structure 0 100000 0.17062 0.17062 0 0 -2.84914063227717e-05
matrices/Nr25_Nc25/consumption/RandTrix_Nr25_Nc25_Nest0.55_Conn0.184.txt matrices/Nr25_Nc25/syntrophy/optimized_alpha=0.005_gamma=0.5/Metamatrices 0.184 0.55019556714472 0 -nan random_structure 0 100000 0.21154 0.21154 0 0 -9.66589316906088e-06
matrices/Nr25_Nc25/consumption/RandTrix_Nr25_Nc25_Nest0.25_Conn0.0832.txt matrices/Nr25_Nc25/syntrophy/optimized_alpha=0.005_gamma=0.5/Metamatrices 0.0832 0.25 0.083113376 0.129358581384574 random_structure 0.0013 100000 0.30214 0.30214 0 0 -0.000308965086422744
matrices/Nr25_Nc25/consumption/RandTrix_Nr25_Nc25_Nest0.1_Conn0.1296.txt matrices/Nr25_Nc25/syntrophy/optimized_alpha=0.005_gamma=0.5/Metamatrices 0.1296 0.10479375696767 0.28123296 0.329929482337338 optimized_matrix 0.0013 100000 0.53713 0.52514 0.01199 0 -1.21646193900672e-05
matrices/Nr25_Nc25/consumption/RandTrix_Nr25_Nc25_Nest0.55_Conn0.2304.txt matrices/Nr25_Nc25/syntrophy/optimized_alpha=0.005_gamma=0.5/Metamatrices 0.2304 0.55 0 -nan random_structure 0 100000 0.18177 0.18177 0 0 -3.29958817912325e-06
matrices/Nr25_Nc25/consumption/RandTrix_Nr25_Nc25_Nest0.25_Conn0.1392.txt matrices/Nr25_Nc25/syntrophy/optimized_alpha=0.005_gamma=0.5/Metamatrices 0.1392 0.25 0.13922688 0.19102487756611 random_structure 0.0013 100000 0.2959 0.2959 0 0 -3.48756651730589e-05
matrices/Nr25_Nc25/consumption/RandTrix_Nr25_Nc25_Nest0.55_Conn0.3024.txt matrices/Nr25_Nc25/syntrophy/optimized_alpha=0.005_gamma=0.5/Metamatrices 0.3024 0.550095724313976 0 -nan random_structure 0 100000 0.20006 0.20006 0 0 -2.46764306673825e-06
matrices/Nr25_Nc25/consumption/RandTrix_Nr25_Nc25_Nest0.25_Conn0.0832.txt matrices/Nr25_Nc25/syntrophy/optimized_alpha=0.005_gamma=0.5/Metamatrices 0.0832 0.25 0.322301312 0.578597739891471 optimized_matrix 0.0013 100000 0.2499 0.2499 0 0 -0.000376152829389848
matrices/Nr25_Nc25/consumption/RandTrix_Nr25_Nc25_Nest0.55_Conn0.3344.txt matrices/Nr25_Nc25/syntrophy/optimized_alpha=0.005_gamma=0.5/Metamatrices 0.3344 0.547425474254743 0 -nan random_structure 0 100000 0.2072 0.2072 0 0 -8.33599754138119e-06
matrices/Nr25_Nc25/consumption/RandTrix_Nr25_Nc25_Nest0.25_Conn0.184.txt matrices/Nr25_Nc25/syntrophy/optimized_alpha=0.005_gamma=0.5/Metamatrices 0.184 0.245901639344262 0.183953904 0.239255313202819 random_structure 0.0013 100000 0.31467 0.30037 0.0143 0 -3.05730843687859e-06
matrices/Nr25_Nc25/consumption/RandTrix_Nr25_Nc25_Nest0.25_Conn0.1392.txt matrices/Nr25_Nc25/syntrophy/optimized_alpha=0.005_gamma=0.5/Metamatrices 0.1392 0.25 0.495091616 0.558237780261642 optimized_matrix 0.0013 100000 0.24494 0.24494 0 0 -4.12399425546607e-05
matrices/Nr25_Nc25/consumption/RandTrix_Nr25_Nc25_Nest0.55_Conn0.3824.txt matrices/Nr25_Nc25/syntrophy/optimized_alpha=0.005_gamma=0.5/Metamatrices 0.3824 0.547794117647059 0 -nan random_structure 0 100000 0.20876 0.20875 0 1e-05 -1.33370327105493e-06
matrices/Nr25_Nc25/consumption/RandTrix_Nr25_Nc25_Nest0.25_Conn0.2336.txt matrices/Nr25_Nc25/syntrophy/optimized_alpha=0.005_gamma=0.5/Metamatrices 0.2336 0.252631578947368 0.233576848 0.291840549287964 random_structure 0.0013 100000 0.33592 0.33588 4e-05 0 -5.92504670908214e-05
matrices/Nr25_Nc25/consumption/RandTrix_Nr25_Nc25_Nest0.55_Conn0.4176.txt matrices/Nr25_Nc25/syntrophy/optimized_alpha=0.005_gamma=0.5/Metamatrices 0.4176 0.546571541815299 0 -nan random_structure 0 100000 0.20989 0.20988 0 1e-05 -2.71107199651627e-06
matrices/Nr25_Nc25/consumption/RandTrix_Nr25_Nc25_Nest0.25_Conn0.184.txt matrices/Nr25_Nc25/syntrophy/optimized_alpha=0.005_gamma=0.5/Metamatrices 0.184 0.245901639344262 0.497657056 0.560293097275365 optimized_matrix 0.0013 100000 0.27673 0.26589 0.01084 0 -3.45153961775735e-06
matrices/Nr25_Nc25/consumption/RandTrix_Nr25_Nc25_Nest0.5_Conn0.0912.txt matrices/Nr25_Nc25/syntrophy/optimized_alpha=0.005_gamma=0.5/Metamatrices 0.0912 0.50278293135436 0 -nan random_structure 0 100000 0.16973 0.16973 0 0 -6.49162270768801e-05
matrices/Nr25_Nc25/consumption/RandTrix_Nr25_Nc25_Nest0.2_Conn0.0896.txt matrices/Nr25_Nc25/syntrophy/optimized_alpha=0.005_gamma=0.5/Metamatrices 0.0896 0.2 0.089666384 0.136644480958498 random_structure 0.0013 100000 0.26305 0.26305 0 0 -3.16000899724959e-05
matrices/Nr25_Nc25/consumption/RandTrix_Nr25_Nc25_Nest0.5_Conn0.1248.txt matrices/Nr25_Nc25/syntrophy/optimized_alpha=0.005_gamma=0.5/Metamatrices 0.1248 0.5 0 -nan random_structure 0 100000 0.1917 0.1917 0 0 -4.31820316159162e-05
matrices/Nr25_Nc25/consumption/RandTrix_Nr25_Nc25_Nest0.25_Conn0.2336.txt matrices/Nr25_Nc25/syntrophy/optimized_alpha=0.005_gamma=0.5/Metamatrices 0.2336 0.252631578947368 0.504302112 0.566586879574538 optimized_matrix 0.0013 100000 0.32346 0.32346 0 0 -6.29570592347106e-05
matrices/Nr25_Nc25/consumption/RandTrix_Nr25_Nc25_Nest0.5_Conn0.1744.txt matrices/Nr25_Nc25/syntrophy/optimized_alpha=0.005_gamma=0.5/Metamatrices 0.1744 0.5 0 -nan random_structure 0 100000 0.2421 0.2421 0 0 -3.09459673645934e-05
matrices/Nr25_Nc25/consumption/RandTrix_Nr25_Nc25_Nest0.2_Conn0.1328.txt matrices/Nr25_Nc25/syntrophy/optimized_alpha=0.005_gamma=0.5/Metamatrices 0.1328 0.2 0.132755312 0.183949064170993 random_structure 0.0013 100000 0.36972 0.36848 0.00124 0 -3.96148196260007e-06
matrices/Nr25_Nc25/consumption/RandTrix_Nr25_Nc25_Nest0.2_Conn0.0896.txt matrices/Nr25_Nc25/syntrophy/optimized_alpha=0.005_gamma=0.5/Metamatrices 0.0896 0.2 0.203452512 0.450963617779204 optimized_matrix 0.0013 100000 0.25739 0.25739 0 0 -3.32149496749338e-05
matrices/Nr25_Nc25/consumption/RandTrix_Nr25_Nc25_Nest0.5_Conn0.2496.txt matrices/Nr25_Nc25/syntrophy/optimized_alpha=0.005_gamma=0.5/Metamatrices 0.2496 0.5 0 -nan random_structure 0 100000 0.25403 0.25403 0 0 -1.02366303411202e-05
matrices/Nr25_Nc25/consumption/RandTrix_Nr25_Nc25_Nest0.2_Conn0.168.txt matrices/Nr25_Nc25/syntrophy/optimized_alpha=0.005_gamma=0.5/Metamatrices 0.168 0.202270381836945 0.167912752 0.22211544267562 random_structure 0.0013 100000 0.34655 0.34649 6e-05 0 -1.16986074458521e-05
matrices/Nr25_Nc25/consumption/RandTrix_Nr25_Nc25_Nest0.5_Conn0.2928.txt matrices/Nr25_Nc25/syntrophy/optimized_alpha=0.005_gamma=0.5/Metamatrices 0.2928 0.5 0 -nan random_structure 0 100000 0.23618 0.23618 0 0 -7.10870376757317e-06
matrices/Nr25_Nc25/consumption/RandTrix_Nr25_Nc25_Nest0.2_Conn0.1328.txt matrices/Nr25_Nc25/syntrophy/optimized_alpha=0.005_gamma=0.5/Metamatrices 0.1328 0.2 0.469595888 0.552937595455866 optimized_matrix 0.0013 100000 0.32006 0.31979 0.00027 0 -4.56116997852125e-06
matrices/Nr25_Nc25/consumption/RandTrix_Nr25_Nc25_Nest0.35_Conn0.08.txt matrices/Nr25_Nc25/syntrophy/optimized_alpha=0.005_gamma=0.5/Metamatrices 0.08 0.35 0.079996976 0.125904242912168 random_structure 0.0013 100000 0.18882 0.18882 0 0 -0.000105067908382201
matrices/Nr25_Nc25/consumption/RandTrix_Nr25_Nc25_Nest0.5_Conn0.32.txt matrices/Nr25_Nc25/syntrophy/optimized_alpha=0.005_gamma=0.5/Metamatrices 0.32 0.498845265588915 0 -nan random_structure 0 100000 0.22028 0.22027 0 1e-05 -4.48981856203875e-06
matrices/Nr25_Nc25/consumption/RandTrix_Nr25_Nc25_Nest0.35_Conn0.1328.txt matrices/Nr25_Nc25/syntrophy/optimized_alpha=0.005_gamma=0.5/Metamatrices 0.1328 0.35 0.132751504 0.184081525089024 random_structure 0.0013 100000 0.18223 0.18223 0 0 -9.63668542313002e-06
matrices/Nr25_Nc25/consumption/RandTrix_Nr25_Nc25_Nest0.2_Conn0.168.txt matrices/Nr25_Nc25/syntrophy/optimized_alpha=0.005_gamma=0.5/Metamatrices 0.168 0.202270381836945 0.501259312 0.56371747763855 optimized_matrix 0.0013 100000 0.30212 0.30212 0 0 -1.36490919084107e-05
matrices/Nr25_Nc25/consumption/RandTrix_Nr25_Nc25_Nest0.5_Conn0.3824.txt matrices/Nr25_Nc25/syntrophy/optimized_alpha=0.005_gamma=0.5/Metamatrices 0.3824 0.496305953933073 0 -nan random_structure 0 100000 0.21644 0.21644 0 0 -5.36349522835898e-06
matrices/Nr25_Nc25/consumption/RandTrix_Nr25_Nc25_Nest0.35_Conn0.1712.txt matrices/Nr25_Nc25/syntrophy/optimized_alpha=0.005_gamma=0.5/Metamatrices 0.1712 0.35 0.171143824 0.225487657296449 random_structure 0.0013 100000 0.19444 0.19388 0.00056 0 -1.31812419938984e-06
matrices/Nr25_Nc25/consumption/RandTrix_Nr25_Nc25_Nest0.35_Conn0.08.txt matrices/Nr25_Nc25/syntrophy/optimized_alpha=0.005_gamma=0.5/Metamatrices 0.08 0.35 0.288467216 0.582240537065094 optimized_matrix 0.0013 100000 0.12336 0.12336 0 0 -0.0001520435782571
matrices/Nr25_Nc25/consumption/RandTrix_Nr25_Nc25_Nest0.5_Conn0.416.txt matrices/Nr25_Nc25/syntrophy/optimized_alpha=0.005_gamma=0.5/Metamatrices 0.416 0.504988488104375 0 -nan random_structure 0 100000 0.22573 0.22573 0 0 -5.16746209104604e-06
matrices/Nr25_Nc25/consumption/RandTrix_Nr25_Nc25_Nest0.35_Conn0.1328.txt matrices/Nr25_Nc25/syntrophy/optimized_alpha=0.005_gamma=0.5/Metamatrices 0.1328 0.35 0.501616608 0.56437859817906 optimized_matrix 0.0013 100000 0.13452 0.13452 0 0 -1.27804923163911e-05
matrices/Nr25_Nc25/consumption/RandTrix_Nr25_Nc25_Nest0.35_Conn0.2208.txt matrices/Nr25_Nc25/syntrophy/optimized_alpha=0.005_gamma=0.5/Metamatrices 0.2208 0.347043701799486 0.220786352 0.278331875332429 random_structure 0.0013 100000 0.26453 0.24896 0.01557 0 -1.55667501239156e-06
matrices/Nr25_Nc25/consumption/RandTrix_Nr25_Nc25_Nest0.6_Conn0.12.txt matrices/Nr25_Nc25/syntrophy/optimized_alpha=0.005_gamma=0.5/Metamatrices 0.12 0.6 0 -nan random_structure 0 100000 0.1622 0.1622 0 0 -5.18577727021643e-05
matrices/Nr25_Nc25/consumption/RandTrix_Nr25_Nc25_Nest0.35_Conn0.1712.txt matrices/Nr25_Nc25/syntrophy/optimized_alpha=0.005_gamma=0.5/Metamatrices 0.1712 0.35 0.500647344 0.563419028700934 optimized_matrix 0.0013 100000 0.14696 0.14696 0 0 -1.70501619577287e-06
matrices/Nr25_Nc25/consumption/RandTrix_Nr25_Nc25_Nest0.6_Conn0.16.txt matrices/Nr25_Nc25/syntrophy/optimized_alpha=0.005_gamma=0.5/Metamatrices 0.16 0.6 0 -nan random_structure 0 100000 0.15146 0.15146 0 0 -7.67884845433954e-06
matrices/Nr25_Nc25/consumption/RandTrix_Nr25_Nc25_Nest0.35_Conn0.272.txt matrices/Nr25_Nc25/syntrophy/optimized_alpha=0.005_gamma=0.5/Metamatrices 0.272 0.346769413159455 0.272006016 0.331959923704815 random_structure 0.0013 100000 0.27031 0.2702 0.00011 0 -3.50290149358358e-05
matrices/Nr25_Nc25/consumption/RandTrix_Nr25_Nc25_Nest0.6_Conn0.2048.txt matrices/Nr25_Nc25/syntrophy/optimized_alpha=0.005_gamma=0.5/Metamatrices 0.2048 0.6 0 -nan random_structure 0 100000 0.16371 0.16371 0 0 -3.89192032162585e-06
matrices/Nr25_Nc25/consumption/RandTrix_Nr25_Nc25_Nest0.35_Conn0.2208.txt matrices/Nr25_Nc25/syntrophy/optimized_alpha=0.005_gamma=0.5/Metamatrices 0.2208 0.347043701799486 0.503702352 0.566092980942237 optimized_matrix 0.0013 100000 0.24676 0.23362 0.01314 0 -1.66640221226807e-06
matrices/Nr25_Nc25/consumption/RandTrix_Nr25_Nc25_Nest0.35_Conn0.3216.txt matrices/Nr25_Nc25/syntrophy/optimized_alpha=0.005_gamma=0.5/Metamatrices 0.3216 0.354089219330855 0.32158664 0.383217870166608 random_structure 0.0013 100000 0.27136 0.26536 0.006 0 -1.04594529319869e-05
matrices/Nr25_Nc25/consumption/RandTrix_Nr25_Nc25_Nest0.6_Conn0.3168.txt matrices/Nr25_Nc25/syntrophy/optimized_alpha=0.005_gamma=0.5/Metamatrices 0.3168 0.599869024230517 0 -nan random_structure 0 100000 0.20018 0.20018 0 0 -4.93878039736416e-06
matrices/Nr25_Nc25/consumption/RandTrix_Nr25_Nc25_Nest0.35_Conn0.272.txt matrices/Nr25_Nc25/syntrophy/optimized_alpha=0.005_gamma=0.5/Metamatrices 0.272 0.346769413159455 0.498463872 0.560870723792059 optimized_matrix 0.0013 100000 0.26746 0.26739 7e-05 0 -3.59368122393548e-05
matrices/Nr25_Nc25/consumption/RandTrix_Nr25_Nc25_Nest0.3_Conn0.0816.txt matrices/Nr25_Nc25/syntrophy/optimized_alpha=0.005_gamma=0.5/Metamatrices 0.0816 0.297435897435897 0.081578816 0.127690488446893 random_structure 0.0013 100000 0.24724 0.24724 0 0 -0.00016642197580355
matrices/Nr25_Nc25/consumption/RandTrix_Nr25_Nc25_Nest0.6_Conn0.3712.txt matrices/Nr25_Nc25/syntrophy/optimized_alpha=0.005_gamma=0.5/Metamatrices 0.3712 0.595085995085995 0 -nan random_structure 0 100000 0.19831 0.1983 0 1e-05 -2.3607607632966e-06
matrices/Nr25_Nc25/consumption/RandTrix_Nr25_Nc25_Nest0.3_Conn0.128.txt matrices/Nr25_Nc25/syntrophy/optimized_alpha=0.005_gamma=0.5/Metamatrices 0.128 0.3 0.12796384 0.178782387295096 random_structure 0.0013 100000 0.21579 0.21579 0 0 -1.55062876874286e-05
matrices/Nr25_Nc25/consumption/RandTrix_Nr25_Nc25_Nest0.6_Conn0.44.txt matrices/Nr25_Nc25/syntrophy/optimized_alpha=0.005_gamma=0.5/Metamatrices 0.44 0.6 0 -nan random_structure 0 100000 0.18009 0.18009 0 0 -9.64345004993197e-06
# File last opened on Thu Apr  4 12:18:27 2024
# We are writing, in that order, G-matrix location, A-matrix location, G connectance, G nestedness, A connectance, A nestedness, A-mode, alpha0 value, total number of simulations, proportion of feasible, stable, unstable, marginal and dominant eigenvalue
matrices/Nr25_Nc25/consumption/RandTrix_Nr25_Nc25_Nest0.15_Conn0.08.txt matrices/Nr25_Nc25/syntrophy/optimized_alpha=0.005_gamma=0.5/Metamatrices 0.0816 0.15 1 1 fully_connected 0.0091 100000 0.00079 0.00079 0 0 -0.000163338476657369
matrices/Nr25_Nc25/consumption/RandTrix_Nr25_Nc25_Nest0.15_Conn0.12.txt matrices/Nr25_Nc25/syntrophy/optimized_alpha=0.005_gamma=0.5/Metamatrices 0.12 0.151419558359621 1 1 fully_connected 0.0091 100000 0.0033 0.0033 0 0 -3.70200493402892e-05
matrices/Nr25_Nc25/consumption/RandTrix_Nr25_Nc25_Nest0.35_Conn0.3216.txt matrices/Nr25_Nc25/syntrophy/optimized_alpha=0.005_gamma=0.5/Metamatrices 0.3216 0.354089219330855 0.498219312 0.560944453661425 optimized_matrix 0.0013 100000 0.26919 0.26342 0.00577 0 -1.05150982946644e-05
matrices/Nr25_Nc25/consumption/RandTrix_Nr25_Nc25_Nest0.3_Conn0.1776.txt matrices/Nr25_Nc25/syntrophy/optimized_alpha=0.005_gamma=0.5/Metamatrices 0.1776 0.3 0.177644912 0.232486576088497 random_structure 0.0013 100000 0.31041 0.31041 0 0 -3.5536555592403e-05
matrices/Nr25_Nc25/consumption/RandTrix_Nr25_Nc25_Nest0.3_Conn0.0816.txt matrices/Nr25_Nc25/syntrophy/optimized_alpha=0.005_gamma=0.5/Metamatrices 0.0816 0.297435897435897 0.256733552 0.581259499621654 optimized_matrix 0.0013 100000 0.19707 0.19707 0 0 -0.000205081534635492
matrices/Nr25_Nc25/consumption/RandTrix_Nr25_Nc25_Nest0.15_Conn0.1808.txt matrices/Nr25_Nc25/syntrophy/optimized_alpha=0.005_gamma=0.5/Metamatrices 0.1808 0.158059467918623 1 1 fully_connected 0.0091 100000 0.26828 0.26827 1e-05 0 -0.000115453053239547
matrices/Nr25_Nc25/consumption/RandTrix_Nr25_Nc25_Nest0.1_Conn0.0816.txt matrices/Nr25_Nc25/syntrophy/optimized_alpha=0.005_gamma=0.5/Metamatrices 0.0816 0.1 1 1 fully_connected 0.0091 100000 0.00067 0.00067 0 0 -0.00057542579330101
matrices/Nr25_Nc25/consumption/RandTrix_Nr25_Nc25_Nest0.3_Conn0.128.txt matrices/Nr25_Nc25/syntrophy/optimized_alpha=0.005_gamma=0.5/Metamatrices 0.128 0.3 0.491515728 0.55940010194379 optimized_matrix 0.0013 100000 0.16299 0.16299 0 0 -1.99547074846452e-05
matrices/Nr25_Nc25/consumption/RandTrix_Nr25_Nc25_Nest0.3_Conn0.2272.txt matrices/Nr25_Nc25/syntrophy/optimized_alpha=0.005_gamma=0.5/Metamatrices 0.2272 0.297439759036145 0.227270352 0.285125069449428 random_structure 0.0013 100000 0.30534 0.30524 0.0001 0 -3.32866742328512e-05
matrices/Nr25_Nc25/consumption/RandTrix_Nr25_Nc25_Nest0.1_Conn0.1296.txt matrices/Nr25_Nc25/syntrophy/optimized_alpha=0.005_gamma=0.5/Metamatrices 0.1296 0.10479375696767 1 1 fully_connected 0.0091 100000 0.18602 0.18443 0.00159 0 -2.35492916064355e-05
matrices/Nr25_Nc25/consumption/RandTrix_Nr25_Nc25_Nest0.25_Conn0.0832.txt matrices/Nr25_Nc25/syntrophy/optimized_alpha=0.005_gamma=0.5/Metamatrices 0.0832 0.25 1 1 fully_connected 0.0091 100000 0.0002 0.0002 0 0 -0.00154086099338182
matrices/Nr25_Nc25/consumption/RandTrix_Nr25_Nc25_Nest0.25_Conn0.1392.txt matrices/Nr25_Nc25/syntrophy/optimized_alpha=0.005_gamma=0.5/Metamatrices 0.1392 0.25 1 1 fully_connected 0.0091 100000 0.00098 0.00098 0 0 -0.000112174300556254
matrices/Nr25_Nc25/consumption/RandTrix_Nr25_Nc25_Nest0.25_Conn0.184.txt matrices/Nr25_Nc25/syntrophy/optimized_alpha=0.005_gamma=0.5/Metamatrices 0.184 0.245901639344262 1 1 fully_connected 0.0091 100000 0.00965 0.00955 0.0001 0 -9.97200179278833e-06
matrices/Nr25_Nc25/consumption/RandTrix_Nr25_Nc25_Nest0.3_Conn0.1776.txt matrices/Nr25_Nc25/syntrophy/optimized_alpha=0.005_gamma=0.5/Metamatrices 0.1776 0.3 0.496905008 0.559188524086186 optimized_matrix 0.0013 100000 0.26839 0.26839 0 0 -4.10409388316039e-05
matrices/Nr25_Nc25/consumption/RandTrix_Nr25_Nc25_Nest0.25_Conn0.2336.txt matrices/Nr25_Nc25/syntrophy/optimized_alpha=0.005_gamma=0.5/Metamatrices 0.2336 0.252631578947368 1 1 fully_connected 0.0091 100000 0.13248 0.13248 0 0 -0.000121036850522687
matrices/Nr25_Nc25/consumption/RandTrix_Nr25_Nc25_Nest0.2_Conn0.0896.txt matrices/Nr25_Nc25/syntrophy/optimized_alpha=0.005_gamma=0.5/Metamatrices 0.0896 0.2 1 1 fully_connected 0.0091 100000 0.00066 0.00066 0 0 -0.000110960188357564
matrices/Nr25_Nc25/consumption/RandTrix_Nr25_Nc25_Nest0.3_Conn0.2816.txt matrices/Nr25_Nc25/syntrophy/optimized_alpha=0.005_gamma=0.5/Metamatrices 0.2816 0.302762430939227 0.281599216 0.341924575730716 random_structure 0.0013 100000 0.32035 0.31543 0.00492 0 -1.30648431848612e-05
matrices/Nr25_Nc25/consumption/RandTrix_Nr25_Nc25_Nest0.2_Conn0.1328.txt matrices/Nr25_Nc25/syntrophy/optimized_alpha=0.005_gamma=0.5/Metamatrices 0.1328 0.2 1 1 fully_connected 0.0091 100000 0.00307 0.00307 0 0 -1.19591954901521e-05
matrices/Nr25_Nc25/consumption/RandTrix_Nr25_Nc25_Nest0.2_Conn0.168.txt matrices/Nr25_Nc25/syntrophy/optimized_alpha=0.005_gamma=0.5/Metamatrices 0.168 0.202270381836945 1 1 fully_connected 0.0091 100000 0.00432 0.00432 0 0 -3.75568466373172e-05
matrices/Nr25_Nc25/consumption/RandTrix_Nr25_Nc25_Nest0.35_Conn0.08.txt matrices/Nr25_Nc25/syntrophy/optimized_alpha=0.005_gamma=0.5/Metamatrices 0.08 0.35 1 1 fully_connected 0.0091 100000 0.00048 0.00048 0 0 -0.000389483936094247
matrices/Nr25_Nc25/consumption/RandTrix_Nr25_Nc25_Nest0.35_Conn0.1328.txt matrices/Nr25_Nc25/syntrophy/optimized_alpha=0.005_gamma=0.5/Metamatrices 0.1328 0.35 1 1 fully_connected 0.0091 100000 0.00072 0.00072 0 0 -3.72613716319306e-05
matrices/Nr25_Nc25/consumption/RandTrix_Nr25_Nc25_Nest0.35_Conn0.1712.txt matrices/Nr25_Nc25/syntrophy/optimized_alpha=0.005_gamma=0.5/Metamatrices 0.1712 0.35 1 1 fully_connected 0.0091 100000 0.00274 0.00274 0 0 -5.90950631030309e-06
matrices/Nr25_Nc25/consumption/RandTrix_Nr25_Nc25_Nest0.45_Conn0.0816.txt matrices/Nr25_Nc25/syntrophy/optimized_alpha=0.005_gamma=0.5/Metamatrices 0.0816 0.452 0.081576784 0.127621490825271 random_structure 0.0013 100000 0.16616 0.16616 0 0 -7.49056596700502e-05
matrices/Nr25_Nc25/consumption/RandTrix_Nr25_Nc25_Nest0.35_Conn0.2208.txt matrices/Nr25_Nc25/syntrophy/optimized_alpha=0.005_gamma=0.5/Metamatrices 0.2208 0.347043701799486 1 1 fully_connected 0.0091 100000 0.05787 0.05624 0.00163 0 -4.07221958444153e-06
matrices/Nr25_Nc25/consumption/RandTrix_Nr25_Nc25_Nest0.3_Conn0.2272.txt matrices/Nr25_Nc25/syntrophy/optimized_alpha=0.005_gamma=0.5/Metamatrices 0.2272 0.297439759036145 0.5007808 0.562879496929306 optimized_matrix 0.0013 100000 0.28735 0.28731 4e-05 0 -3.50218692782457e-05
matrices/Nr25_Nc25/consumption/RandTrix_Nr25_Nc25_Nest0.45_Conn0.1232.txt matrices/Nr25_Nc25/syntrophy/optimized_alpha=0.005_gamma=0.5/Metamatrices 0.1232 0.45 0.12315704 0.173517349826708 random_structure 0.0013 100000 0.16764 0.16764 0 0 -2.58610018266687e-05
matrices/Nr25_Nc25/consumption/RandTrix_Nr25_Nc25_Nest0.35_Conn0.272.txt matrices/Nr25_Nc25/syntrophy/optimized_alpha=0.005_gamma=0.5/Metamatrices 0.272 0.346769413159455 1 1 fully_connected 0.0091 100000 0.12049 0.12049 0 0 -6.87680220640694e-05
matrices/Nr25_Nc25/consumption/RandTrix_Nr25_Nc25_Nest0.35_Conn0.3216.txt matrices/Nr25_Nc25/syntrophy/optimized_alpha=0.005_gamma=0.5/Metamatrices 0.3216 0.354089219330855 1 1 fully_connected 0.0091 100000 0.13978 0.13921 0.00057 0 -1.86634825743181e-05
matrices/Nr25_Nc25/consumption/RandTrix_Nr25_Nc25_Nest0.3_Conn0.0816.txt matrices/Nr25_Nc25/syntrophy/optimized_alpha=0.005_gamma=0.5/Metamatrices 0.0816 0.297435897435897 1 1 fully_connected 0.0091 100000 0.00017 0.00017 0 0 -0.000631954420406451
matrices/Nr25_Nc25/consumption/RandTrix_Nr25_Nc25_Nest0.45_Conn0.1856.txt matrices/Nr25_Nc25/syntrophy/optimized_alpha=0.005_gamma=0.5/Metamatrices 0.1856 0.449874686716792 0.185651904 0.241018467824665 random_structure 0.0013 100000 0.22811 0.22811 0 0 -1.99609082033815e-05
matrices/Nr25_Nc25/consumption/RandTrix_Nr25_Nc25_Nest0.3_Conn0.128.txt matrices/Nr25_Nc25/syntrophy/optimized_alpha=0.005_gamma=0.5/Metamatrices 0.128 0.3 1 1 fully_connected 0.0091 100000 0.00138 0.00138 0 0 -5.65572952862773e-05
matrices/Nr25_Nc25/consumption/RandTrix_Nr25_Nc25_Nest0.3_Conn0.1776.txt matrices/Nr25_Nc25/syntrophy/optimized_alpha=0.005_gamma=0.5/Metamatrices 0.1776 0.3 1 1 fully_connected 0.0091 100000 0.0055 0.0055 0 0 -0.000114503638581373
matrices/Nr25_Nc25/consumption/RandTrix_Nr25_Nc25_Nest0.3_Conn0.2816.txt matrices/Nr25_Nc25/syntrophy/optimized_alpha=0.005_gamma=0.5/Metamatrices 0.2816 0.302762430939227 0.49851608 0.561183825493516 optimized_matrix 0.0013 100000 0.31607 0.31214 0.00393 0 -1.34861647780583e-05
matrices/Nr25_Nc25/consumption/RandTrix_Nr25_Nc25_Nest0.3_Conn0.2272.txt matrices/Nr25_Nc25/syntrophy/optimized_alpha=0.005_gamma=0.5/Metamatrices 0.2272 0.297439759036145 1 1 fully_connected 0.0091 100000 0.07227 0.07226 1e-05 0 -8.13509336640516e-05
matrices/Nr25_Nc25/consumption/RandTrix_Nr25_Nc25_Nest0.45_Conn0.216.txt matrices/Nr25_Nc25/syntrophy/optimized_alpha=0.005_gamma=0.5/Metamatrices 0.216 0.45 0.215925744 0.273228251723648 random_structure 0.0013 100000 0.17609 0.17599 0.0001 0 -4.91590403964753e-06
matrices/Nr25_Nc25/consumption/RandTrix_Nr25_Nc25_Nest0.45_Conn0.0816.txt matrices/Nr25_Nc25/syntrophy/optimized_alpha=0.005_gamma=0.5/Metamatrices 0.0816 0.452 0.360060096 0.604172194080551 optimized_matrix 0.0013 100000 0.09865 0.09865 0 0 -0.000119942703828752
matrices/Nr25_Nc25/consumption/RandTrix_Nr25_Nc25_Nest0.3_Conn0.2816.txt matrices/Nr25_Nc25/syntrophy/optimized_alpha=0.005_gamma=0.5/Metamatrices 0.2816 0.302762430939227 1 1 fully_connected 0.0091 100000 0.12425 0.12386 0.00039 0 -2.66155529103276e-05
matrices/Nr25_Nc25/consumption/RandTrix_Nr25_Nc25_Nest0.45_Conn0.0816.txt matrices/Nr25_Nc25/syntrophy/optimized_alpha=0.005_gamma=0.5/Metamatrices 0.0816 0.452 1 1 fully_connected 0.0091 100000 0.00066 0.00066 0 0 -0.000316096803415666
matrices/Nr25_Nc25/consumption/RandTrix_Nr25_Nc25_Nest0.45_Conn0.1232.txt matrices/Nr25_Nc25/syntrophy/optimized_alpha=0.005_gamma=0.5/Metamatrices 0.1232 0.45 0.502075808 0.574615309387194 optimized_matrix 0.0013 100000 0.12046 0.12046 0 0 -3.35250644915183e-05
matrices/Nr25_Nc25/consumption/RandTrix_Nr25_Nc25_Nest0.45_Conn0.1232.txt matrices/Nr25_Nc25/syntrophy/optimized_alpha=0.005_gamma=0.5/Metamatrices 0.1232 0.45 1 1 fully_connected 0.0091 100000 0.00099 0.00099 0 0 -0.000103616444188627
matrices/Nr25_Nc25/consumption/RandTrix_Nr25_Nc25_Nest0.45_Conn0.1856.txt matrices/Nr25_Nc25/syntrophy/optimized_alpha=0.005_gamma=0.5/Metamatrices 0.1856 0.449874686716792 1 1 fully_connected 0.0091 100000 0.00125 0.00125 0 0 -6.58862144956384e-05
matrices/Nr25_Nc25/consumption/RandTrix_Nr25_Nc25_Nest0.45_Conn0.2672.txt matrices/Nr25_Nc25/syntrophy/optimized_alpha=0.005_gamma=0.5/Metamatrices 0.2672 0.446518305814788 0.26723264 0.327031051778052 random_structure 0.0013 100000 0.23032 0.2245 0.00582 0 -3.89229372680581e-06
matrices/Nr25_Nc25/consumption/RandTrix_Nr25_Nc25_Nest0.45_Conn0.216.txt matrices/Nr25_Nc25/syntrophy/optimized_alpha=0.005_gamma=0.5/Metamatrices 0.216 0.45 1 1 fully_connected 0.0091 100000 0.00241 0.00241 0 0 -2.00767457089699e-05
matrices/Nr25_Nc25/consumption/RandTrix_Nr25_Nc25_Nest0.45_Conn0.2672.txt matrices/Nr25_Nc25/syntrophy/optimized_alpha=0.005_gamma=0.5/Metamatrices 0.2672 0.446518305814788 1 1 fully_connected 0.0091 100000 0.0064 0.00632 8e-05 0 -1.24499297620798e-05
matrices/Nr25_Nc25/consumption/RandTrix_Nr25_Nc25_Nest0.45_Conn0.3168.txt matrices/Nr25_Nc25/syntrophy/optimized_alpha=0.005_gamma=0.5/Metamatrices 0.3168 0.445459430413756 1 1 fully_connected 0.0091 100000 0.0734 0.07303 0.00037 0 -1.36200888279442e-05
matrices/Nr25_Nc25/consumption/RandTrix_Nr25_Nc25_Nest0.45_Conn0.1856.txt matrices/Nr25_Nc25/syntrophy/optimized_alpha=0.005_gamma=0.5/Metamatrices 0.1856 0.449874686716792 0.498675296 0.561411217025832 optimized_matrix 0.0013 100000 0.18562 0.18562 0 0 -2.39873458679112e-05
matrices/Nr25_Nc25/consumption/RandTrix_Nr25_Nc25_Nest0.45_Conn0.3168.txt matrices/Nr25_Nc25/syntrophy/optimized_alpha=0.005_gamma=0.5/Metamatrices 0.3168 0.445459430413756 0.316826432 0.378293594942214 random_structure 0.0013 100000 0.2244 0.21893 0.00547 0 -6.3560624851059e-06
matrices/Nr25_Nc25/consumption/RandTrix_Nr25_Nc25_Nest0.45_Conn0.384.txt matrices/Nr25_Nc25/syntrophy/optimized_alpha=0.005_gamma=0.5/Metamatrices 0.384 0.452352708580467 1 1 fully_connected 0.0091 100000 0.11916 0.11911 5e-05 0 -3.87183912063972e-05
matrices/Nr25_Nc25/consumption/RandTrix_Nr25_Nc25_Nest0.45_Conn0.216.txt matrices/Nr25_Nc25/syntrophy/optimized_alpha=0.005_gamma=0.5/Metamatrices 0.216 0.45 0.4995548 0.561973923231633 optimized_matrix 0.0013 100000 0.13779 0.13776 3e-05 0 -6.00246748706483e-06
matrices/Nr25_Nc25/consumption/RandTrix_Nr25_Nc25_Nest0.45_Conn0.384.txt matrices/Nr25_Nc25/syntrophy/optimized_alpha=0.005_gamma=0.5/Metamatrices 0.384 0.452352708580467 0.38407128 0.44681058644526 random_structure 0.0013 100000 0.22325 0.22228 0.00097 0 -2.22618325662309e-05
matrices/Nr25_Nc25/consumption/RandTrix_Nr25_Nc25_Nest0.45_Conn0.424.txt matrices/Nr25_Nc25/syntrophy/optimized_alpha=0.005_gamma=0.5/Metamatrices 0.424 0.454737583656217 1 1 fully_connected 0.0091 100000 0.12642 0.12635 7e-05 0 -4.29333089445415e-05
matrices/Nr25_Nc25/consumption/RandTrix_Nr25_Nc25_Nest0.4_Conn0.0784.txt matrices/Nr25_Nc25/syntrophy/optimized_alpha=0.005_gamma=0.5/Metamatrices 0.0784 0.4 1 1 fully_connected 0.0091 100000 0.00049 0.00049 0 0 -0.00039557480161833
matrices/Nr25_Nc25/consumption/RandTrix_Nr25_Nc25_Nest0.4_Conn0.1232.txt matrices/Nr25_Nc25/syntrophy/optimized_alpha=0.005_gamma=0.5/Metamatrices 0.1232 0.399558498896247 1 1 fully_connected 0.0091 100000 0.00026 0.00026 0 0 -0.000506346976766735
matrices/Nr25_Nc25/consumption/RandTrix_Nr25_Nc25_Nest0.4_Conn0.2032.txt matrices/Nr25_Nc25/syntrophy/optimized_alpha=0.005_gamma=0.5/Metamatrices 0.2032 0.4 1 1 fully_connected 0.0091 100000 0.04179 0.04179 0 0 -2.84110833998786e-05
matrices/Nr25_Nc25/consumption/RandTrix_Nr25_Nc25_Nest0.45_Conn0.2672.txt matrices/Nr25_Nc25/syntrophy/optimized_alpha=0.005_gamma=0.5/Metamatrices 0.2672 0.446518305814788 0.493152096 0.555945919306402 optimized_matrix 0.0013 100000 0.19539 0.19181 0.00358 0 -4.49602237648146e-06
matrices/Nr25_Nc25/consumption/RandTrix_Nr25_Nc25_Nest0.4_Conn0.2288.txt matrices/Nr25_Nc25/syntrophy/optimized_alpha=0.005_gamma=0.5/Metamatrices 0.2288 0.4 1 1 fully_connected 0.0091 100000 0.00366 0.00364 2e-05 0 -4.76508719909206e-06
matrices/Nr25_Nc25/consumption/RandTrix_Nr25_Nc25_Nest0.4_Conn0.272.txt matrices/Nr25_Nc25/syntrophy/optimized_alpha=0.005_gamma=0.5/Metamatrices 0.272 0.397260273972603 1 1 fully_connected 0.0091 100000 0.00667 0.00667 0 0 -4.3815811557684e-05
matrices/Nr25_Nc25/consumption/RandTrix_Nr25_Nc25_Nest0.45_Conn0.424.txt matrices/Nr25_Nc25/syntrophy/optimized_alpha=0.005_gamma=0.5/Metamatrices 0.424 0.454737583656217 0.423948672 0.486930577884256 random_structure 0.0013 100000 0.24792 0.24688 0.00104 0 -2.43597737045861e-05
matrices/Nr25_Nc25/consumption/RandTrix_Nr25_Nc25_Nest0.4_Conn0.3312.txt matrices/Nr25_Nc25/syntrophy/optimized_alpha=0.005_gamma=0.5/Metamatrices 0.3312 0.396235521235521 1 1 fully_connected 0.0091 100000 0.08287 0.08248 0.00039 0 -1.516770778827e-05
matrices/Nr25_Nc25/consumption/RandTrix_Nr25_Nc25_Nest0.45_Conn0.3168.txt matrices/Nr25_Nc25/syntrophy/optimized_alpha=0.005_gamma=0.5/Metamatrices 0.3168 0.445459430413756 0.500818544 0.563550849076594 optimized_matrix 0.0013 100000 0.22059 0.21656 0.00403 0 -6.51299172098325e-06
matrices/Nr25_Nc25/consumption/RandTrix_Nr25_Nc25_Nest0.4_Conn0.0784.txt matrices/Nr25_Nc25/syntrophy/optimized_alpha=0.005_gamma=0.5/Metamatrices 0.0784 0.4 0.078354096 0.124042620653117 random_structure 0.0013 100000 0.17868 0.17868 0 0 -9.61034366719273e-05
matrices/Nr25_Nc25/consumption/RandTrix_Nr25_Nc25_Nest0.4_Conn0.3712.txt matrices/Nr25_Nc25/syntrophy/optimized_alpha=0.005_gamma=0.5/Metamatrices 0.3712 0.40494527766518 1 1 fully_connected 0.0091 100000 0.14424 0.14423 1e-05 0 -5.73762450298602e-05
matrices/Nr25_Nc25/consumption/RandTrix_Nr25_Nc25_Nest0.55_Conn0.0992.txt matrices/Nr25_Nc25/syntrophy/optimized_alpha=0.005_gamma=0.5/Metamatrices 0.0992 0.548109965635739 1 1 fully_connected 0.0091 100000 0.00102 0.00102 0 0 -0.000281986704497329
matrices/Nr25_Nc25/consumption/RandTrix_Nr25_Nc25_Nest0.55_Conn0.1248.txt matrices/Nr25_Nc25/syntrophy/optimized_alpha=0.005_gamma=0.5/Metamatrices 0.1248 0.55 1 1 fully_connected 0.0091 100000 0.00074 0.00074 0 0 -0.000132573176380479
matrices/Nr25_Nc25/consumption/RandTrix_Nr25_Nc25_Nest0.55_Conn0.184.txt matrices/Nr25_Nc25/syntrophy/optimized_alpha=0.005_gamma=0.5/Metamatrices 0.184 0.55019556714472 1 1 fully_connected 0.0091 100000 0.00055 0.00055 0 0 -3.89056052482406e-05
matrices/Nr25_Nc25/consumption/RandTrix_Nr25_Nc25_Nest0.55_Conn0.2304.txt matrices/Nr25_Nc25/syntrophy/optimized_alpha=0.005_gamma=0.5/Metamatrices 0.2304 0.55 1 1 fully_connected 0.0091 100000 0.00149 0.00149 0 0 -1.49207376964638e-05
matrices/Nr25_Nc25/consumption/RandTrix_Nr25_Nc25_Nest0.55_Conn0.3024.txt matrices/Nr25_Nc25/syntrophy/optimized_alpha=0.005_gamma=0.5/Metamatrices 0.3024 0.550095724313976 1 1 fully_connected 0.0091 100000 0.00462 0.00458 4e-05 0 -9.69816825787667e-06
matrices/Nr25_Nc25/consumption/RandTrix_Nr25_Nc25_Nest0.4_Conn0.1232.txt matrices/Nr25_Nc25/syntrophy/optimized_alpha=0.005_gamma=0.5/Metamatrices 0.1232 0.399558498896247 0.12320344 0.173573905125253 random_structure 0.0013 100000 0.25523 0.25523 0 0 -0.000104910762077118
matrices/Nr25_Nc25/consumption/RandTrix_Nr25_Nc25_Nest0.55_Conn0.3344.txt matrices/Nr25_Nc25/syntrophy/optimized_alpha=0.005_gamma=0.5/Metamatrices 0.3344 0.547425474254743 1 1 fully_connected 0.0091 100000 0.04088 0.04071 0.00017 0 -2.36185894686541e-05
matrices/Nr25_Nc25/consumption/RandTrix_Nr25_Nc25_Nest0.45_Conn0.384.txt matrices/Nr25_Nc25/syntrophy/optimized_alpha=0.005_gamma=0.5/Metamatrices 0.384 0.452352708580467 0.502455872 0.565166774902208 optimized_matrix 0.0013 100000 0.22236 0.22127 0.00109 0 -2.26658750677175e-05
matrices/Nr25_Nc25/consumption/RandTrix_Nr25_Nc25_Nest0.55_Conn0.3824.txt matrices/Nr25_Nc25/syntrophy/optimized_alpha=0.005_gamma=0.5/Metamatrices 0.3824 0.547794117647059 1 1 fully_connected 0.0091 100000 0.04234 0.04088 0.00146 0 -3.97092797823777e-06
matrices/Nr25_Nc25/consumption/RandTrix_Nr25_Nc25_Nest0.4_Conn0.2032.txt matrices/Nr25_Nc25/syntrophy/optimized_alpha=0.005_gamma=0.5/Metamatrices 0.2032 0.4 0.203216288 0.259765429244098 random_structure 0.0013 100000 0.20836 0.20826 0.0001 0 -9.59543947891131e-06
matrices/Nr25_Nc25/consumption/RandTrix_Nr25_Nc25_Nest0.55_Conn0.4176.txt matrices/Nr25_Nc25/syntrophy/optimized_alpha=0.005_gamma=0.5/Metamatrices 0.4176 0.546571541815299 1 1 fully_connected 0.0091 100000 0.09807 0.08513 0.01294 0 -5.86164681859867e-06
matrices/Nr25_Nc25/consumption/RandTrix_Nr25_Nc25_Nest0.5_Conn0.0912.txt matrices/Nr25_Nc25/syntrophy/optimized_alpha=0.005_gamma=0.5/Metamatrices 0.0912 0.50278293135436 1 1 fully_connected 0.0091 100000 0.00094 0.00094 0 0 -0.000285071300688958
matrices/Nr25_Nc25/consumption/RandTrix_Nr25_Nc25_Nest0.5_Conn0.1248.txt matrices/Nr25_Nc25/syntrophy/optimized_alpha=0.005_gamma=0.5/Metamatrices 0.1248 0.5 1 1 fully_connected 0.0091 100000 0.00067 0.00067 0 0 -0.000191112373746014
matrices/Nr25_Nc25/consumption/RandTrix_Nr25_Nc25_Nest0.5_Conn0.1744.txt matrices/Nr25_Nc25/syntrophy/optimized_alpha=0.005_gamma=0.5/Metamatrices 0.1744 0.5 1 1 fully_connected 0.0091 100000 0.00067 0.00067 0 0 -0.000120343729765583
matrices/Nr25_Nc25/consumption/RandTrix_Nr25_Nc25_Nest0.45_Conn0.424.txt matrices/Nr25_Nc25/syntrophy/optimized_alpha=0.005_gamma=0.5/Metamatrices 0.424 0.454737583656217 0.500930096 0.563617660803111 optimized_matrix 0.0013 100000 0.24525 0.24425 0.001 0 -2.45225064423625e-05
matrices/Nr25_Nc25/consumption/RandTrix_Nr25_Nc25_Nest0.5_Conn0.2496.txt matrices/Nr25_Nc25/syntrophy/optimized_alpha=0.005_gamma=0.5/Metamatrices 0.2496 0.5 1 1 fully_connected 0.0091 100000 0.00247 0.00247 0 0 -4.0263812650053e-05
matrices/Nr25_Nc25/consumption/RandTrix_Nr25_Nc25_Nest0.5_Conn0.2928.txt matrices/Nr25_Nc25/syntrophy/optimized_alpha=0.005_gamma=0.5/Metamatrices 0.2928 0.5 1 1 fully_connected 0.0091 100000 0.04738 0.04736 2e-05 0 -1.9905027196744e-05
matrices/Nr25_Nc25/consumption/RandTrix_Nr25_Nc25_Nest0.4_Conn0.2288.txt matrices/Nr25_Nc25/syntrophy/optimized_alpha=0.005_gamma=0.5/Metamatrices 0.2288 0.4 0.228796896 0.286708766833243 random_structure 0.0013 100000 0.219 0.20833 0.01067 0 -1.29614440289989e-06
matrices/Nr25_Nc25/consumption/RandTrix_Nr25_Nc25_Nest0.4_Conn0.0784.txt matrices/Nr25_Nc25/syntrophy/optimized_alpha=0.005_gamma=0.5/Metamatrices 0.0784 0.4 0.293158336 0.635183956228774 optimized_matrix 0.0013 100000 0.11788 0.11788 0 0 -0.000138208522043007
matrices/Nr25_Nc25/consumption/RandTrix_Nr25_Nc25_Nest0.5_Conn0.32.txt matrices/Nr25_Nc25/syntrophy/optimized_alpha=0.005_gamma=0.5/Metamatrices 0.32 0.498845265588915 1 1 fully_connected 0.0091 100000 0.06842 0.06808 0.00034 0 -1.03012693618865e-05
matrices/Nr25_Nc25/consumption/RandTrix_Nr25_Nc25_Nest0.5_Conn0.3824.txt matrices/Nr25_Nc25/syntrophy/optimized_alpha=0.005_gamma=0.5/Metamatrices 0.3824 0.496305953933073 1 1 fully_connected 0.0091 100000 0.08667 0.08629 0.00038 0 -1.13508964749119e-05
matrices/Nr25_Nc25/consumption/RandTrix_Nr25_Nc25_Nest0.4_Conn0.272.txt matrices/Nr25_Nc25/syntrophy/optimized_alpha=0.005_gamma=0.5/Metamatrices 0.272 0.397260273972603 0.27201152 0.33196892525202 random_structure 0.0013 100000 0.23111 0.23089 0.00022 0 -1.21535783677986e-05
matrices/Nr25_Nc25/consumption/RandTrix_Nr25_Nc25_Nest0.5_Conn0.416.txt matrices/Nr25_Nc25/syntrophy/optimized_alpha=0.005_gamma=0.5/Metamatrices 0.416 0.504988488104375 1 1 fully_connected 0.0091 100000 0.07241 0.07175 0.00066 0 -1.15968413377495e-05
matrices/Nr25_Nc25/consumption/RandTrix_Nr25_Nc25_Nest0.6_Conn0.12.txt matrices/Nr25_Nc25/syntrophy/optimized_alpha=0.005_gamma=0.5/Metamatrices 0.12 0.6 1 1 fully_connected 0.0091 100000 0.00108 0.00108 0 0 -0.000242013257564065
matrices/Nr25_Nc25/consumption/RandTrix_Nr25_Nc25_Nest0.4_Conn0.1232.txt matrices/Nr25_Nc25/syntrophy/optimized_alpha=0.005_gamma=0.5/Metamatrices 0.1232 0.399558498896247 0.501398928 0.564091008002285 optimized_matrix 0.0013 100000 0.19894 0.19894 0 0 -0.000136860587838372
matrices/Nr25_Nc25/consumption/RandTrix_Nr25_Nc25_Nest0.6_Conn0.16.txt matrices/Nr25_Nc25/syntrophy/optimized_alpha=0.005_gamma=0.5/Metamatrices 0.16 0.6 1 1 fully_connected 0.0091 100000 0.00268 0.00268 0 0 -3.46450946850351e-05
matrices/Nr25_Nc25/consumption/RandTrix_Nr25_Nc25_Nest0.6_Conn0.2048.txt matrices/Nr25_Nc25/syntrophy/optimized_alpha=0.005_gamma=0.5/Metamatrices 0.2048 0.6 1 1 fully_connected 0.0091 100000 0.00189 0.00189 0 0 -1.79471765914007e-05
matrices/Nr25_Nc25/consumption/RandTrix_Nr25_Nc25_Nest0.6_Conn0.3168.txt matrices/Nr25_Nc25/syntrophy/optimized_alpha=0.005_gamma=0.5/Metamatrices 0.3168 0.599869024230517 1 1 fully_connected 0.0091 100000 0.00474 0.00474 0 0 -1.85243941781965e-05
matrices/Nr25_Nc25/consumption/RandTrix_Nr25_Nc25_Nest0.4_Conn0.3312.txt matrices/Nr25_Nc25/syntrophy/optimized_alpha=0.005_gamma=0.5/Metamatrices 0.3312 0.396235521235521 0.331298784 0.39317321309248 random_structure 0.0013 100000 0.23862 0.23161 0.00701 0 -6.77562576903032e-06
matrices/Nr25_Nc25/consumption/RandTrix_Nr25_Nc25_Nest0.6_Conn0.3712.txt matrices/Nr25_Nc25/syntrophy/optimized_alpha=0.005_gamma=0.5/Metamatrices 0.3712 0.595085995085995 1 1 fully_connected 0.0091 100000 0.03951 0.03897 0.00054 0 -6.86536262240798e-06
matrices/Nr25_Nc25/consumption/RandTrix_Nr25_Nc25_Nest0.4_Conn0.2032.txt matrices/Nr25_Nc25/syntrophy/optimized_alpha=0.005_gamma=0.5/Metamatrices 0.2032 0.4 0.504881888 0.567364699624277 optimized_matrix 0.0013 100000 0.18878 0.18868 0.0001 0 -1.06869251177991e-05
matrices/Nr25_Nc25/consumption/RandTrix_Nr25_Nc25_Nest0.6_Conn0.44.txt matrices/Nr25_Nc25/syntrophy/optimized_alpha=0.005_gamma=0.5/Metamatrices 0.44 0.6 1 1 fully_connected 0.0091 100000 0.0702 0.06973 0.00047 0 -2.150048315976e-05
# File last opened on Thu Apr  4 13:04:40 2024
# We are writing, in that order, G-matrix location, A-matrix location, G connectance, G nestedness, A connectance, A nestedness, A-mode, alpha0 value, total number of simulations, proportion of feasible, stable, unstable, marginal and dominant eigenvalue
matrices/Nr25_Nc25/consumption/RandTrix_Nr25_Nc25_Nest0.15_Conn0.08.txt matrices/Nr25_Nc25/syntrophy/optimized_alpha=0.005_gamma=0.5/Metamatrices 0.0816 0.15 1 1 fully_connected 0.014 100000 0 0 0 0 -nan
matrices/Nr25_Nc25/consumption/RandTrix_Nr25_Nc25_Nest0.15_Conn0.12.txt matrices/Nr25_Nc25/syntrophy/optimized_alpha=0.005_gamma=0.5/Metamatrices 0.12 0.151419558359621 1 1 fully_connected 0.014 100000 0 0 0 0 -nan
matrices/Nr25_Nc25/consumption/RandTrix_Nr25_Nc25_Nest0.4_Conn0.3712.txt matrices/Nr25_Nc25/syntrophy/optimized_alpha=0.005_gamma=0.5/Metamatrices 0.3712 0.40494527766518 0.371228144 0.433798378059447 random_structure 0.0013 100000 0.25547 0.25501 0.00046 0 -3.45511526024108e-05
matrices/Nr25_Nc25/consumption/RandTrix_Nr25_Nc25_Nest0.4_Conn0.2288.txt matrices/Nr25_Nc25/syntrophy/optimized_alpha=0.005_gamma=0.5/Metamatrices 0.2288 0.4 0.499326512 0.561893487100161 optimized_matrix 0.0013 100000 0.18219 0.17507 0.00712 0 -1.49116544695366e-06
matrices/Nr25_Nc25/consumption/RandTrix_Nr25_Nc25_Nest0.15_Conn0.1808.txt matrices/Nr25_Nc25/syntrophy/optimized_alpha=0.005_gamma=0.5/Metamatrices 0.1808 0.158059467918623 1 1 fully_connected 0.014 100000 0.18869 0.18869 0 0 -0.000139608260735563
matrices/Nr25_Nc25/consumption/RandTrix_Nr25_Nc25_Nest0.55_Conn0.0992.txt matrices/Nr25_Nc25/syntrophy/optimized_alpha=0.005_gamma=0.5/Metamatrices 0.0992 0.548109965635739 0.099190576 0.147182009600499 random_structure 0.0013 100000 0.15321 0.15321 0 0 -6.82540192574398e-05
matrices/Nr25_Nc25/consumption/RandTrix_Nr25_Nc25_Nest0.1_Conn0.0816.txt matrices/Nr25_Nc25/syntrophy/optimized_alpha=0.005_gamma=0.5/Metamatrices 0.0816 0.1 1 1 fully_connected 0.014 100000 0 0 0 0 -nan
matrices/Nr25_Nc25/consumption/RandTrix_Nr25_Nc25_Nest0.1_Conn0.1296.txt matrices/Nr25_Nc25/syntrophy/optimized_alpha=0.005_gamma=0.5/Metamatrices 0.1296 0.10479375696767 1 1 fully_connected 0.014 100000 0.08471 0.08394 0.00077 0 -2.92231663111188e-05
matrices/Nr25_Nc25/consumption/RandTrix_Nr25_Nc25_Nest0.55_Conn0.1248.txt matrices/Nr25_Nc25/syntrophy/optimized_alpha=0.005_gamma=0.5/Metamatrices 0.1248 0.55 0.124778176 0.175266382420412 random_structure 0.0013 100000 0.15318 0.15318 0 0 -3.16324620039823e-05
matrices/Nr25_Nc25/consumption/RandTrix_Nr25_Nc25_Nest0.4_Conn0.272.txt matrices/Nr25_Nc25/syntrophy/optimized_alpha=0.005_gamma=0.5/Metamatrices 0.272 0.397260273972603 0.497837472 0.560156860055058 optimized_matrix 0.0013 100000 0.20299 0.20279 0.0002 0 -1.36677060928425e-05
matrices/Nr25_Nc25/consumption/RandTrix_Nr25_Nc25_Nest0.25_Conn0.0832.txt matrices/Nr25_Nc25/syntrophy/optimized_alpha=0.005_gamma=0.5/Metamatrices 0.0832 0.25 1 1 fully_connected 0.014 100000 0 0 0 0 -nan
matrices/Nr25_Nc25/consumption/RandTrix_Nr25_Nc25_Nest0.25_Conn0.1392.txt matrices/Nr25_Nc25/syntrophy/optimized_alpha=0.005_gamma=0.5/Metamatrices 0.1392 0.25 1 1 fully_connected 0.014 100000 0 0 0 0 -nan
matrices/Nr25_Nc25/consumption/RandTrix_Nr25_Nc25_Nest0.25_Conn0.184.txt matrices/Nr25_Nc25/syntrophy/optimized_alpha=0.005_gamma=0.5/Metamatrices 0.184 0.245901639344262 1 1 fully_connected 0.014 100000 0 0 0 0 -nan
matrices/Nr25_Nc25/consumption/RandTrix_Nr25_Nc25_Nest0.55_Conn0.184.txt matrices/Nr25_Nc25/syntrophy/optimized_alpha=0.005_gamma=0.5/Metamatrices 0.184 0.55019556714472 0.184002832 0.239366730130113 random_structure 0.0013 100000 0.18139 0.18139 0 0 -1.10396569564249e-05
matrices/Nr25_Nc25/consumption/RandTrix_Nr25_Nc25_Nest0.25_Conn0.2336.txt matrices/Nr25_Nc25/syntrophy/optimized_alpha=0.005_gamma=0.5/Metamatrices 0.2336 0.252631578947368 1 1 fully_connected 0.014 100000 0.08477 0.08477 0 0 -0.000147751195381905
matrices/Nr25_Nc25/consumption/RandTrix_Nr25_Nc25_Nest0.2_Conn0.0896.txt matrices/Nr25_Nc25/syntrophy/optimized_alpha=0.005_gamma=0.5/Metamatrices 0.0896 0.2 1 1 fully_connected 0.014 100000 0 0 0 0 -nan
matrices/Nr25_Nc25/consumption/RandTrix_Nr25_Nc25_Nest0.2_Conn0.1328.txt matrices/Nr25_Nc25/syntrophy/optimized_alpha=0.005_gamma=0.5/Metamatrices 0.1328 0.2 1 1 fully_connected 0.014 100000 0 0 0 0 -nan
matrices/Nr25_Nc25/consumption/RandTrix_Nr25_Nc25_Nest0.4_Conn0.3312.txt matrices/Nr25_Nc25/syntrophy/optimized_alpha=0.005_gamma=0.5/Metamatrices 0.3312 0.396235521235521 0.495861664 0.558513839582349 optimized_matrix 0.0013 100000 0.23324 0.22654 0.0067 0 -6.99170706246968e-06
matrices/Nr25_Nc25/consumption/RandTrix_Nr25_Nc25_Nest0.2_Conn0.168.txt matrices/Nr25_Nc25/syntrophy/optimized_alpha=0.005_gamma=0.5/Metamatrices 0.168 0.202270381836945 1 1 fully_connected 0.014 100000 0 0 0 0 -nan
matrices/Nr25_Nc25/consumption/RandTrix_Nr25_Nc25_Nest0.35_Conn0.08.txt matrices/Nr25_Nc25/syntrophy/optimized_alpha=0.005_gamma=0.5/Metamatrices 0.08 0.35 1 1 fully_connected 0.014 100000 0 0 0 0 -nan
matrices/Nr25_Nc25/consumption/RandTrix_Nr25_Nc25_Nest0.35_Conn0.1328.txt matrices/Nr25_Nc25/syntrophy/optimized_alpha=0.005_gamma=0.5/Metamatrices 0.1328 0.35 1 1 fully_connected 0.014 100000 0 0 0 0 -nan
matrices/Nr25_Nc25/consumption/RandTrix_Nr25_Nc25_Nest0.55_Conn0.2304.txt matrices/Nr25_Nc25/syntrophy/optimized_alpha=0.005_gamma=0.5/Metamatrices 0.2304 0.55 0.230388 0.288508751491761 random_structure 0.0013 100000 0.15324 0.15322 2e-05 0 -4.0055302453134e-06
matrices/Nr25_Nc25/consumption/RandTrix_Nr25_Nc25_Nest0.35_Conn0.1712.txt matrices/Nr25_Nc25/syntrophy/optimized_alpha=0.005_gamma=0.5/Metamatrices 0.1712 0.35 1 1 fully_connected 0.014 100000 0 0 0 0 -nan
matrices/Nr25_Nc25/consumption/RandTrix_Nr25_Nc25_Nest0.35_Conn0.2208.txt matrices/Nr25_Nc25/syntrophy/optimized_alpha=0.005_gamma=0.5/Metamatrices 0.2208 0.347043701799486 1 1 fully_connected 0.014 100000 0.02355 0.02269 0.00086 0 -5.32206508504683e-06
matrices/Nr25_Nc25/consumption/RandTrix_Nr25_Nc25_Nest0.55_Conn0.3024.txt matrices/Nr25_Nc25/syntrophy/optimized_alpha=0.005_gamma=0.5/Metamatrices 0.3024 0.550095724313976 0.302421856 0.363439132180026 random_structure 0.0013 100000 0.16805 0.16491 0.00314 0 -2.8747437201274e-06
matrices/Nr25_Nc25/consumption/RandTrix_Nr25_Nc25_Nest0.35_Conn0.272.txt matrices/Nr25_Nc25/syntrophy/optimized_alpha=0.005_gamma=0.5/Metamatrices 0.272 0.346769413159455 1 1 fully_connected 0.014 100000 0.08538 0.08538 0 0 -8.32022085766103e-05
matrices/Nr25_Nc25/consumption/RandTrix_Nr25_Nc25_Nest0.4_Conn0.3712.txt matrices/Nr25_Nc25/syntrophy/optimized_alpha=0.005_gamma=0.5/Metamatrices 0.3712 0.40494527766518 0.499912496 0.562542229846622 optimized_matrix 0.0013 100000 0.25534 0.25498 0.00036 0 -3.41183101245464e-05
matrices/Nr25_Nc25/consumption/RandTrix_Nr25_Nc25_Nest0.35_Conn0.3216.txt matrices/Nr25_Nc25/syntrophy/optimized_alpha=0.005_gamma=0.5/Metamatrices 0.3216 0.354089219330855 1 1 fully_connected 0.014 100000 0.10383 0.10333 0.0005 0 -2.22594008719225e-05
matrices/Nr25_Nc25/consumption/RandTrix_Nr25_Nc25_Nest0.55_Conn0.0992.txt matrices/Nr25_Nc25/syntrophy/optimized_alpha=0.005_gamma=0.5/Metamatrices 0.0992 0.548109965635739 0.464281968 0.679690522514822 optimized_matrix 0.0013 100000 0.0915 0.0915 0 0 -0.000104135166422766
matrices/Nr25_Nc25/consumption/RandTrix_Nr25_Nc25_Nest0.3_Conn0.0816.txt matrices/Nr25_Nc25/syntrophy/optimized_alpha=0.005_gamma=0.5/Metamatrices 0.0816 0.297435897435897 1 1 fully_connected 0.014 100000 0 0 0 0 -nan
matrices/Nr25_Nc25/consumption/RandTrix_Nr25_Nc25_Nest0.55_Conn0.3344.txt matrices/Nr25_Nc25/syntrophy/optimized_alpha=0.005_gamma=0.5/Metamatrices 0.3344 0.547425474254743 0.334381328 0.396326884943407 random_structure 0.0013 100000 0.18849 0.18725 0.00124 0 -9.16110370833974e-06
matrices/Nr25_Nc25/consumption/RandTrix_Nr25_Nc25_Nest0.3_Conn0.128.txt matrices/Nr25_Nc25/syntrophy/optimized_alpha=0.005_gamma=0.5/Metamatrices 0.128 0.3 1 1 fully_connected 0.014 100000 0 0 0 0 -nan
matrices/Nr25_Nc25/consumption/RandTrix_Nr25_Nc25_Nest0.3_Conn0.1776.txt matrices/Nr25_Nc25/syntrophy/optimized_alpha=0.005_gamma=0.5/Metamatrices 0.1776 0.3 1 1 fully_connected 0.014 100000 0 0 0 0 -nan
matrices/Nr25_Nc25/consumption/RandTrix_Nr25_Nc25_Nest0.3_Conn0.2272.txt matrices/Nr25_Nc25/syntrophy/optimized_alpha=0.005_gamma=0.5/Metamatrices 0.2272 0.297439759036145 1 1 fully_connected 0.014 100000 0.03127 0.03126 1e-05 0 -0.000102062222165502
matrices/Nr25_Nc25/consumption/RandTrix_Nr25_Nc25_Nest0.55_Conn0.1248.txt matrices/Nr25_Nc25/syntrophy/optimized_alpha=0.005_gamma=0.5/Metamatrices 0.1248 0.55 0.508859584 0.589706801525264 optimized_matrix 0.0013 100000 0.11271 0.11271 0 0 -4.13744885691447e-05
matrices/Nr25_Nc25/consumption/RandTrix_Nr25_Nc25_Nest0.55_Conn0.3824.txt matrices/Nr25_Nc25/syntrophy/optimized_alpha=0.005_gamma=0.5/Metamatrices 0.3824 0.547794117647059 0.382394496 0.445104756316697 random_structure 0.0013 100000 0.19318 0.17984 0.01334 0 -1.54557123178438e-06
matrices/Nr25_Nc25/consumption/RandTrix_Nr25_Nc25_Nest0.3_Conn0.2816.txt matrices/Nr25_Nc25/syntrophy/optimized_alpha=0.005_gamma=0.5/Metamatrices 0.2816 0.302762430939227 1 1 fully_connected 0.014 100000 0.07971 0.07949 0.00022 0 -3.23104934373828e-05
matrices/Nr25_Nc25/consumption/RandTrix_Nr25_Nc25_Nest0.45_Conn0.0816.txt matrices/Nr25_Nc25/syntrophy/optimized_alpha=0.005_gamma=0.5/Metamatrices 0.0816 0.452 1 1 fully_connected 0.014 100000 0 0 0 0 -nan
matrices/Nr25_Nc25/consumption/RandTrix_Nr25_Nc25_Nest0.45_Conn0.1232.txt matrices/Nr25_Nc25/syntrophy/optimized_alpha=0.005_gamma=0.5/Metamatrices 0.1232 0.45 1 1 fully_connected 0.014 100000 0 0 0 0 -nan
matrices/Nr25_Nc25/consumption/RandTrix_Nr25_Nc25_Nest0.45_Conn0.1856.txt matrices/Nr25_Nc25/syntrophy/optimized_alpha=0.005_gamma=0.5/Metamatrices 0.1856 0.449874686716792 1 1 fully_connected 0.014 100000 0 0 0 0 -nan
matrices/Nr25_Nc25/consumption/RandTrix_Nr25_Nc25_Nest0.55_Conn0.184.txt matrices/Nr25_Nc25/syntrophy/optimized_alpha=0.005_gamma=0.5/Metamatrices 0.184 0.55019556714472 0.503517248 0.566467214844569 optimized_matrix 0.0013 100000 0.13988 0.13988 0 0 -1.40463549510848e-05
matrices/Nr25_Nc25/consumption/RandTrix_Nr25_Nc25_Nest0.45_Conn0.216.txt matrices/Nr25_Nc25/syntrophy/optimized_alpha=0.005_gamma=0.5/Metamatrices 0.216 0.45 1 1 fully_connected 0.014 100000 0 0 0 0 -nan
matrices/Nr25_Nc25/consumption/RandTrix_Nr25_Nc25_Nest0.45_Conn0.2672.txt matrices/Nr25_Nc25/syntrophy/optimized_alpha=0.005_gamma=0.5/Metamatrices 0.2672 0.446518305814788 1 1 fully_connected 0.014 100000 0 0 0 0 -nan
matrices/Nr25_Nc25/consumption/RandTrix_Nr25_Nc25_Nest0.55_Conn0.4176.txt matrices/Nr25_Nc25/syntrophy/optimized_alpha=0.005_gamma=0.5/Metamatrices 0.4176 0.546571541815299 0.417561664 0.480548326314756 random_structure 0.0013 100000 0.20588 0.19241 0.01347 0 -2.95665542192531e-06
matrices/Nr25_Nc25/consumption/RandTrix_Nr25_Nc25_Nest0.45_Conn0.3168.txt matrices/Nr25_Nc25/syntrophy/optimized_alpha=0.005_gamma=0.5/Metamatrices 0.3168 0.445459430413756 1 1 fully_connected 0.014 100000 0.04582 0.04546 0.00036 0 -1.68322422258203e-05
matrices/Nr25_Nc25/consumption/RandTrix_Nr25_Nc25_Nest0.55_Conn0.2304.txt matrices/Nr25_Nc25/syntrophy/optimized_alpha=0.005_gamma=0.5/Metamatrices 0.2304 0.55 0.503091104 0.565258420492982 optimized_matrix 0.0013 100000 0.12073 0.12072 1e-05 0 -4.91650314633063e-06
matrices/Nr25_Nc25/consumption/RandTrix_Nr25_Nc25_Nest0.5_Conn0.0912.txt matrices/Nr25_Nc25/syntrophy/optimized_alpha=0.005_gamma=0.5/Metamatrices 0.0912 0.50278293135436 0.091238304 0.138474065529153 random_structure 0.0013 100000 0.15967 0.15967 0 0 -6.76463249291971e-05
matrices/Nr25_Nc25/consumption/RandTrix_Nr25_Nc25_Nest0.45_Conn0.384.txt matrices/Nr25_Nc25/syntrophy/optimized_alpha=0.005_gamma=0.5/Metamatrices 0.384 0.452352708580467 1 1 fully_connected 0.014 100000 0.09069 0.09062 7e-05 0 -4.61411133010771e-05
matrices/Nr25_Nc25/consumption/RandTrix_Nr25_Nc25_Nest0.55_Conn0.3024.txt matrices/Nr25_Nc25/syntrophy/optimized_alpha=0.005_gamma=0.5/Metamatrices 0.3024 0.550095724313976 0.503229216 0.565672099390899 optimized_matrix 0.0013 100000 0.14885 0.14689 0.00196 0 -3.14671298702687e-06
matrices/Nr25_Nc25/consumption/RandTrix_Nr25_Nc25_Nest0.45_Conn0.424.txt matrices/Nr25_Nc25/syntrophy/optimized_alpha=0.005_gamma=0.5/Metamatrices 0.424 0.454737583656217 1 1 fully_connected 0.014 100000 0.09367 0.09358 9e-05 0 -5.19437398489091e-05
matrices/Nr25_Nc25/consumption/RandTrix_Nr25_Nc25_Nest0.5_Conn0.1248.txt matrices/Nr25_Nc25/syntrophy/optimized_alpha=0.005_gamma=0.5/Metamatrices 0.1248 0.5 0.124842272 0.175341620733262 random_structure 0.0013 100000 0.17373 0.17373 0 0 -4.8117125041033e-05
matrices/Nr25_Nc25/consumption/RandTrix_Nr25_Nc25_Nest0.4_Conn0.0784.txt matrices/Nr25_Nc25/syntrophy/optimized_alpha=0.005_gamma=0.5/Metamatrices 0.0784 0.4 1 1 fully_connected 0.014 100000 0 0 0 0 -nan
matrices/Nr25_Nc25/consumption/RandTrix_Nr25_Nc25_Nest0.4_Conn0.1232.txt matrices/Nr25_Nc25/syntrophy/optimized_alpha=0.005_gamma=0.5/Metamatrices 0.1232 0.399558498896247 1 1 fully_connected 0.014 100000 0 0 0 0 -nan
matrices/Nr25_Nc25/consumption/RandTrix_Nr25_Nc25_Nest0.4_Conn0.2032.txt matrices/Nr25_Nc25/syntrophy/optimized_alpha=0.005_gamma=0.5/Metamatrices 0.2032 0.4 1 1 fully_connected 0.014 100000 0.01645 0.01645 0 0 -3.60582526490455e-05
matrices/Nr25_Nc25/consumption/RandTrix_Nr25_Nc25_Nest0.4_Conn0.2288.txt matrices/Nr25_Nc25/syntrophy/optimized_alpha=0.005_gamma=0.5/Metamatrices 0.2288 0.4 1 1 fully_connected 0.014 100000 0 0 0 0 -nan
matrices/Nr25_Nc25/consumption/RandTrix_Nr25_Nc25_Nest0.4_Conn0.272.txt matrices/Nr25_Nc25/syntrophy/optimized_alpha=0.005_gamma=0.5/Metamatrices 0.272 0.397260273972603 1 1 fully_connected 0.014 100000 0 0 0 0 -nan
matrices/Nr25_Nc25/consumption/RandTrix_Nr25_Nc25_Nest0.55_Conn0.3344.txt matrices/Nr25_Nc25/syntrophy/optimized_alpha=0.005_gamma=0.5/Metamatrices 0.3344 0.547425474254743 0.500012784 0.562561422105708 optimized_matrix 0.0013 100000 0.18045 0.17958 0.00087 0 -9.80031935382033e-06
matrices/Nr25_Nc25/consumption/RandTrix_Nr25_Nc25_Nest0.5_Conn0.1744.txt matrices/Nr25_Nc25/syntrophy/optimized_alpha=0.005_gamma=0.5/Metamatrices 0.1744 0.5 0.174479408 0.22911241459649 random_structure 0.0013 100000 0.21359 0.21359 0 0 -3.4939991157848e-05
matrices/Nr25_Nc25/consumption/RandTrix_Nr25_Nc25_Nest0.4_Conn0.3312.txt matrices/Nr25_Nc25/syntrophy/optimized_alpha=0.005_gamma=0.5/Metamatrices 0.3312 0.396235521235521 1 1 fully_connected 0.014 100000 0.05207 0.05176 0.00031 0 -1.89843608821014e-05
matrices/Nr25_Nc25/consumption/RandTrix_Nr25_Nc25_Nest0.4_Conn0.3712.txt matrices/Nr25_Nc25/syntrophy/optimized_alpha=0.005_gamma=0.5/Metamatrices 0.3712 0.40494527766518 1 1 fully_connected 0.014 100000 0.11182 0.11182 0 0 -6.83522494746348e-05
matrices/Nr25_Nc25/consumption/RandTrix_Nr25_Nc25_Nest0.55_Conn0.0992.txt matrices/Nr25_Nc25/syntrophy/optimized_alpha=0.005_gamma=0.5/Metamatrices 0.0992 0.548109965635739 1 1 fully_connected 0.014 100000 0 0 0 0 -nan
matrices/Nr25_Nc25/consumption/RandTrix_Nr25_Nc25_Nest0.55_Conn0.3824.txt matrices/Nr25_Nc25/syntrophy/optimized_alpha=0.005_gamma=0.5/Metamatrices 0.3824 0.547794117647059 0.499039568 0.561571315178137 optimized_matrix 0.0013 100000 0.18582 0.1745 0.01132 0 -1.59919325307917e-06
matrices/Nr25_Nc25/consumption/RandTrix_Nr25_Nc25_Nest0.55_Conn0.1248.txt matrices/Nr25_Nc25/syntrophy/optimized_alpha=0.005_gamma=0.5/Metamatrices 0.1248 0.55 1 1 fully_connected 0.014 100000 0 0 0 0 -nan
matrices/Nr25_Nc25/consumption/RandTrix_Nr25_Nc25_Nest0.5_Conn0.2496.txt matrices/Nr25_Nc25/syntrophy/optimized_alpha=0.005_gamma=0.5/Metamatrices 0.2496 0.5 0.249553728 0.308493730090267 random_structure 0.0013 100000 0.22162 0.22162 0 0 -1.18895220630672e-05
matrices/Nr25_Nc25/consumption/RandTrix_Nr25_Nc25_Nest0.55_Conn0.184.txt matrices/Nr25_Nc25/syntrophy/optimized_alpha=0.005_gamma=0.5/Metamatrices 0.184 0.55019556714472 1 1 fully_connected 0.014 100000 0 0 0 0 -nan
matrices/Nr25_Nc25/consumption/RandTrix_Nr25_Nc25_Nest0.55_Conn0.2304.txt matrices/Nr25_Nc25/syntrophy/optimized_alpha=0.005_gamma=0.5/Metamatrices 0.2304 0.55 1 1 fully_connected 0.014 100000 0 0 0 0 -nan
matrices/Nr25_Nc25/consumption/RandTrix_Nr25_Nc25_Nest0.55_Conn0.3024.txt matrices/Nr25_Nc25/syntrophy/optimized_alpha=0.005_gamma=0.5/Metamatrices 0.3024 0.550095724313976 1 1 fully_connected 0.014 100000 0 0 0 0 -nan
matrices/Nr25_Nc25/consumption/RandTrix_Nr25_Nc25_Nest0.55_Conn0.3344.txt matrices/Nr25_Nc25/syntrophy/optimized_alpha=0.005_gamma=0.5/Metamatrices 0.3344 0.547425474254743 1 1 fully_connected 0.014 100000 0.01642 0.01634 8e-05 0 -2.9043437375587e-05
matrices/Nr25_Nc25/consumption/RandTrix_Nr25_Nc25_Nest0.55_Conn0.3824.txt matrices/Nr25_Nc25/syntrophy/optimized_alpha=0.005_gamma=0.5/Metamatrices 0.3824 0.547794117647059 1 1 fully_connected 0.014 100000 0.01905 0.01817 0.00088 0 -4.88823420092536e-06
matrices/Nr25_Nc25/consumption/RandTrix_Nr25_Nc25_Nest0.55_Conn0.4176.txt matrices/Nr25_Nc25/syntrophy/optimized_alpha=0.005_gamma=0.5/Metamatrices 0.4176 0.546571541815299 0.497876448 0.560086229776802 optimized_matrix 0.0013 100000 0.20648 0.19229 0.01419 0 -3.00272124360756e-06
matrices/Nr25_Nc25/consumption/RandTrix_Nr25_Nc25_Nest0.5_Conn0.2928.txt matrices/Nr25_Nc25/syntrophy/optimized_alpha=0.005_gamma=0.5/Metamatrices 0.2928 0.5 0.292762368 0.353447631243011 random_structure 0.0013 100000 0.21904 0.2182 0.00084 0 -7.59968940785326e-06
matrices/Nr25_Nc25/consumption/RandTrix_Nr25_Nc25_Nest0.55_Conn0.4176.txt matrices/Nr25_Nc25/syntrophy/optimized_alpha=0.005_gamma=0.5/Metamatrices 0.4176 0.546571541815299 1 1 fully_connected 0.014 100000 0.07229 0.06127 0.01102 0 -7.20191462755401e-06
matrices/Nr25_Nc25/consumption/RandTrix_Nr25_Nc25_Nest0.5_Conn0.0912.txt matrices/Nr25_Nc25/syntrophy/optimized_alpha=0.005_gamma=0.5/Metamatrices 0.0912 0.50278293135436 1 1 fully_connected 0.014 100000 0 0 0 0 -nan
matrices/Nr25_Nc25/consumption/RandTrix_Nr25_Nc25_Nest0.5_Conn0.1248.txt matrices/Nr25_Nc25/syntrophy/optimized_alpha=0.005_gamma=0.5/Metamatrices 0.1248 0.5 1 1 fully_connected 0.014 100000 0 0 0 0 -nan
matrices/Nr25_Nc25/consumption/RandTrix_Nr25_Nc25_Nest0.5_Conn0.0912.txt matrices/Nr25_Nc25/syntrophy/optimized_alpha=0.005_gamma=0.5/Metamatrices 0.0912 0.50278293135436 0.418946272 0.678039387814745 optimized_matrix 0.0013 100000 0.09573 0.09573 0 0 -0.000103741266620259
matrices/Nr25_Nc25/consumption/RandTrix_Nr25_Nc25_Nest0.5_Conn0.1744.txt matrices/Nr25_Nc25/syntrophy/optimized_alpha=0.005_gamma=0.5/Metamatrices 0.1744 0.5 1 1 fully_connected 0.014 100000 0 0 0 0 -nan
matrices/Nr25_Nc25/consumption/RandTrix_Nr25_Nc25_Nest0.5_Conn0.2496.txt matrices/Nr25_Nc25/syntrophy/optimized_alpha=0.005_gamma=0.5/Metamatrices 0.2496 0.5 1 1 fully_connected 0.014 100000 0 0 0 0 -nan
matrices/Nr25_Nc25/consumption/RandTrix_Nr25_Nc25_Nest0.5_Conn0.2928.txt matrices/Nr25_Nc25/syntrophy/optimized_alpha=0.005_gamma=0.5/Metamatrices 0.2928 0.5 1 1 fully_connected 0.014 100000 0.01913 0.0191 3e-05 0 -2.44386893060602e-05
matrices/Nr25_Nc25/consumption/RandTrix_Nr25_Nc25_Nest0.5_Conn0.32.txt matrices/Nr25_Nc25/syntrophy/optimized_alpha=0.005_gamma=0.5/Metamatrices 0.32 0.498845265588915 0.3199636 0.38146682623653 random_structure 0.0013 100000 0.21627 0.20874 0.00753 0 -4.69208898489623e-06
matrices/Nr25_Nc25/consumption/RandTrix_Nr25_Nc25_Nest0.5_Conn0.32.txt matrices/Nr25_Nc25/syntrophy/optimized_alpha=0.005_gamma=0.5/Metamatrices 0.32 0.498845265588915 1 1 fully_connected 0.014 100000 0.04253 0.04233 0.0002 0 -1.26240633990915e-05
matrices/Nr25_Nc25/consumption/RandTrix_Nr25_Nc25_Nest0.5_Conn0.1248.txt matrices/Nr25_Nc25/syntrophy/optimized_alpha=0.005_gamma=0.5/Metamatrices 0.1248 0.5 0.50265856 0.565084952528763 optimized_matrix 0.0013 100000 0.12584 0.12584 0 0 -6.43720825206572e-05
matrices/Nr25_Nc25/consumption/RandTrix_Nr25_Nc25_Nest0.5_Conn0.3824.txt matrices/Nr25_Nc25/syntrophy/optimized_alpha=0.005_gamma=0.5/Metamatrices 0.3824 0.496305953933073 1 1 fully_connected 0.014 100000 0.06098 0.06072 0.00026 0 -1.38513684990146e-05
matrices/Nr25_Nc25/consumption/RandTrix_Nr25_Nc25_Nest0.5_Conn0.416.txt matrices/Nr25_Nc25/syntrophy/optimized_alpha=0.005_gamma=0.5/Metamatrices 0.416 0.504988488104375 1 1 fully_connected 0.014 100000 0.04588 0.04542 0.00046 0 -1.43693652291962e-05
matrices/Nr25_Nc25/consumption/RandTrix_Nr25_Nc25_Nest0.5_Conn0.3824.txt matrices/Nr25_Nc25/syntrophy/optimized_alpha=0.005_gamma=0.5/Metamatrices 0.3824 0.496305953933073 0.382460896 0.445149486906876 random_structure 0.0013 100000 0.21038 0.20356 0.00682 0 -5.61861684784668e-06
matrices/Nr25_Nc25/consumption/RandTrix_Nr25_Nc25_Nest0.6_Conn0.12.txt matrices/Nr25_Nc25/syntrophy/optimized_alpha=0.005_gamma=0.5/Metamatrices 0.12 0.6 1 1 fully_connected 0.014 100000 0 0 0 0 -nan
matrices/Nr25_Nc25/consumption/RandTrix_Nr25_Nc25_Nest0.6_Conn0.16.txt matrices/Nr25_Nc25/syntrophy/optimized_alpha=0.005_gamma=0.5/Metamatrices 0.16 0.6 1 1 fully_connected 0.014 100000 0 0 0 0 -nan
matrices/Nr25_Nc25/consumption/RandTrix_Nr25_Nc25_Nest0.5_Conn0.1744.txt matrices/Nr25_Nc25/syntrophy/optimized_alpha=0.005_gamma=0.5/Metamatrices 0.1744 0.5 0.500272816 0.56308568135412 optimized_matrix 0.0013 100000 0.17072 0.17072 0 0 -4.28206573280164e-05
matrices/Nr25_Nc25/consumption/RandTrix_Nr25_Nc25_Nest0.6_Conn0.2048.txt matrices/Nr25_Nc25/syntrophy/optimized_alpha=0.005_gamma=0.5/Metamatrices 0.2048 0.6 1 1 fully_connected 0.014 100000 0 0 0 0 -nan
matrices/Nr25_Nc25/consumption/RandTrix_Nr25_Nc25_Nest0.6_Conn0.3168.txt matrices/Nr25_Nc25/syntrophy/optimized_alpha=0.005_gamma=0.5/Metamatrices 0.3168 0.599869024230517 1 1 fully_connected 0.014 100000 0 0 0 0 -nan
matrices/Nr25_Nc25/consumption/RandTrix_Nr25_Nc25_Nest0.6_Conn0.3712.txt matrices/Nr25_Nc25/syntrophy/optimized_alpha=0.005_gamma=0.5/Metamatrices 0.3712 0.595085995085995 1 1 fully_connected 0.014 100000 0.0173 0.01699 0.00031 0 -8.79988201960752e-06
matrices/Nr25_Nc25/consumption/RandTrix_Nr25_Nc25_Nest0.6_Conn0.44.txt matrices/Nr25_Nc25/syntrophy/optimized_alpha=0.005_gamma=0.5/Metamatrices 0.44 0.6 1 1 fully_connected 0.014 100000 0.04904 0.04864 0.0004 0 -2.61481731132258e-05
# File last opened on Thu Apr  4 13:41:27 2024
# We are writing, in that order, G-matrix location, A-matrix location, G connectance, G nestedness, A connectance, A nestedness, A-mode, alpha0 value, total number of simulations, proportion of feasible, stable, unstable, marginal and dominant eigenvalue
matrices/Nr25_Nc25/consumption/RandTrix_Nr25_Nc25_Nest0.5_Conn0.416.txt matrices/Nr25_Nc25/syntrophy/optimized_alpha=0.005_gamma=0.5/Metamatrices 0.416 0.504988488104375 0.415984672 0.478900269459747 random_structure 0.0013 100000 0.21664 0.20847 0.00817 0 -5.65889959560109e-06
matrices/Nr25_Nc25/consumption/RandTrix_Nr25_Nc25_Nest0.5_Conn0.2496.txt matrices/Nr25_Nc25/syntrophy/optimized_alpha=0.005_gamma=0.5/Metamatrices 0.2496 0.5 0.501362496 0.563730805037855 optimized_matrix 0.0013 100000 0.18726 0.18726 0 0 -1.38322704406754e-05
matrices/Nr25_Nc25/consumption/RandTrix_Nr25_Nc25_Nest0.6_Conn0.12.txt matrices/Nr25_Nc25/syntrophy/optimized_alpha=0.005_gamma=0.5/Metamatrices 0.12 0.6 0.12003544 0.1701756941023 random_structure 0.0013 100000 0.14899 0.14899 0 0 -5.60985861800369e-05
matrices/Nr25_Nc25/consumption/RandTrix_Nr25_Nc25_Nest0.15_Conn0.08.txt matrices/Nr25_Nc25/syntrophy/optimized_alpha=0.005_gamma=0.5/Metamatrices 0.0816 0.15 0 -nan fully_connected 0 100000 0.31797 0.31797 0 0 -4.50924302320161e-05
matrices/Nr25_Nc25/consumption/RandTrix_Nr25_Nc25_Nest0.6_Conn0.16.txt matrices/Nr25_Nc25/syntrophy/optimized_alpha=0.005_gamma=0.5/Metamatrices 0.16 0.6 0.159982864 0.213546288556755 random_structure 0.0013 100000 0.14022 0.14021 1e-05 0 -8.55849184024212e-06
matrices/Nr25_Nc25/consumption/RandTrix_Nr25_Nc25_Nest0.5_Conn0.2928.txt matrices/Nr25_Nc25/syntrophy/optimized_alpha=0.005_gamma=0.5/Metamatrices 0.2928 0.5 0.498913408 0.561445044870755 optimized_matrix 0.0013 100000 0.20905 0.20853 0.00052 0 -8.099436093776e-06
matrices/Nr25_Nc25/consumption/RandTrix_Nr25_Nc25_Nest0.6_Conn0.2048.txt matrices/Nr25_Nc25/syntrophy/optimized_alpha=0.005_gamma=0.5/Metamatrices 0.2048 0.6 0.204767888 0.261424653892635 random_structure 0.0013 100000 0.14098 0.14095 3e-05 0 -4.54286210077808e-06
matrices/Nr25_Nc25/consumption/RandTrix_Nr25_Nc25_Nest0.5_Conn0.32.txt matrices/Nr25_Nc25/syntrophy/optimized_alpha=0.005_gamma=0.5/Metamatrices 0.32 0.498845265588915 0.497300064 0.559801131172187 optimized_matrix 0.0013 100000 0.20795 0.20123 0.00672 0 -4.68494865440965e-06
matrices/Nr25_Nc25/consumption/RandTrix_Nr25_Nc25_Nest0.6_Conn0.3168.txt matrices/Nr25_Nc25/syntrophy/optimized_alpha=0.005_gamma=0.5/Metamatrices 0.3168 0.599869024230517 0.31681936 0.378209808956087 random_structure 0.0013 100000 0.16779 0.16766 0.00013 0 -5.82892580364648e-06
matrices/Nr25_Nc25/consumption/RandTrix_Nr25_Nc25_Nest0.15_Conn0.12.txt matrices/Nr25_Nc25/syntrophy/optimized_alpha=0.005_gamma=0.5/Metamatrices 0.12 0.151419558359621 0 -nan fully_connected 0 100000 0.45055 0.45055 0 0 -1.27136313597274e-05
matrices/Nr25_Nc25/consumption/RandTrix_Nr25_Nc25_Nest0.6_Conn0.3712.txt matrices/Nr25_Nc25/syntrophy/optimized_alpha=0.005_gamma=0.5/Metamatrices 0.3712 0.595085995085995 0.371269456 0.433842320627098 random_structure 0.0013 100000 0.18184 0.17282 0.00902 0 -2.63661097838319e-06
matrices/Nr25_Nc25/consumption/RandTrix_Nr25_Nc25_Nest0.5_Conn0.3824.txt matrices/Nr25_Nc25/syntrophy/optimized_alpha=0.005_gamma=0.5/Metamatrices 0.3824 0.496305953933073 0.49495056 0.557501210027864 optimized_matrix 0.0013 100000 0.20913 0.20352 0.00561 0 -5.71286135805376e-06
matrices/Nr25_Nc25/consumption/RandTrix_Nr25_Nc25_Nest0.6_Conn0.44.txt matrices/Nr25_Nc25/syntrophy/optimized_alpha=0.005_gamma=0.5/Metamatrices 0.44 0.6 0.440133472 0.503174629271138 random_structure 0.0013 100000 0.18034 0.17705 0.00329 0 -1.00326056564972e-05
# File last opened on Thu Apr  4 13:52:40 2024
# We are writing, in that order, G-matrix location, A-matrix location, G connectance, G nestedness, A connectance, A nestedness, A-mode, alpha0 value, total number of simulations, proportion of feasible, stable, unstable, marginal and dominant eigenvalue
matrices/Nr25_Nc25/consumption/RandTrix_Nr25_Nc25_Nest0.5_Conn0.416.txt matrices/Nr25_Nc25/syntrophy/optimized_alpha=0.005_gamma=0.5/Metamatrices 0.416 0.504988488104375 0.504755248 0.567321137320389 optimized_matrix 0.0013 100000 0.21307 0.20439 0.00868 0 -5.69440185125225e-06
matrices/Nr25_Nc25/consumption/RandTrix_Nr25_Nc25_Nest0.15_Conn0.08.txt matrices/Nr25_Nc25/syntrophy/optimized_alpha=0.005_gamma=0.5/Metamatrices 0.0816 0.15 0.200596624 0.479473368067334 optimized_matrix 0.0026 100000 0.19915 0.19915 0 0 -6.86314407518082e-05
matrices/Nr25_Nc25/consumption/RandTrix_Nr25_Nc25_Nest0.6_Conn0.12.txt matrices/Nr25_Nc25/syntrophy/optimized_alpha=0.005_gamma=0.5/Metamatrices 0.12 0.6 0.529462608 0.631296148843929 optimized_matrix 0.0013 100000 0.10435 0.10435 0 0 -7.6542388150966e-05
matrices/Nr25_Nc25/consumption/RandTrix_Nr25_Nc25_Nest0.15_Conn0.1808.txt matrices/Nr25_Nc25/syntrophy/optimized_alpha=0.005_gamma=0.5/Metamatrices 0.1808 0.158059467918623 0 -nan fully_connected 0 100000 0.46354 0.46354 0 0 -6.84671422942947e-05
matrices/Nr25_Nc25/consumption/RandTrix_Nr25_Nc25_Nest0.6_Conn0.16.txt matrices/Nr25_Nc25/syntrophy/optimized_alpha=0.005_gamma=0.5/Metamatrices 0.16 0.6 0.501244208 0.563787597994317 optimized_matrix 0.0013 100000 0.1019 0.1019 0 0 -1.07908723914025e-05
matrices/Nr25_Nc25/consumption/RandTrix_Nr25_Nc25_Nest0.6_Conn0.2048.txt matrices/Nr25_Nc25/syntrophy/optimized_alpha=0.005_gamma=0.5/Metamatrices 0.2048 0.6 0.503371424 0.566238458800141 optimized_matrix 0.0013 100000 0.10836 0.10836 0 0 -5.62724994349856e-06
matrices/Nr25_Nc25/consumption/RandTrix_Nr25_Nc25_Nest0.15_Conn0.12.txt matrices/Nr25_Nc25/syntrophy/optimized_alpha=0.005_gamma=0.5/Metamatrices 0.12 0.151419558359621 0.367452176 0.502377319154476 optimized_matrix 0.0026 100000 0.33663 0.33663 0 0 -1.7122101949778e-05
matrices/Nr25_Nc25/consumption/RandTrix_Nr25_Nc25_Nest0.1_Conn0.0816.txt matrices/Nr25_Nc25/syntrophy/optimized_alpha=0.005_gamma=0.5/Metamatrices 0.0816 0.1 0 -nan fully_connected 0 100000 0.45444 0.45444 0 0 -0.000184983923616181
matrices/Nr25_Nc25/consumption/RandTrix_Nr25_Nc25_Nest0.6_Conn0.3168.txt matrices/Nr25_Nc25/syntrophy/optimized_alpha=0.005_gamma=0.5/Metamatrices 0.3168 0.599869024230517 0.500857664 0.563969828604277 optimized_matrix 0.0013 100000 0.14457 0.14455 2e-05 0 -6.4794657673366e-06
matrices/Nr25_Nc25/consumption/RandTrix_Nr25_Nc25_Nest0.6_Conn0.3712.txt matrices/Nr25_Nc25/syntrophy/optimized_alpha=0.005_gamma=0.5/Metamatrices 0.3712 0.595085995085995 0.502839824 0.565265158044994 optimized_matrix 0.0013 100000 0.17568 0.16801 0.00767 0 -2.73693510775225e-06
matrices/Nr25_Nc25/consumption/RandTrix_Nr25_Nc25_Nest0.15_Conn0.1808.txt matrices/Nr25_Nc25/syntrophy/optimized_alpha=0.005_gamma=0.5/Metamatrices 0.1808 0.158059467918623 0.498304336 0.560898611504969 optimized_matrix 0.0026 100000 0.43607 0.43599 8e-05 0 -7.42819663561397e-05
matrices/Nr25_Nc25/consumption/RandTrix_Nr25_Nc25_Nest0.6_Conn0.44.txt matrices/Nr25_Nc25/syntrophy/optimized_alpha=0.005_gamma=0.5/Metamatrices 0.44 0.6 0.500261616 0.562683873203563 optimized_matrix 0.0013 100000 0.17742 0.17454 0.00288 0 -1.01773667704167e-05
matrices/Nr25_Nc25/consumption/RandTrix_Nr25_Nc25_Nest0.1_Conn0.1296.txt matrices/Nr25_Nc25/syntrophy/optimized_alpha=0.005_gamma=0.5/Metamatrices 0.1296 0.10479375696767 0 -nan fully_connected 0 100000 0.54488 0.54485 0 3e-05 -1.1478345364579e-05
matrices/Nr25_Nc25/consumption/RandTrix_Nr25_Nc25_Nest0.25_Conn0.0832.txt matrices/Nr25_Nc25/syntrophy/optimized_alpha=0.005_gamma=0.5/Metamatrices 0.0832 0.25 0 -nan fully_connected 0 100000 0.31773 0.31773 0 0 -0.000295727414776195
matrices/Nr25_Nc25/consumption/RandTrix_Nr25_Nc25_Nest0.1_Conn0.0816.txt matrices/Nr25_Nc25/syntrophy/optimized_alpha=0.005_gamma=0.5/Metamatrices 0.0816 0.1 0.138218576 0.291928496041915 optimized_matrix 0.0026 100000 0.36982 0.36982 0 0 -0.000229723827965224
matrices/Nr25_Nc25/consumption/RandTrix_Nr25_Nc25_Nest0.25_Conn0.1392.txt matrices/Nr25_Nc25/syntrophy/optimized_alpha=0.005_gamma=0.5/Metamatrices 0.1392 0.25 0 -nan fully_connected 0 100000 0.31907 0.31907 0 0 -3.24330495638066e-05
matrices/Nr25_Nc25/consumption/RandTrix_Nr25_Nc25_Nest0.1_Conn0.1296.txt matrices/Nr25_Nc25/syntrophy/optimized_alpha=0.005_gamma=0.5/Metamatrices 0.1296 0.10479375696767 0.28123296 0.329929482337338 optimized_matrix 0.0026 100000 0.51878 0.50034 0.01844 0 -1.29014640064009e-05
matrices/Nr25_Nc25/consumption/RandTrix_Nr25_Nc25_Nest0.25_Conn0.184.txt matrices/Nr25_Nc25/syntrophy/optimized_alpha=0.005_gamma=0.5/Metamatrices 0.184 0.245901639344262 0 -nan fully_connected 0 100000 0.32886 0.32885 0 1e-05 -2.71301424311567e-06
matrices/Nr25_Nc25/consumption/RandTrix_Nr25_Nc25_Nest0.25_Conn0.0832.txt matrices/Nr25_Nc25/syntrophy/optimized_alpha=0.005_gamma=0.5/Metamatrices 0.0832 0.25 0.322301312 0.578597739891471 optimized_matrix 0.0026 100000 0.18509 0.18509 0 0 -0.000478265011142506
matrices/Nr25_Nc25/consumption/RandTrix_Nr25_Nc25_Nest0.25_Conn0.2336.txt matrices/Nr25_Nc25/syntrophy/optimized_alpha=0.005_gamma=0.5/Metamatrices 0.2336 0.252631578947368 0 -nan fully_connected 0 100000 0.33893 0.33893 0 0 -5.88715035689781e-05
matrices/Nr25_Nc25/consumption/RandTrix_Nr25_Nc25_Nest0.25_Conn0.1392.txt matrices/Nr25_Nc25/syntrophy/optimized_alpha=0.005_gamma=0.5/Metamatrices 0.1392 0.25 0.495091616 0.558237780261642 optimized_matrix 0.0026 100000 0.17906 0.17906 0 0 -5.19433133108262e-05
matrices/Nr25_Nc25/consumption/RandTrix_Nr25_Nc25_Nest0.2_Conn0.0896.txt matrices/Nr25_Nc25/syntrophy/optimized_alpha=0.005_gamma=0.5/Metamatrices 0.0896 0.2 0 -nan fully_connected 0 100000 0.27841 0.27841 0 0 -3.05757624998559e-05
matrices/Nr25_Nc25/consumption/RandTrix_Nr25_Nc25_Nest0.25_Conn0.184.txt matrices/Nr25_Nc25/syntrophy/optimized_alpha=0.005_gamma=0.5/Metamatrices 0.184 0.245901639344262 0.497657056 0.560293097275365 optimized_matrix 0.0026 100000 0.21608 0.20499 0.01109 0 -4.28367538256079e-06
matrices/Nr25_Nc25/consumption/RandTrix_Nr25_Nc25_Nest0.2_Conn0.1328.txt matrices/Nr25_Nc25/syntrophy/optimized_alpha=0.005_gamma=0.5/Metamatrices 0.1328 0.2 0 -nan fully_connected 0 100000 0.38978 0.38978 0 0 -3.82066695218698e-06
matrices/Nr25_Nc25/consumption/RandTrix_Nr25_Nc25_Nest0.25_Conn0.2336.txt matrices/Nr25_Nc25/syntrophy/optimized_alpha=0.005_gamma=0.5/Metamatrices 0.2336 0.252631578947368 0.504302112 0.566586879574538 optimized_matrix 0.0026 100000 0.30343 0.30343 0 0 -6.7552622716132e-05
matrices/Nr25_Nc25/consumption/RandTrix_Nr25_Nc25_Nest0.2_Conn0.0896.txt matrices/Nr25_Nc25/syntrophy/optimized_alpha=0.005_gamma=0.5/Metamatrices 0.0896 0.2 0.203452512 0.450963617779204 optimized_matrix 0.0026 100000 0.22759 0.22759 0 0 -3.7789135662986e-05
matrices/Nr25_Nc25/consumption/RandTrix_Nr25_Nc25_Nest0.2_Conn0.168.txt matrices/Nr25_Nc25/syntrophy/optimized_alpha=0.005_gamma=0.5/Metamatrices 0.168 0.202270381836945 0 -nan fully_connected 0 100000 0.3708 0.3708 0 0 -1.11009746535062e-05
matrices/Nr25_Nc25/consumption/RandTrix_Nr25_Nc25_Nest0.35_Conn0.08.txt matrices/Nr25_Nc25/syntrophy/optimized_alpha=0.005_gamma=0.5/Metamatrices 0.08 0.35 0 -nan fully_connected 0 100000 0.20209 0.20209 0 0 -9.90258238298535e-05
matrices/Nr25_Nc25/consumption/RandTrix_Nr25_Nc25_Nest0.2_Conn0.1328.txt matrices/Nr25_Nc25/syntrophy/optimized_alpha=0.005_gamma=0.5/Metamatrices 0.1328 0.2 0.469595888 0.552937595455866 optimized_matrix 0.0026 100000 0.24505 0.24446 0.00059 0 -5.57984275123726e-06
matrices/Nr25_Nc25/consumption/RandTrix_Nr25_Nc25_Nest0.35_Conn0.1328.txt matrices/Nr25_Nc25/syntrophy/optimized_alpha=0.005_gamma=0.5/Metamatrices 0.1328 0.35 0 -nan fully_connected 0 100000 0.20171 0.20171 0 0 -8.6631865142271e-06
matrices/Nr25_Nc25/consumption/RandTrix_Nr25_Nc25_Nest0.2_Conn0.168.txt matrices/Nr25_Nc25/syntrophy/optimized_alpha=0.005_gamma=0.5/Metamatrices 0.168 0.202270381836945 0.501259312 0.56371747763855 optimized_matrix 0.0026 100000 0.22984 0.22983 1e-05 0 -1.6864643700157e-05
matrices/Nr25_Nc25/consumption/RandTrix_Nr25_Nc25_Nest0.35_Conn0.1712.txt matrices/Nr25_Nc25/syntrophy/optimized_alpha=0.005_gamma=0.5/Metamatrices 0.1712 0.35 0 -nan fully_connected 0 100000 0.21083 0.21083 0 0 -1.16053806045944e-06
matrices/Nr25_Nc25/consumption/RandTrix_Nr25_Nc25_Nest0.35_Conn0.08.txt matrices/Nr25_Nc25/syntrophy/optimized_alpha=0.005_gamma=0.5/Metamatrices 0.08 0.35 0.288467216 0.582240537065094 optimized_matrix 0.0026 100000 0.08465 0.08465 0 0 -0.000199680494190145
matrices/Nr25_Nc25/consumption/RandTrix_Nr25_Nc25_Nest0.35_Conn0.1328.txt matrices/Nr25_Nc25/syntrophy/optimized_alpha=0.005_gamma=0.5/Metamatrices 0.1328 0.35 0.501616608 0.56437859817906 optimized_matrix 0.0026 100000 0.09514 0.09514 0 0 -1.64849806335611e-05
matrices/Nr25_Nc25/consumption/RandTrix_Nr25_Nc25_Nest0.35_Conn0.2208.txt matrices/Nr25_Nc25/syntrophy/optimized_alpha=0.005_gamma=0.5/Metamatrices 0.2208 0.347043701799486 0 -nan fully_connected 0 100000 0.27948 0.27948 0 0 -1.35703670272736e-06
matrices/Nr25_Nc25/consumption/RandTrix_Nr25_Nc25_Nest0.35_Conn0.1712.txt matrices/Nr25_Nc25/syntrophy/optimized_alpha=0.005_gamma=0.5/Metamatrices 0.1712 0.35 0.500647344 0.563419028700934 optimized_matrix 0.0026 100000 0.10648 0.10648 0 0 -2.23500160278129e-06
matrices/Nr25_Nc25/consumption/RandTrix_Nr25_Nc25_Nest0.35_Conn0.272.txt matrices/Nr25_Nc25/syntrophy/optimized_alpha=0.005_gamma=0.5/Metamatrices 0.272 0.346769413159455 0 -nan fully_connected 0 100000 0.27245 0.27245 0 0 -3.47292133426089e-05
matrices/Nr25_Nc25/consumption/RandTrix_Nr25_Nc25_Nest0.35_Conn0.2208.txt matrices/Nr25_Nc25/syntrophy/optimized_alpha=0.005_gamma=0.5/Metamatrices 0.2208 0.347043701799486 0.503702352 0.566092980942237 optimized_matrix 0.0026 100000 0.20689 0.19206 0.01483 0 -2.00772504124507e-06
matrices/Nr25_Nc25/consumption/RandTrix_Nr25_Nc25_Nest0.35_Conn0.3216.txt matrices/Nr25_Nc25/syntrophy/optimized_alpha=0.005_gamma=0.5/Metamatrices 0.3216 0.354089219330855 0 -nan fully_connected 0 100000 0.27104 0.27104 0 0 -1.03413868705331e-05
matrices/Nr25_Nc25/consumption/RandTrix_Nr25_Nc25_Nest0.35_Conn0.272.txt matrices/Nr25_Nc25/syntrophy/optimized_alpha=0.005_gamma=0.5/Metamatrices 0.272 0.346769413159455 0.498463872 0.560870723792059 optimized_matrix 0.0026 100000 0.24973 0.24968 5e-05 0 -3.84123453337451e-05
matrices/Nr25_Nc25/consumption/RandTrix_Nr25_Nc25_Nest0.3_Conn0.0816.txt matrices/Nr25_Nc25/syntrophy/optimized_alpha=0.005_gamma=0.5/Metamatrices 0.0816 0.297435897435897 0 -nan fully_connected 0 100000 0.26197 0.26197 0 0 -0.000159776814072058
matrices/Nr25_Nc25/consumption/RandTrix_Nr25_Nc25_Nest0.35_Conn0.3216.txt matrices/Nr25_Nc25/syntrophy/optimized_alpha=0.005_gamma=0.5/Metamatrices 0.3216 0.354089219330855 0.498219312 0.560944453661425 optimized_matrix 0.0026 100000 0.25486 0.24548 0.00938 0 -1.12672412622575e-05
matrices/Nr25_Nc25/consumption/RandTrix_Nr25_Nc25_Nest0.3_Conn0.128.txt matrices/Nr25_Nc25/syntrophy/optimized_alpha=0.005_gamma=0.5/Metamatrices 0.128 0.3 0 -nan fully_connected 0 100000 0.23594 0.23594 0 0 -1.45510208894827e-05
matrices/Nr25_Nc25/consumption/RandTrix_Nr25_Nc25_Nest0.3_Conn0.0816.txt matrices/Nr25_Nc25/syntrophy/optimized_alpha=0.005_gamma=0.5/Metamatrices 0.0816 0.297435897435897 0.256733552 0.581259499621654 optimized_matrix 0.0026 100000 0.14372 0.14372 0 0 -0.000260670170503992
matrices/Nr25_Nc25/consumption/RandTrix_Nr25_Nc25_Nest0.3_Conn0.128.txt matrices/Nr25_Nc25/syntrophy/optimized_alpha=0.005_gamma=0.5/Metamatrices 0.128 0.3 0.491515728 0.55940010194379 optimized_matrix 0.0026 100000 0.11653 0.11653 0 0 -2.5479221482985e-05
matrices/Nr25_Nc25/consumption/RandTrix_Nr25_Nc25_Nest0.3_Conn0.1776.txt matrices/Nr25_Nc25/syntrophy/optimized_alpha=0.005_gamma=0.5/Metamatrices 0.1776 0.3 0 -nan fully_connected 0 100000 0.32869 0.32869 0 0 -3.35008789351537e-05
matrices/Nr25_Nc25/consumption/RandTrix_Nr25_Nc25_Nest0.3_Conn0.1776.txt matrices/Nr25_Nc25/syntrophy/optimized_alpha=0.005_gamma=0.5/Metamatrices 0.1776 0.3 0.496905008 0.559188524086186 optimized_matrix 0.0026 100000 0.20209 0.20209 0 0 -5.1023542568659e-05
matrices/Nr25_Nc25/consumption/RandTrix_Nr25_Nc25_Nest0.3_Conn0.2272.txt matrices/Nr25_Nc25/syntrophy/optimized_alpha=0.005_gamma=0.5/Metamatrices 0.2272 0.297439759036145 0 -nan fully_connected 0 100000 0.31361 0.31361 0 0 -3.22364309649353e-05
matrices/Nr25_Nc25/consumption/RandTrix_Nr25_Nc25_Nest0.3_Conn0.2272.txt matrices/Nr25_Nc25/syntrophy/optimized_alpha=0.005_gamma=0.5/Metamatrices 0.2272 0.297439759036145 0.5007808 0.562879496929306 optimized_matrix 0.0026 100000 0.25207 0.25203 4e-05 0 -3.97499681045661e-05
matrices/Nr25_Nc25/consumption/RandTrix_Nr25_Nc25_Nest0.3_Conn0.2816.txt matrices/Nr25_Nc25/syntrophy/optimized_alpha=0.005_gamma=0.5/Metamatrices 0.2816 0.302762430939227 0 -nan fully_connected 0 100000 0.32315 0.32315 0 0 -1.27525450395958e-05
matrices/Nr25_Nc25/consumption/RandTrix_Nr25_Nc25_Nest0.45_Conn0.0816.txt matrices/Nr25_Nc25/syntrophy/optimized_alpha=0.005_gamma=0.5/Metamatrices 0.0816 0.452 0 -nan fully_connected 0 100000 0.17461 0.17461 0 0 -7.06059340425653e-05
matrices/Nr25_Nc25/consumption/RandTrix_Nr25_Nc25_Nest0.45_Conn0.1232.txt matrices/Nr25_Nc25/syntrophy/optimized_alpha=0.005_gamma=0.5/Metamatrices 0.1232 0.45 0 -nan fully_connected 0 100000 0.18487 0.18487 0 0 -2.37036824563041e-05
matrices/Nr25_Nc25/consumption/RandTrix_Nr25_Nc25_Nest0.3_Conn0.2816.txt matrices/Nr25_Nc25/syntrophy/optimized_alpha=0.005_gamma=0.5/Metamatrices 0.2816 0.302762430939227 0.49851608 0.561183825493516 optimized_matrix 0.0026 100000 0.29478 0.28886 0.00592 0 -1.46463900913209e-05
matrices/Nr25_Nc25/consumption/RandTrix_Nr25_Nc25_Nest0.45_Conn0.0816.txt matrices/Nr25_Nc25/syntrophy/optimized_alpha=0.005_gamma=0.5/Metamatrices 0.0816 0.452 0.360060096 0.604172194080551 optimized_matrix 0.0026 100000 0.0666 0.0666 0 0 -0.000159388738990807
matrices/Nr25_Nc25/consumption/RandTrix_Nr25_Nc25_Nest0.45_Conn0.1856.txt matrices/Nr25_Nc25/syntrophy/optimized_alpha=0.005_gamma=0.5/Metamatrices 0.1856 0.449874686716792 0 -nan fully_connected 0 100000 0.25785 0.25785 0 0 -1.79823232508125e-05
matrices/Nr25_Nc25/consumption/RandTrix_Nr25_Nc25_Nest0.45_Conn0.1232.txt matrices/Nr25_Nc25/syntrophy/optimized_alpha=0.005_gamma=0.5/Metamatrices 0.1232 0.45 0.502075808 0.574615309387194 optimized_matrix 0.0026 100000 0.08664 0.08664 0 0 -4.30167865258206e-05
matrices/Nr25_Nc25/consumption/RandTrix_Nr25_Nc25_Nest0.45_Conn0.216.txt matrices/Nr25_Nc25/syntrophy/optimized_alpha=0.005_gamma=0.5/Metamatrices 0.216 0.45 0 -nan fully_connected 0 100000 0.19964 0.19964 0 0 -4.34073210318885e-06
matrices/Nr25_Nc25/consumption/RandTrix_Nr25_Nc25_Nest0.45_Conn0.1856.txt matrices/Nr25_Nc25/syntrophy/optimized_alpha=0.005_gamma=0.5/Metamatrices 0.1856 0.449874686716792 0.498675296 0.561411217025832 optimized_matrix 0.0026 100000 0.13341 0.13341 0 0 -3.05209073375044e-05
matrices/Nr25_Nc25/consumption/RandTrix_Nr25_Nc25_Nest0.45_Conn0.216.txt matrices/Nr25_Nc25/syntrophy/optimized_alpha=0.005_gamma=0.5/Metamatrices 0.216 0.45 0.4995548 0.561973923231633 optimized_matrix 0.0026 100000 0.09945 0.09945 0 0 -7.67717079276418e-06
matrices/Nr25_Nc25/consumption/RandTrix_Nr25_Nc25_Nest0.45_Conn0.2672.txt matrices/Nr25_Nc25/syntrophy/optimized_alpha=0.005_gamma=0.5/Metamatrices 0.2672 0.446518305814788 0 -nan fully_connected 0 100000 0.25585 0.25584 0 1e-05 -3.51299554276003e-06
matrices/Nr25_Nc25/consumption/RandTrix_Nr25_Nc25_Nest0.45_Conn0.2672.txt matrices/Nr25_Nc25/syntrophy/optimized_alpha=0.005_gamma=0.5/Metamatrices 0.2672 0.446518305814788 0.493152096 0.555945919306402 optimized_matrix 0.0026 100000 0.14506 0.14129 0.00377 0 -5.68807748202745e-06
matrices/Nr25_Nc25/consumption/RandTrix_Nr25_Nc25_Nest0.45_Conn0.3168.txt matrices/Nr25_Nc25/syntrophy/optimized_alpha=0.005_gamma=0.5/Metamatrices 0.3168 0.445459430413756 0 -nan fully_connected 0 100000 0.22859 0.22859 0 0 -5.94005603714604e-06
matrices/Nr25_Nc25/consumption/RandTrix_Nr25_Nc25_Nest0.45_Conn0.3168.txt matrices/Nr25_Nc25/syntrophy/optimized_alpha=0.005_gamma=0.5/Metamatrices 0.3168 0.445459430413756 0.500818544 0.563550849076594 optimized_matrix 0.0026 100000 0.19776 0.19198 0.00578 0 -7.33158609220664e-06
matrices/Nr25_Nc25/consumption/RandTrix_Nr25_Nc25_Nest0.45_Conn0.384.txt matrices/Nr25_Nc25/syntrophy/optimized_alpha=0.005_gamma=0.5/Metamatrices 0.384 0.452352708580467 0 -nan fully_connected 0 100000 0.22358 0.22358 0 0 -2.19015648824831e-05
matrices/Nr25_Nc25/consumption/RandTrix_Nr25_Nc25_Nest0.45_Conn0.384.txt matrices/Nr25_Nc25/syntrophy/optimized_alpha=0.005_gamma=0.5/Metamatrices 0.384 0.452352708580467 0.502455872 0.565166774902208 optimized_matrix 0.0026 100000 0.21021 0.20856 0.00165 0 -2.40265588153466e-05
matrices/Nr25_Nc25/consumption/RandTrix_Nr25_Nc25_Nest0.45_Conn0.424.txt matrices/Nr25_Nc25/syntrophy/optimized_alpha=0.005_gamma=0.5/Metamatrices 0.424 0.454737583656217 0 -nan fully_connected 0 100000 0.24896 0.24896 0 0 -2.32934815990238e-05
matrices/Nr25_Nc25/consumption/RandTrix_Nr25_Nc25_Nest0.45_Conn0.424.txt matrices/Nr25_Nc25/syntrophy/optimized_alpha=0.005_gamma=0.5/Metamatrices 0.424 0.454737583656217 0.500930096 0.563617660803111 optimized_matrix 0.0026 100000 0.23327 0.23158 0.00169 0 -2.60228507299936e-05
matrices/Nr25_Nc25/consumption/RandTrix_Nr25_Nc25_Nest0.4_Conn0.0784.txt matrices/Nr25_Nc25/syntrophy/optimized_alpha=0.005_gamma=0.5/Metamatrices 0.0784 0.4 0 -nan fully_connected 0 100000 0.1919 0.1919 0 0 -8.92257773084061e-05
matrices/Nr25_Nc25/consumption/RandTrix_Nr25_Nc25_Nest0.4_Conn0.0784.txt matrices/Nr25_Nc25/syntrophy/optimized_alpha=0.005_gamma=0.5/Metamatrices 0.0784 0.4 0.293158336 0.635183956228774 optimized_matrix 0.0026 100000 0.08164 0.08164 0 0 -0.000180226872742254
matrices/Nr25_Nc25/consumption/RandTrix_Nr25_Nc25_Nest0.4_Conn0.1232.txt matrices/Nr25_Nc25/syntrophy/optimized_alpha=0.005_gamma=0.5/Metamatrices 0.1232 0.399558498896247 0 -nan fully_connected 0 100000 0.2765 0.2765 0 0 -9.73307146916051e-05
matrices/Nr25_Nc25/consumption/RandTrix_Nr25_Nc25_Nest0.4_Conn0.1232.txt matrices/Nr25_Nc25/syntrophy/optimized_alpha=0.005_gamma=0.5/Metamatrices 0.1232 0.399558498896247 0.501398928 0.564091008002285 optimized_matrix 0.0026 100000 0.14127 0.14127 0 0 -0.000176537860601551
matrices/Nr25_Nc25/consumption/RandTrix_Nr25_Nc25_Nest0.4_Conn0.2032.txt matrices/Nr25_Nc25/syntrophy/optimized_alpha=0.005_gamma=0.5/Metamatrices 0.2032 0.4 0 -nan fully_connected 0 100000 0.21852 0.21852 0 0 -9.07850762014298e-06
matrices/Nr25_Nc25/consumption/RandTrix_Nr25_Nc25_Nest0.4_Conn0.2032.txt matrices/Nr25_Nc25/syntrophy/optimized_alpha=0.005_gamma=0.5/Metamatrices 0.2032 0.4 0.504881888 0.567364699624277 optimized_matrix 0.0026 100000 0.15079 0.15077 2e-05 0 -1.29885517820693e-05
matrices/Nr25_Nc25/consumption/RandTrix_Nr25_Nc25_Nest0.4_Conn0.2288.txt matrices/Nr25_Nc25/syntrophy/optimized_alpha=0.005_gamma=0.5/Metamatrices 0.2288 0.4 0 -nan fully_connected 0 100000 0.24404 0.24404 0 0 -1.11906611527097e-06
matrices/Nr25_Nc25/consumption/RandTrix_Nr25_Nc25_Nest0.4_Conn0.2288.txt matrices/Nr25_Nc25/syntrophy/optimized_alpha=0.005_gamma=0.5/Metamatrices 0.2288 0.4 0.499326512 0.561893487100161 optimized_matrix 0.0026 100000 0.1331 0.12671 0.00639 0 -1.9092953541852e-06
matrices/Nr25_Nc25/consumption/RandTrix_Nr25_Nc25_Nest0.4_Conn0.272.txt matrices/Nr25_Nc25/syntrophy/optimized_alpha=0.005_gamma=0.5/Metamatrices 0.272 0.397260273972603 0.497837472 0.560156860055058 optimized_matrix 0.0026 100000 0.15279 0.15268 0.00011 0 -1.69875836391406e-05
matrices/Nr25_Nc25/consumption/RandTrix_Nr25_Nc25_Nest0.4_Conn0.272.txt matrices/Nr25_Nc25/syntrophy/optimized_alpha=0.005_gamma=0.5/Metamatrices 0.272 0.397260273972603 0 -nan fully_connected 0 100000 0.25579 0.25579 0 0 -1.10929637728018e-05
matrices/Nr25_Nc25/consumption/RandTrix_Nr25_Nc25_Nest0.4_Conn0.3312.txt matrices/Nr25_Nc25/syntrophy/optimized_alpha=0.005_gamma=0.5/Metamatrices 0.3312 0.396235521235521 0.495861664 0.558513839582349 optimized_matrix 0.0026 100000 0.21229 0.2034 0.00889 0 -7.77338275766789e-06
matrices/Nr25_Nc25/consumption/RandTrix_Nr25_Nc25_Nest0.4_Conn0.3312.txt matrices/Nr25_Nc25/syntrophy/optimized_alpha=0.005_gamma=0.5/Metamatrices 0.3312 0.396235521235521 0 -nan fully_connected 0 100000 0.24433 0.24433 0 0 -6.43390151611763e-06
matrices/Nr25_Nc25/consumption/RandTrix_Nr25_Nc25_Nest0.4_Conn0.3712.txt matrices/Nr25_Nc25/syntrophy/optimized_alpha=0.005_gamma=0.5/Metamatrices 0.3712 0.40494527766518 0.499912496 0.562542229846622 optimized_matrix 0.0026 100000 0.24349 0.24289 0.0006 0 -3.6032437058722e-05
matrices/Nr25_Nc25/consumption/RandTrix_Nr25_Nc25_Nest0.4_Conn0.3712.txt matrices/Nr25_Nc25/syntrophy/optimized_alpha=0.005_gamma=0.5/Metamatrices 0.3712 0.40494527766518 0 -nan fully_connected 0 100000 0.25523 0.25523 0 0 -3.43992092901479e-05
matrices/Nr25_Nc25/consumption/RandTrix_Nr25_Nc25_Nest0.55_Conn0.0992.txt matrices/Nr25_Nc25/syntrophy/optimized_alpha=0.005_gamma=0.5/Metamatrices 0.0992 0.548109965635739 0.464281968 0.679690522514822 optimized_matrix 0.0026 100000 0.06204 0.06204 0 0 -0.000136040392243965
matrices/Nr25_Nc25/consumption/RandTrix_Nr25_Nc25_Nest0.55_Conn0.0992.txt matrices/Nr25_Nc25/syntrophy/optimized_alpha=0.005_gamma=0.5/Metamatrices 0.0992 0.548109965635739 0 -nan fully_connected 0 100000 0.16462 0.16462 0 0 -6.3243912504005e-05
matrices/Nr25_Nc25/consumption/RandTrix_Nr25_Nc25_Nest0.55_Conn0.1248.txt matrices/Nr25_Nc25/syntrophy/optimized_alpha=0.005_gamma=0.5/Metamatrices 0.1248 0.55 0.508859584 0.589706801525264 optimized_matrix 0.0026 100000 0.08117 0.08117 0 0 -5.28474007600556e-05
matrices/Nr25_Nc25/consumption/RandTrix_Nr25_Nc25_Nest0.55_Conn0.1248.txt matrices/Nr25_Nc25/syntrophy/optimized_alpha=0.005_gamma=0.5/Metamatrices 0.1248 0.55 0 -nan fully_connected 0 100000 0.17062 0.17062 0 0 -2.84914063227717e-05
matrices/Nr25_Nc25/consumption/RandTrix_Nr25_Nc25_Nest0.55_Conn0.184.txt matrices/Nr25_Nc25/syntrophy/optimized_alpha=0.005_gamma=0.5/Metamatrices 0.184 0.55019556714472 0.503517248 0.566467214844569 optimized_matrix 0.0026 100000 0.09921 0.09921 0 0 -1.81263629880209e-05
matrices/Nr25_Nc25/consumption/RandTrix_Nr25_Nc25_Nest0.55_Conn0.184.txt matrices/Nr25_Nc25/syntrophy/optimized_alpha=0.005_gamma=0.5/Metamatrices 0.184 0.55019556714472 0 -nan fully_connected 0 100000 0.21154 0.21154 0 0 -9.66589316906088e-06
matrices/Nr25_Nc25/consumption/RandTrix_Nr25_Nc25_Nest0.55_Conn0.2304.txt matrices/Nr25_Nc25/syntrophy/optimized_alpha=0.005_gamma=0.5/Metamatrices 0.2304 0.55 0.503091104 0.565258420492982 optimized_matrix 0.0026 100000 0.08626 0.08626 0 0 -6.27458984388988e-06
matrices/Nr25_Nc25/consumption/RandTrix_Nr25_Nc25_Nest0.55_Conn0.3024.txt matrices/Nr25_Nc25/syntrophy/optimized_alpha=0.005_gamma=0.5/Metamatrices 0.3024 0.550095724313976 0.503229216 0.565672099390899 optimized_matrix 0.0026 100000 0.11073 0.10865 0.00208 0 -3.93956500475164e-06
matrices/Nr25_Nc25/consumption/RandTrix_Nr25_Nc25_Nest0.55_Conn0.2304.txt matrices/Nr25_Nc25/syntrophy/optimized_alpha=0.005_gamma=0.5/Metamatrices 0.2304 0.55 0 -nan fully_connected 0 100000 0.18177 0.18177 0 0 -3.29958817912325e-06
matrices/Nr25_Nc25/consumption/RandTrix_Nr25_Nc25_Nest0.55_Conn0.3344.txt matrices/Nr25_Nc25/syntrophy/optimized_alpha=0.005_gamma=0.5/Metamatrices 0.3344 0.547425474254743 0.500012784 0.562561422105708 optimized_matrix 0.0026 100000 0.14741 0.14639 0.00102 0 -1.16647978392494e-05
matrices/Nr25_Nc25/consumption/RandTrix_Nr25_Nc25_Nest0.55_Conn0.3024.txt matrices/Nr25_Nc25/syntrophy/optimized_alpha=0.005_gamma=0.5/Metamatrices 0.3024 0.550095724313976 0 -nan fully_connected 0 100000 0.20006 0.20006 0 0 -2.46764306673825e-06
matrices/Nr25_Nc25/consumption/RandTrix_Nr25_Nc25_Nest0.55_Conn0.3824.txt matrices/Nr25_Nc25/syntrophy/optimized_alpha=0.005_gamma=0.5/Metamatrices 0.3824 0.547794117647059 0.499039568 0.561571315178137 optimized_matrix 0.0026 100000 0.15394 0.14176 0.01218 0 -1.92538601884939e-06
matrices/Nr25_Nc25/consumption/RandTrix_Nr25_Nc25_Nest0.55_Conn0.3344.txt matrices/Nr25_Nc25/syntrophy/optimized_alpha=0.005_gamma=0.5/Metamatrices 0.3344 0.547425474254743 0 -nan fully_connected 0 100000 0.2072 0.2072 0 0 -8.33599754138119e-06
matrices/Nr25_Nc25/consumption/RandTrix_Nr25_Nc25_Nest0.55_Conn0.4176.txt matrices/Nr25_Nc25/syntrophy/optimized_alpha=0.005_gamma=0.5/Metamatrices 0.4176 0.546571541815299 0.497876448 0.560086229776802 optimized_matrix 0.0026 100000 0.19319 0.17316 0.02003 0 -3.32411698768882e-06
matrices/Nr25_Nc25/consumption/RandTrix_Nr25_Nc25_Nest0.55_Conn0.3824.txt matrices/Nr25_Nc25/syntrophy/optimized_alpha=0.005_gamma=0.5/Metamatrices 0.3824 0.547794117647059 0 -nan fully_connected 0 100000 0.20876 0.20875 0 1e-05 -1.33370327105493e-06
matrices/Nr25_Nc25/consumption/RandTrix_Nr25_Nc25_Nest0.5_Conn0.0912.txt matrices/Nr25_Nc25/syntrophy/optimized_alpha=0.005_gamma=0.5/Metamatrices 0.0912 0.50278293135436 0.418946272 0.678039387814745 optimized_matrix 0.0026 100000 0.06348 0.06348 0 0 -0.000137723519709173
matrices/Nr25_Nc25/consumption/RandTrix_Nr25_Nc25_Nest0.55_Conn0.4176.txt matrices/Nr25_Nc25/syntrophy/optimized_alpha=0.005_gamma=0.5/Metamatrices 0.4176 0.546571541815299 0 -nan fully_connected 0 100000 0.20989 0.20988 0 1e-05 -2.71107199651627e-06
matrices/Nr25_Nc25/consumption/RandTrix_Nr25_Nc25_Nest0.5_Conn0.1248.txt matrices/Nr25_Nc25/syntrophy/optimized_alpha=0.005_gamma=0.5/Metamatrices 0.1248 0.5 0.50265856 0.565084952528763 optimized_matrix 0.0026 100000 0.08943 0.08943 0 0 -8.28052230371764e-05
matrices/Nr25_Nc25/consumption/RandTrix_Nr25_Nc25_Nest0.5_Conn0.0912.txt matrices/Nr25_Nc25/syntrophy/optimized_alpha=0.005_gamma=0.5/Metamatrices 0.0912 0.50278293135436 0 -nan fully_connected 0 100000 0.16973 0.16973 0 0 -6.49162270768801e-05
matrices/Nr25_Nc25/consumption/RandTrix_Nr25_Nc25_Nest0.5_Conn0.1744.txt matrices/Nr25_Nc25/syntrophy/optimized_alpha=0.005_gamma=0.5/Metamatrices 0.1744 0.5 0.500272816 0.56308568135412 optimized_matrix 0.0026 100000 0.12166 0.12166 0 0 -5.46417586794685e-05
matrices/Nr25_Nc25/consumption/RandTrix_Nr25_Nc25_Nest0.5_Conn0.1248.txt matrices/Nr25_Nc25/syntrophy/optimized_alpha=0.005_gamma=0.5/Metamatrices 0.1248 0.5 0 -nan fully_connected 0 100000 0.1917 0.1917 0 0 -4.31820316159162e-05
matrices/Nr25_Nc25/consumption/RandTrix_Nr25_Nc25_Nest0.5_Conn0.2496.txt matrices/Nr25_Nc25/syntrophy/optimized_alpha=0.005_gamma=0.5/Metamatrices 0.2496 0.5 0.501362496 0.563730805037855 optimized_matrix 0.0026 100000 0.13613 0.13613 0 0 -1.75669652345703e-05
matrices/Nr25_Nc25/consumption/RandTrix_Nr25_Nc25_Nest0.5_Conn0.1744.txt matrices/Nr25_Nc25/syntrophy/optimized_alpha=0.005_gamma=0.5/Metamatrices 0.1744 0.5 0 -nan fully_connected 0 100000 0.2421 0.2421 0 0 -3.09459673645934e-05
matrices/Nr25_Nc25/consumption/RandTrix_Nr25_Nc25_Nest0.5_Conn0.2928.txt matrices/Nr25_Nc25/syntrophy/optimized_alpha=0.005_gamma=0.5/Metamatrices 0.2928 0.5 0.498913408 0.561445044870755 optimized_matrix 0.0026 100000 0.17157 0.17098 0.00059 0 -9.75149845655804e-06
matrices/Nr25_Nc25/consumption/RandTrix_Nr25_Nc25_Nest0.5_Conn0.2496.txt matrices/Nr25_Nc25/syntrophy/optimized_alpha=0.005_gamma=0.5/Metamatrices 0.2496 0.5 0 -nan fully_connected 0 100000 0.25403 0.25403 0 0 -1.02366303411202e-05
matrices/Nr25_Nc25/consumption/RandTrix_Nr25_Nc25_Nest0.5_Conn0.32.txt matrices/Nr25_Nc25/syntrophy/optimized_alpha=0.005_gamma=0.5/Metamatrices 0.32 0.498845265588915 0.497300064 0.559801131172187 optimized_matrix 0.0026 100000 0.18392 0.1754 0.00852 0 -5.33306304189932e-06
matrices/Nr25_Nc25/consumption/RandTrix_Nr25_Nc25_Nest0.5_Conn0.2928.txt matrices/Nr25_Nc25/syntrophy/optimized_alpha=0.005_gamma=0.5/Metamatrices 0.2928 0.5 0 -nan fully_connected 0 100000 0.23618 0.23618 0 0 -7.10870376757317e-06
matrices/Nr25_Nc25/consumption/RandTrix_Nr25_Nc25_Nest0.5_Conn0.3824.txt matrices/Nr25_Nc25/syntrophy/optimized_alpha=0.005_gamma=0.5/Metamatrices 0.3824 0.496305953933073 0.49495056 0.557501210027864 optimized_matrix 0.0026 100000 0.19344 0.18518 0.00826 0 -6.31642259264445e-06
matrices/Nr25_Nc25/consumption/RandTrix_Nr25_Nc25_Nest0.5_Conn0.32.txt matrices/Nr25_Nc25/syntrophy/optimized_alpha=0.005_gamma=0.5/Metamatrices 0.32 0.498845265588915 0 -nan fully_connected 0 100000 0.22028 0.22027 0 1e-05 -4.48981856203875e-06
matrices/Nr25_Nc25/consumption/RandTrix_Nr25_Nc25_Nest0.5_Conn0.416.txt matrices/Nr25_Nc25/syntrophy/optimized_alpha=0.005_gamma=0.5/Metamatrices 0.416 0.504988488104375 0.504755248 0.567321137320389 optimized_matrix 0.0026 100000 0.19082 0.17985 0.01097 0 -6.42249774686463e-06
matrices/Nr25_Nc25/consumption/RandTrix_Nr25_Nc25_Nest0.6_Conn0.12.txt matrices/Nr25_Nc25/syntrophy/optimized_alpha=0.005_gamma=0.5/Metamatrices 0.12 0.6 0.529462608 0.631296148843929 optimized_matrix 0.0026 100000 0.07425 0.07425 0 0 -9.80521825606945e-05
matrices/Nr25_Nc25/consumption/RandTrix_Nr25_Nc25_Nest0.5_Conn0.3824.txt matrices/Nr25_Nc25/syntrophy/optimized_alpha=0.005_gamma=0.5/Metamatrices 0.3824 0.496305953933073 0 -nan fully_connected 0 100000 0.21644 0.21644 0 0 -5.36349522835898e-06
matrices/Nr25_Nc25/consumption/RandTrix_Nr25_Nc25_Nest0.6_Conn0.16.txt matrices/Nr25_Nc25/syntrophy/optimized_alpha=0.005_gamma=0.5/Metamatrices 0.16 0.6 0.501244208 0.563787597994317 optimized_matrix 0.0026 100000 0.07469 0.07469 0 0 -1.36889373192694e-05
matrices/Nr25_Nc25/consumption/RandTrix_Nr25_Nc25_Nest0.5_Conn0.416.txt matrices/Nr25_Nc25/syntrophy/optimized_alpha=0.005_gamma=0.5/Metamatrices 0.416 0.504988488104375 0 -nan fully_connected 0 100000 0.22573 0.22573 0 0 -5.16746209104604e-06
matrices/Nr25_Nc25/consumption/RandTrix_Nr25_Nc25_Nest0.6_Conn0.2048.txt matrices/Nr25_Nc25/syntrophy/optimized_alpha=0.005_gamma=0.5/Metamatrices 0.2048 0.6 0.503371424 0.566238458800141 optimized_matrix 0.0026 100000 0.07832 0.07832 0 0 -7.12953761611791e-06
matrices/Nr25_Nc25/consumption/RandTrix_Nr25_Nc25_Nest0.6_Conn0.12.txt matrices/Nr25_Nc25/syntrophy/optimized_alpha=0.005_gamma=0.5/Metamatrices 0.12 0.6 0 -nan fully_connected 0 100000 0.1622 0.1622 0 0 -5.18577727021643e-05
matrices/Nr25_Nc25/consumption/RandTrix_Nr25_Nc25_Nest0.6_Conn0.3168.txt matrices/Nr25_Nc25/syntrophy/optimized_alpha=0.005_gamma=0.5/Metamatrices 0.3168 0.599869024230517 0.500857664 0.563969828604277 optimized_matrix 0.0026 100000 0.10705 0.10702 3e-05 0 -8.12432679961664e-06
matrices/Nr25_Nc25/consumption/RandTrix_Nr25_Nc25_Nest0.6_Conn0.16.txt matrices/Nr25_Nc25/syntrophy/optimized_alpha=0.005_gamma=0.5/Metamatrices 0.16 0.6 0 -nan fully_connected 0 100000 0.15146 0.15146 0 0 -7.67884845433954e-06
matrices/Nr25_Nc25/consumption/RandTrix_Nr25_Nc25_Nest0.6_Conn0.3712.txt matrices/Nr25_Nc25/syntrophy/optimized_alpha=0.005_gamma=0.5/Metamatrices 0.3712 0.595085995085995 0.502839824 0.565265158044994 optimized_matrix 0.0026 100000 0.14445 0.13616 0.00829 0 -3.28928971151268e-06
matrices/Nr25_Nc25/consumption/RandTrix_Nr25_Nc25_Nest0.6_Conn0.2048.txt matrices/Nr25_Nc25/syntrophy/optimized_alpha=0.005_gamma=0.5/Metamatrices 0.2048 0.6 0 -nan fully_connected 0 100000 0.16371 0.16371 0 0 -3.89192032162585e-06
matrices/Nr25_Nc25/consumption/RandTrix_Nr25_Nc25_Nest0.6_Conn0.44.txt matrices/Nr25_Nc25/syntrophy/optimized_alpha=0.005_gamma=0.5/Metamatrices 0.44 0.6 0.500261616 0.562683873203563 optimized_matrix 0.0026 100000 0.16127 0.15695 0.00432 0 -1.12649991583712e-05
matrices/Nr25_Nc25/consumption/RandTrix_Nr25_Nc25_Nest0.6_Conn0.3168.txt matrices/Nr25_Nc25/syntrophy/optimized_alpha=0.005_gamma=0.5/Metamatrices 0.3168 0.599869024230517 0 -nan fully_connected 0 100000 0.20018 0.20018 0 0 -4.93878039736416e-06
matrices/Nr25_Nc25/consumption/RandTrix_Nr25_Nc25_Nest0.6_Conn0.3712.txt matrices/Nr25_Nc25/syntrophy/optimized_alpha=0.005_gamma=0.5/Metamatrices 0.3712 0.595085995085995 0 -nan fully_connected 0 100000 0.19831 0.1983 0 1e-05 -2.3607607632966e-06
matrices/Nr25_Nc25/consumption/RandTrix_Nr25_Nc25_Nest0.6_Conn0.44.txt matrices/Nr25_Nc25/syntrophy/optimized_alpha=0.005_gamma=0.5/Metamatrices 0.44 0.6 0 -nan fully_connected 0 100000 0.18009 0.18009 0 0 -9.64345004993197e-06
# File last opened on Wed May 22 22:15:21 2024
# We are writing, in that order, G-matrix location, A-matrix location, G connectance, G nestedness, A connectance, A nestedness, A-mode, alpha0 value, total number of simulations, proportion of feasible, stable, unstable, marginal and dominant eigenvalue
